Anzahl_Slots,Max_Domains,Max_Events,Mean_Cosine_Prev_Pseudonym,Avg_Utility_ThirdParty,Total_Resets,Total_Segments,kNN_Accuracy_k1,kNN_Accuracy_k3,kNN_Accuracy_k5,kNN_Accuracy_k10,kNN_Accuracy_k20,Utility_Score,Privacy_Score_k1,Privacy_Score_k3,Privacy_Score_k5,Privacy_Score_k10,Privacy_Score_k20,Privacy_Score_Avg,Pareto_Member,Chord_Distance,Plateau_Member
15,125,700,0.7526833022766335,322.44062625405377,520811,520811,0.0243677648897584,0.0495074028774353,0.0644379630998577,0.0923156384945786,0.1334150008352358,0.9964314608835491,0.6652637755047777,0.6703263963922355,0.6817533362038186,0.7048293337454905,0.7277124136061948,0.6899770510905034,True,0.023279513419069652,True
15,140,700,0.75361880447784,322.6611810819379,520455,520455,0.0244881882199229,0.049625808187067,0.0645070178978009,0.0927572989019223,0.1339020664610773,0.9968332772938243,0.6618461723303195,0.6674698534235265,0.6794074740919273,0.7008450677313989,0.7241229813086051,0.6867383097771554,True,0.01672820262501283,True
15,200,300,0.7563881044111782,323.52585615646626,519064,519064,0.0246559191159471,0.0498088867654085,0.0648744663471171,0.0932621025538276,0.1351875683923369,0.9984081709096121,0.6540503946276668,0.6603144827934175,0.6714972577543039,0.6927716488749405,0.7140278787642367,0.6785323325629131,True,0.000244706882615159,True
15,200,450,0.7573119766816445,323.78472724328014,518649,518649,0.0243478730316649,0.0496540049243322,0.0646352350047912,0.0930359453117619,0.1346575429625816,0.998879544755616,0.655925877276601,0.6596050195862972,0.6710020180529725,0.6919074695597276,0.713913711730022,0.6784708192411241,True,0.00021648594977816495,True
15,200,700,0.7573608734662869,324.2072945887141,517973,517973,0.0244008857604546,0.0497361831601261,0.0646307819133429,0.0928967339996486,0.13457072086769,0.999648865821097,0.6551727362562851,0.6588653979048626,0.6709271733228863,0.6924516261286277,0.7141070874608848,0.6783048042147094,True,3.600184141285884e-05,True
15,200,800,0.757478307521983,324.4001912433717,517665,517665,0.0243864275158645,0.0497194131339766,0.0646074198564708,0.0928341688157399,0.1345078380806119,1.0,0.6551074154838931,0.6587525562397137,0.6708224718586588,0.6924985611221613,0.7140773431520111,0.6782516695712877,True,0.0,True
15,105,300,0.7599338075605541,261.8245876897843,641386,641386,0.0211557470852185,0.0426810064454166,0.0570155881169841,0.0891428874343998,0.1558297187652988,0.8840116041317876,0.6897525024378921,0.70834618945778,0.7107193482515541,0.704527882070143,0.6366445424686529,0.6899980929372044,True,0.0,True
15,140,800,0.7540394552870272,322.6463027326751,520479,520479,0.0244486328939304,0.0496062281091071,0.0644790663984521,0.0929317032963866,0.1340457540073663,0.9968061726058375,0.6614617428925718,0.6667511068170424,0.6787022297949838,0.6991656746636961,0.7227645690170168,0.6857690646370622,False,-1.0,True
15,140,450,0.753640036456564,322.3719194044406,520922,520922,0.0243875282671877,0.0496542668576101,0.0645739669278702,0.0929659334794844,0.1341371644891173,0.9963062790495922,0.6630400605862842,0.6672048196843501,0.6789668564038623,0.6998338800696086,0.7232812923215706,0.6864653818131352,False,-1.0,True
15,125,800,0.7530295041026764,322.3632557550256,520936,520936,0.0243734355083925,0.0495070411720441,0.0644052244421579,0.0925296005651366,0.1335634319762888,0.9962904938447544,0.664477317920252,0.6696124818715481,0.6812305830667306,0.7031206788848402,0.7264920333925496,0.688986619027184,False,-1.0,True
15,125,450,0.7523976637530242,322.09553118808367,521369,521369,0.0244203241849822,0.0496769082933584,0.0645799807813659,0.0924105575897301,0.1334870312580916,0.9958026661381321,0.6652087822656125,0.6696009543471892,0.6815032476030326,0.7049806309995363,0.728059343531479,0.6898705917493698,False,-1.0,True
15,140,300,0.7528057596223355,321.7622708173264,521909,521909,0.0247035402723463,0.0498630987394354,0.0648906226947609,0.0932250641395339,0.134607757291022,0.9951953359990685,0.6608811337990912,0.6673096926258423,0.6788178839381732,0.7003597092953562,0.7234116408903395,0.6861560121097605,False,-1.0,True
15,125,300,0.7514956254405023,321.3331362441304,522606,522606,0.0247854023872668,0.0499075785582255,0.0648251263858432,0.0929419103492879,0.1341163323804166,0.9944131415490638,0.6625867578579425,0.6696764612866664,0.6819182445019095,0.7043847188453423,0.7277914470157425,0.6892715259015206,False,-1.0,True
15,105,800,0.7609094033416766,262.7857802328493,639040,639040,0.0207780420630946,0.0425826239359038,0.0566365172759138,0.0890022533800701,0.1556897846770155,0.8858321871358701,0.6923775200398461,0.7070907364442791,0.710945554367136,0.7031601357261688,0.6350996387946732,0.6897347170744206,False,-1.0,True
15,105,700,0.7608431894577942,262.7606982307961,639101,639101,0.0208495996720393,0.042666182653446,0.0567406403682673,0.0890892049926381,0.1558001004536059,0.8857846986846649,0.6916346352917333,0.7065786985153593,0.7104657211820022,0.7028941064163395,0.6348623951456931,0.6892871113102255,False,-1.0,True
15,105,450,0.760331124606942,262.5770466016624,639548,639548,0.0210117145233821,0.0427661410871427,0.0570058854065683,0.089424093265869,0.1560445814856742,0.8854369549224239,0.6907011656949091,0.7068622841349642,0.7099542895567894,0.7024016631139678,0.6350929256508927,0.6890024656303047,False,-1.0,True
15,60,450,0.7425073605173259,151.13009667322433,1111166,1111166,0.0187280748331032,0.0425903960344359,0.0643702201111265,0.1064737401972342,0.1829600617729484,0.6569012929804843,0.7556833763185298,0.7451271921102041,0.7032214476855317,0.6602589666196321,0.5806631002870196,0.6889908166041835,False,-1.0,True
15,60,800,0.7427665100840208,151.12479245503755,1111205,1111205,0.0187085191301335,0.0425250066369391,0.0642590701085758,0.1063854104328184,0.1827430582115811,0.6568889692577959,0.7553873538645373,0.745098658428754,0.7033434890462109,0.6601319599248849,0.5808629312742772,0.6889648785077329,False,-1.0,True
15,60,700,0.7428072626602441,151.11785673148222,1111256,1111256,0.0187004614598256,0.0425212552283182,0.0642696192416509,0.1063931263363257,0.1827697668224063,0.6568728545646353,0.7554020732755513,0.745043432829549,0.7031966191099608,0.6600118208847965,0.5806879357184813,0.6888683763636678,False,-1.0,True
15,60,300,0.741955221432459,150.9598676398012,1112419,1112419,0.0187797943041246,0.0426673762314379,0.0643930029961732,0.1064958437423309,0.1830596205206851,0.6565056664743316,0.7561904334679181,0.7456722454691985,0.7042295288126221,0.6612995603838969,0.5814683440689232,0.689772022440512,False,-1.0,True
20,60,300,0.7471168776518329,147.96601455424005,1134927,1134927,0.0181412549000948,0.0415824101462032,0.0630357723448292,0.1046640004158857,0.1802397863474919,0.6495065167915139,0.7533568124991278,0.7434147723114133,0.7015849813157138,0.6591060861227827,0.5803506718991064,0.6875626648296287,False,-1.0,True
5,45,450,0.7768754495128026,110.02479528899336,1526298,1526298,0.0292623065744697,0.0600184236630068,0.0876879875358547,0.1294616123456887,0.2181002661341363,0.5515307565313206,0.5549904220352294,0.5385888241303785,0.49391690286775547,0.48253640083893223,0.39027498833862634,0.49206150764218437,False,-1.0,False
5,45,300,0.776643858645917,109.97651882685165,1526968,1526968,0.0292985838603035,0.0600353118074511,0.0877339931157693,0.1295442995531013,0.2182298515751476,0.5513910578559078,0.555023761076278,0.53893708136433,0.4941237782769761,0.48263251308571764,0.39031473068681805,0.49220637289802405,False,-1.0,False
5,45,200,0.776491601279409,109.8688781678862,1528464,1528464,0.0294341247160548,0.0602133906981126,0.0879000094212228,0.1297629515644464,0.2184506798982508,0.5510793903958077,0.5536721878729285,0.5378689048056419,0.4934553693448182,0.4819340508403674,0.38988062794042005,0.4913622281608352,False,-1.0,False
5,45,150,0.7762610934540278,109.72250626101354,1530503,1530503,0.0295536826781783,0.0604579017486408,0.0882004151576311,0.1301624367936554,0.2189652682810814,0.5506551671903887,0.5526791588362787,0.5364466549271273,0.4921527227855887,0.4805592418709504,0.3886117380218768,0.49008990328836444,False,-1.0,False
5,45,100,0.7754128591468551,109.3121134659811,1536249,1536249,0.0299866753371361,0.0608924725093393,0.0887089267429954,0.1306526481058734,0.2195262616932541,0.5494631990834994,0.5491105834927507,0.5348267942538949,0.4908959310711647,0.48004267415922675,0.388464235142689,0.48866804362394517,False,-1.0,False
5,45,50,0.7723639865465656,107.567574578968,1561164,1561164,0.0311549587359175,0.0628153096023223,0.0907201293393903,0.1330020420660481,0.2219042970501497,0.5443534950798136,0.541055802831874,0.5262013626992139,0.4852918098523824,0.4754627874340713,0.38670702623537473,0.4829437578105833,False,-1.0,False
5,30,700,0.7752945487372578,85.3845749040552,1966756,1966756,0.0433953169584839,0.0823538862980461,0.1186766431626495,0.1689467325890959,0.2580350587464841,0.4716208322669858,0.38446567653984526,0.3683509585369227,0.3135869879310638,0.3027558172019114,0.25804130540083925,0.3254401491221165,False,-1.0,False
5,30,450,0.7753107888808202,85.37732539606279,1966923,1966923,0.0434338304041388,0.0823860415481439,0.1187189330746551,0.1688479925243642,0.2582307492464117,0.4715940519634024,0.3839584447011813,0.3680675426503679,0.31330280587882486,0.3031799560479694,0.25734366819315385,0.3251704834942994,False,-1.0,False
5,30,300,0.7752055889154708,85.34456603163729,1967678,1967678,0.0434588382855324,0.0824006773465983,0.118716578627194,0.1688391088379298,0.2582719327044364,0.471473005145626,0.3838687059935184,0.36817163621438487,0.3135345458462649,0.30343893116103793,0.25742171493158056,0.32528710682935735,False,-1.0,False
5,30,200,0.7750824512795982,85.28514272626025,1969049,1969049,0.0435245643963151,0.0825063266581989,0.1188304607960492,0.1689836057914252,0.2584694438787455,0.4712533049054484,0.38331537922685166,0.3676058362035233,0.31311473811809676,0.3030239674369972,0.25700644669297945,0.32481327353568973,False,-1.0,False
5,30,150,0.7749601376192495,85.20794252988458,1970833,1970833,0.0436307896204295,0.0826361239130865,0.1189197664134911,0.169128992664523,0.2586870627800529,0.4709676302237603,0.3822623176319534,0.3668507395634607,0.3128388366485996,0.30260317220059807,0.25652124317796227,0.32421526184451477,False,-1.0,False
5,30,100,0.7743764144035757,85.0053960230399,1975529,1975529,0.0437989014587991,0.0828517323714306,0.1191574509916078,0.1694498030654067,0.2590131554636758,0.47021677282053315,0.3814034521405871,0.36638426069980395,0.3126390470370586,0.30232434480884807,0.2566232001685423,0.32387486097096796,False,-1.0,False
5,30,50,0.7722061870570822,84.06370907146815,1997659,1997659,0.0445816828597873,0.0838411360497462,0.120080554288795,0.1704179742388465,0.2598816915199241,0.4666998850884707,0.3762702825317972,0.3631910943552044,0.31166272277502205,0.3023288063434026,0.25816900141624305,0.32232438148433384,False,-1.0,False
5,20,700,0.7770772120523287,61.81096471565148,2716842,2716842,0.0569197619883673,0.101865327464755,0.1351797417737211,0.1881331339842361,0.270357275101018,0.3664426574817747,0.21446121129677814,0.21308779176834147,0.21211823746384495,0.2101168941464665,0.21253906206809953,0.2124646393487061,False,-1.0,False
5,20,800,0.7770542824560014,61.81044144629932,2716865,2716865,0.0569115506291258,0.1018519506858088,0.1351612980402044,0.1881131377525199,0.2703259087220013,0.3664397678224591,0.21460965869282672,0.21323917788950586,0.21227498360421415,0.21025706689343754,0.21269296431287282,0.2126147702785714,False,-1.0,False
5,20,450,0.7770480716891169,61.80575516797316,2717071,2717071,0.056923061635121,0.1018508533637877,0.1351793898650421,0.1877326724255641,0.2705071012130342,0.3664138871898889,0.2144809624542407,0.21326056016309403,0.2121806503079658,0.21203376609811203,0.21209100067940523,0.21280938794056356,False,-1.0,False
5,20,300,0.7769893615944642,61.79558884246581,2717518,2717518,0.0569298897008225,0.1018524992290759,0.1351700338323426,0.1877378549102526,0.2705468740225455,0.3663577328368326,0.21451854039277285,0.21336931901307377,0.21235762787306445,0.21213128462696884,0.2120775883604491,0.2128908720532658,False,-1.0,False
5,20,200,0.7768918409067522,61.77351646447714,2718489,2718489,0.0569345691669158,0.1018484900987276,0.135189070104753,0.1877649679656603,0.270602897418382,0.36623577037075156,0.21466288790242155,0.21360235574747272,0.21244673325734637,0.21220748043033572,0.2120893822685611,0.21300176792122755,False,-1.0,False
5,20,150,0.7767978034744486,61.748712393563565,2719581,2719581,0.0569778947565819,0.1019212150695272,0.1352689991583262,0.1878782062383874,0.270696846315664,0.36609864134720416,0.2143247819456694,0.21323208036289587,0.21216784754687673,0.2118771875862404,0.21196527634046491,0.21271343475642945,False,-1.0,False
5,20,100,0.7764803975031539,61.66816861313788,2723133,2723133,0.0570758020265627,0.1020104416493796,0.1353496138455228,0.1879467510400704,0.2707991126397425,0.3656528265553439,0.21377789846455209,0.2131960426966068,0.21234732832532682,0.21221652291373655,0.2122753765177282,0.2127626337835901,False,-1.0,False
5,20,50,0.7752096597137574,61.31880584872536,2738648,2738648,0.0573144120748632,0.1023132582208447,0.1356034072286763,0.1882428848103151,0.2712210550607453,0.3637096414734206,0.21347438869064833,0.21347438869064833,0.21347438869064833,0.21347438869064833,0.21347438869064833,0.21347438869064833,False,-1.0,False
5,15,800,0.7822216839976379,44.32716429682328,3788436,3788436,0.0501510385816204,0.0922618199172428,0.1215715403401298,0.1739849901120145,0.2445238615618688,0.24340079770188516,0.2870477637392174,0.2770413004904659,0.28209428713936785,0.2650574979340852,0.2895465306339036,0.280157475987408,False,-1.0,False
5,15,700,0.782225025829209,44.327105793649686,3788441,3788441,0.0501472769405673,0.0922585306198512,0.1215705880070456,0.1739808010735814,0.2445227469558058,0.243400262379521,0.2870871032703417,0.2770599346288124,0.2820930111315398,0.2650699999340872,0.28954339428234677,0.2801706886494256,False,-1.0,False
5,15,450,0.7821966879592885,44.32570176380953,3788561,3788561,0.0501559827068905,0.0922542886335999,0.1215796710149315,0.1737002518898336,0.2446585920089448,0.24338741472064418,0.2870387124923427,0.2771515545393981,0.2820978622583587,0.2664292954590805,0.28914111199240206,0.2803717073483164,False,-1.0,False
5,15,300,0.7821709556788083,44.32206340039991,3788872,3788872,0.0501518657795776,0.0922419654187314,0.1215712750391145,0.1736989267518142,0.2446546096041249,0.24335411856710423,0.2871426117641883,0.27730055841462237,0.282200879316013,0.26648871107145455,0.2892078973271759,0.2804681315786908,False,-1.0,False
5,15,200,0.7821628836043075,44.3163672272804,3789359,3789359,0.0501253642106752,0.0920432716984587,0.121379631753022,0.1734789445919481,0.2444772321651234,0.24330198159086697,0.28748522022796585,0.2788608011933344,0.2833530460192369,0.2675252619532772,0.2898264847996434,0.2814101628386915,False,-1.0,False
5,15,150,0.7820694552413433,44.30820565495453,3790057,3790057,0.0501514884868486,0.0920706469586077,0.1214140051191842,0.1735021399414309,0.2445092514439756,0.2432272597838443,0.2873573827376344,0.2788415594081077,0.2833428094663606,0.26761114814757725,0.28991125722411654,0.2814128313967593,False,-1.0,False
5,15,100,0.7819835796951422,44.28482502113628,3792058,3792058,0.0502125758624999,0.0923340307558586,0.121728887058162,0.1737323110564237,0.2447312251025696,0.24301307812359854,0.28678395795445627,0.2769732735519153,0.2816549687455711,0.2667218562381354,0.289335841155715,0.28029397952915863,False,-1.0,False
5,15,50,0.781398833529737,44.16527080944991,3802323,3802323,0.0503594776140796,0.0925102891048445,0.1219065292454112,0.1739092128680283,0.245065187781259,0.24191499044744344,0.2861880366305513,0.27681459969478645,0.2818130383554915,0.2671123083818445,0.2894132114793746,0.2802682389084097,False,-1.0,False
5,10,800,0.7803348973579032,29.51462394698671,5689743,5689743,0.0479392478711252,0.0833624647018327,0.1061285193373409,0.1474122820661671,0.2141003556751157,0.052333162298747495,0.3181528968600884,0.35008113915596245,0.37749781047806774,0.39215497969923996,0.39668554243989324,0.3669144737266503,False,-1.0,False
5,10,700,0.7803350393664166,29.514613572313,5689745,5689745,0.0479390552652183,0.083362259644325,0.1061284820321473,0.1474122302493345,0.2141002804167849,0.0523329700645518,0.3181549713959734,0.35008243813080037,0.37749773751215926,0.39215492592948537,0.3966855038129435,0.3669151153562724,False,-1.0,False
5,10,450,0.7803357076104463,29.514566886371536,5689754,5689754,0.047932300763794,0.0833457826120426,0.1061218112417514,0.1472109338997784,0.2142059217322928,0.05233210501082295,0.31823664996832857,0.3502090548154001,0.37753587743455236,0.39308675454698905,0.3963256587853308,0.3670787991101202,False,-1.0,False
5,10,300,0.7803304056010938,29.514307522719587,5689804,5689804,0.0479357461170894,0.0833503227879202,0.1061716712913133,0.1471762471958612,0.2141606283801691,0.05232729916129414,0.3182052579751594,0.3501847614156264,0.37725144118693743,0.3932585389666405,0.39649032445211246,0.3670780647992953,False,-1.0,False
5,10,200,0.7803129360754796,29.51378362204641,5689905,5689905,0.0479428039659713,0.0833613214983378,0.1061791014085472,0.1471811919531169,0.214168602111986,0.052317591368614996,0.3181546319099266,0.3501354853626,0.37724358523194784,0.3932717813071058,0.3964994343127843,0.36706098362487294,False,-1.0,False
5,10,150,0.7803080725454525,29.513036706713773,5690049,5690049,0.0479482689867872,0.0833671203885941,0.1061876620043166,0.1471894178767177,0.2141749570170661,0.05230375060934697,0.31809749573503904,0.3501005060087798,0.3772029338097944,0.39324371456037954,0.39648793960383366,0.3670265179435653,False,-1.0,False
5,10,100,0.7802710689101379,29.5108065595181,5690479,5690479,0.0479618675334712,0.0833843688729894,0.1062049433799861,0.1472023708373231,0.2142067477975052,0.05226242094244771,0.31800687736249306,0.35004311972865215,0.37717715123515944,0.39326027127771346,0.39645667406562185,0.36698881873392797,False,-1.0,False
5,10,50,0.7801079518732549,29.49988370838842,5692586,5692586,0.0480314219231821,0.0834592573568497,0.106297911002135,0.1473163514789236,0.2143249131414088,0.052059913760222815,0.31748924053460353,0.3497990493807622,0.3769640261772407,0.3930695488670884,0.3963934090728277,0.36674305480650454,False,-1.0,False
5,5,800,0.763891953358595,27.053447799509133,6207365,6207365,0.0491740053952039,0.0849755089317286,0.108732449275981,0.1510897135902271,0.2173867655599437,0.002957168883902024,0.33700974385483184,0.3715913800180202,0.3961109542548553,0.4091473751695191,0.41957512020519305,0.3866869147004839,False,-1.0,False
5,5,700,0.7638922910544615,27.05343908294773,6207367,6207367,0.0491738284525467,0.0849753204539058,0.1087324142426249,0.1510896649094535,0.2173866955184057,0.0029569794366166788,0.3370112206535505,0.3715921450735178,0.39611046270689954,0.4091469017391839,0.41957465875487016,0.3866870777856044,False,-1.0,False
5,5,450,0.7638922016615785,27.05342600811616,6207370,6207370,0.0491673607340951,0.0849602971951083,0.1087244678503134,0.1509009451667936,0.2174835719475397,0.0029566952657064218,0.3370909410729446,0.3717090367674823,0.39615772886238493,0.410021993569287,0.4192461231948018,0.3868451646933801,False,-1.0,False
5,5,300,0.7638873576605338,27.05340421675829,6207375,6207375,0.0491716707948206,0.0849700557804224,0.1087796371251938,0.1503720977063573,0.2169525765722225,0.002956221647569828,0.3370479673374057,0.3716432565032739,0.3958408881212525,0.4124837643995533,0.4210579224002646,0.38761475975235,False,-1.0,False
5,5,200,0.7638791815522287,27.05325167823617,6207410,6207410,0.0491750987932164,0.0849727986390459,0.1087822457353388,0.1503759216807009,0.2169566695288373,0.0029529063222657197,0.33702273886618483,0.37163887548010416,0.3958423591175072,0.412482963002874,0.421060960789553,0.38760957945124463,False,-1.0,False
5,5,150,0.7638763064028121,27.053099141434195,6207445,6207445,0.0491786878498319,0.0849773135323792,0.1087867874785841,0.1503800678056752,0.2169607624392966,0.0029495909998527923,0.3369845555056406,0.3716097542779434,0.3958214023015722,0.41246969380131726,0.4210530250243805,0.3875876861821708,False,-1.0,False
5,5,100,0.7638782463631184,27.05248901142715,6207585,6207585,0.0491825726107657,0.0849842571628096,0.108793355225905,0.1503837643785787,0.216970206610139,0.002936329739111913,0.33693276730413096,0.3715517972017049,0.3957784732572534,0.4124485402462601,0.42101696290688473,0.38754570818324685,False,-1.0,False
5,5,50,0.7637874721551591,27.04839749351053,6208524,6208524,0.0492144348640675,0.0850234290791176,0.108839878850432,0.1504312458162358,0.2170171203332708,0.0028473857642259395,0.33672887352956427,0.3714354195513358,0.39569075362287587,0.4124163411087134,0.42104570081098075,0.38746341772469395,False,-1.0,False
10,45,450,0.750784805959741,105.58872110672512,1590422,1590422,0.0266231226680717,0.0555229995560926,0.0821649851423081,0.1222920709094818,0.2078618127767347,0.5384703903672906,0.6414593686011016,0.6275252196363045,0.5806539586401241,0.5697886317668849,0.47903021763852094,0.5796914792565871,False,-1.0,False
10,45,300,0.7506236629849172,105.54094166328336,1591142,1591142,0.0266512982499362,0.0556028311740875,0.0822579003005388,0.1223837972977898,0.2080141181616725,0.5383271571493619,0.641446491814629,0.627238662261075,0.5804370576201127,0.5696969935124636,0.4788470220230763,0.5795332454462714,False,-1.0,False
10,45,200,0.7502416893863052,105.436309937522,1592721,1592721,0.0267535871003144,0.0557655735059687,0.0824777220869191,0.1226398094832679,0.2083189711192355,0.5380132929587949,0.6409793979482826,0.6267651962392414,0.5799254299816011,0.5693008991665653,0.478603377367922,0.5791148601407226,False,-1.0,False
10,45,150,0.7496422357198858,105.29437232422995,1594868,1594868,0.0269075559858245,0.0560265802561716,0.0827328656666257,0.1229167554932445,0.2086298050998578,0.5375870837710471,0.640327018296375,0.6259786114206831,0.5796547645764496,0.5692579935330743,0.4787896760833575,0.5788016127819879,False,-1.0,False
10,45,100,0.7482269667136761,104.88957685180038,1601023,1601023,0.0271838693135576,0.0564239239536221,0.0831830648279256,0.1235453831706352,0.2093074240657379,0.5363687775625341,0.6398590764630324,0.6258218490143695,0.5799173682338175,0.5692736297438463,0.47942034363136116,0.5788584534172855,False,-1.0,False
10,45,50,0.7433202793243058,103.28776850537442,1625852,1625852,0.0283408329909487,0.0580852377707196,0.0850495617067236,0.1257359218428245,0.2114718928906198,0.5315064874527444,0.6357896389966176,0.623074175308496,0.5790167463943106,0.56927633924411,0.4822339490315794,0.5778781697950227,False,-1.0,False
10,30,450,0.7441611916707919,83.2875186730388,2016276,2016276,0.041204180380067,0.0787714578758066,0.1142303930612674,0.1630500983000343,0.2507082363724014,0.46376818993632635,0.4758645375785404,0.4606345202691709,0.40438413897906356,0.39454651539468594,0.3473564812251915,0.4165572386893304,False,-1.0,False
10,30,300,0.7440399833539458,83.2654249704112,2016811,2016811,0.0412200250791968,0.0788199786692952,0.1142873576155623,0.1631169207228639,0.2508321305268565,0.4636842973143137,0.4759206223941332,0.4605085230550294,0.4042975647429621,0.3944876574603643,0.34718701572538374,0.4164802766755745,False,-1.0,False
10,30,200,0.7438631839480381,83.20012098727999,2018394,2018394,0.0412778674530344,0.0789290891669317,0.1144038279939397,0.1632297757524051,0.2509599216010352,0.46343618453711727,0.475575337447993,0.4600269284682032,0.4039735155806718,0.39433047932628906,0.34711941467857144,0.41620513510034574,False,-1.0,False
10,30,150,0.743375920852681,83.11706133059066,2020411,2020411,0.0414351337425899,0.0791007374242171,0.1146123239281512,0.1635028714454633,0.2512147280924525,0.4631202976145034,0.47465014614111806,0.45970225328748215,0.40374696738458793,0.39407316125404285,0.34726356304689554,0.41588721822282537,False,-1.0,False
10,30,100,0.7427401043490102,82.92002269392044,2025212,2025212,0.0416129274367325,0.0793546552163427,0.1148373602368542,0.1637566832509386,0.2515874881247,0.46236952086255545,0.47378006628359376,0.459046018474995,0.4037299628633153,0.39421278621262923,0.34731501475696064,0.41561676971829875,False,-1.0,False
10,30,50,0.7392274111200003,82.03967719683587,2046944,2046944,0.0421990049556802,0.0801844114934263,0.1156006221958197,0.1646859904325668,0.2524983585286163,0.4589905187373706,0.47384505989351694,0.45987229664476964,0.40647991292112906,0.3971766618632199,0.3514964075335356,0.4177740677712342,False,-1.0,False
10,20,450,0.7378506328632369,61.14926730756696,2746241,2746241,0.0554328625929042,0.0994016912572494,0.1323838658005615,0.1841316912827388,0.2661987786213955,0.36276106991127754,0.31395486405904327,0.31343512670753143,0.30989218312605277,0.30987645820689524,0.30785848448649433,0.31100342331720343,False,-1.0,False
10,20,300,0.7377217306439479,61.14154179658544,2746588,2746588,0.0554269515486123,0.0994000556326613,0.1323773350790144,0.1841357349555157,0.2662448827417872,0.3627177578495293,0.3142944136762718,0.3137146927298116,0.31019773643773235,0.31012457153849604,0.30796890405284,0.31126006368703035,False,-1.0,False
10,20,200,0.7376894555492058,61.11521848072492,2747771,2747771,0.0554736912209933,0.0994478797541716,0.1324065942904266,0.1841885659321682,0.2663260511883996,0.36257012206917316,0.3137864602934335,0.31340999352093196,0.31009119786067063,0.3099464640809395,0.3077603011972249,0.31099888339064014,False,-1.0,False
10,20,150,0.7373991690425481,61.091273508029545,2748848,2748848,0.055477058025762,0.099487130608895,0.1324489386099195,0.1842444544041722,0.2663828629302165,0.3624357479701241,0.3143460234394844,0.31370604301728844,0.31044128030462614,0.3102883302130158,0.308168493564332,0.31139003410774935,False,-1.0,False
10,20,100,0.7369576697978601,61.00343613026127,2752806,2752806,0.0555048194460488,0.0995384346009126,0.1324579356482076,0.184295951113155,0.2664760974801711,0.36194219056191246,0.3149186473316812,0.31422150716388003,0.3113019881965052,0.31096360480349,0.308766144434557,0.3120343783860227,False,-1.0,False
10,20,50,0.7351451102450582,60.6371644892061,2769434,2769434,0.0557081338641758,0.0997954816760392,0.1327097883538658,0.1846276170509931,0.2669068842225523,0.3598733111199648,0.3161708844553159,0.315977115346166,0.3135622533636564,0.31317844966921277,0.31105685270081107,0.3139891111070324,False,-1.0,False
10,15,450,0.7393414549773825,44.15471498977712,3803232,3803232,0.0491747545245727,0.0907875196674828,0.1199282610158938,0.1717115863560256,0.2424238121681769,0.24181780339975767,0.38782620521035555,0.3772670508261949,0.38060325319068744,0.36436982399481,0.38544520967257007,0.3791023085789236,False,-1.0,False
10,15,300,0.7392993288244223,44.1508957001084,3803561,3803561,0.0489812047184204,0.090592999560149,0.119738581818459,0.1715261040903511,0.2422650773840619,0.24178262997973105,0.3902935533155419,0.3788653717874636,0.3818142834480692,0.36531693345663024,0.3860710394415679,0.38047223628985455,False,-1.0,False
10,15,200,0.7392151680835614,44.14428025743593,3804131,3804131,0.048993843797703,0.0905962491827962,0.119734047013628,0.1715075006617805,0.2422787227884633,0.24172169385600858,0.3903123607897037,0.37901436121948806,0.3820153852222417,0.36557741294096724,0.3861989717106996,0.38062369837662,False,-1.0,False
10,15,150,0.7391149787832219,44.13563674611209,3804876,3804876,0.049012635365778,0.0906202987955455,0.1197600132041096,0.1715425154459698,0.2423516561380712,0.24164205429591837,0.39028869250601744,0.37903495121307273,0.38206895665798707,0.3656225009401557,0.38615891154211224,0.38063480257186905,False,-1.0,False
10,15,100,0.7389969182161075,44.10926306836792,3807151,3807151,0.0490878875043306,0.0906859223603161,0.119829237138217,0.1716136291941139,0.2424429711351086,0.24139889485708205,0.3896077106928249,0.37876957626403224,0.3819032309488768,0.36553723174590697,0.38609347685053386,0.3803822453004349,False,-1.0,False
10,15,50,0.7381276593876331,43.99065362538429,3817416,3817416,0.0492686676013303,0.090902589605115,0.1200461254419219,0.1718219863907941,0.2427836002154337,0.24030239512262627,0.389184190213176,0.37888600248041376,0.38241778605419185,0.36637086877577346,0.38673723916372954,0.3807192173374569,False,-1.0,False
10,10,450,0.7367474463526116,29.437039100298893,5704739,5704739,0.0475027867182004,0.0825759075042697,0.1052610820582677,0.1462347357170941,0.2130767069273458,0.0508921339450381,0.4137571106169393,0.44642835533645636,0.47287416427176515,0.487851025429594,0.49039591050887293,0.4622613132327255,False,-1.0,False
10,10,300,0.7367504413060982,29.436837857669484,5704778,5704778,0.0473774790184648,0.0824415954485871,0.1051276666681858,0.1461033190073303,0.2129521955105001,0.050888387165737875,0.4152918543581602,0.4474655443123498,0.4736584285874445,0.48845407441190575,0.49081220173678203,0.46313642068132843,False,-1.0,False
10,10,200,0.7367225302428437,29.436409581232567,5704861,5704861,0.0473829248425158,0.0824482840160347,0.1051329734414212,0.1461141647447676,0.2129657497351819,0.05088041326621109,0.4152826684110276,0.4474713677532474,0.4736847696975362,0.48846157633968396,0.4908239924914922,0.4631448749385975,False,-1.0,False
10,10,150,0.7367044426373958,29.43527961045244,5705080,5705080,0.0473863644331017,0.082453006793945,0.1051394546614596,0.1461202998029826,0.2129712466783989,0.050859373800531064,0.41527781666609376,0.44747212521109003,0.4736838153849186,0.488470580011936,0.49084278615901683,0.4631494246866111,False,-1.0,False
10,10,100,0.7366652264766701,29.43334493042185,5705455,5705455,0.0473986737254084,0.0824730017150253,0.1051625155224254,0.1461453994466699,0.2130007159814598,0.05082334765678098,0.4152076330985338,0.4473979840034529,0.4736283707753219,0.4884354050564843,0.4908239783276177,0.4630986742522821,False,-1.0,False
10,10,50,0.7364697710065156,29.421103014824023,5707829,5707829,0.0474581491491773,0.0825578341607641,0.1052578835140296,0.1462440448023232,0.2131186831280334,0.05059528806392778,0.41488088879816376,0.4471436136659083,0.47346797256361023,0.4883827258442694,0.4908283345042273,0.4629407070752358,False,-1.0,False
10,5,300,0.7169317376331347,27.016453060032678,6215865,6215865,0.0488239368132995,0.0844854256004594,0.1082204970667799,0.1503557429255622,0.2176934344616558,0.0021521030465178697,0.4385340306133614,0.4726179364647787,0.4963635832339915,0.5097694659955988,0.5157539276876633,0.48660778879907873,False,-1.0,False
10,5,450,0.716936147993101,27.016448713662747,6215866,6215866,0.0489394398141787,0.0846110582177929,0.1083448388366158,0.150483939003833,0.21700049518442,0.002152008342894499,0.4371045271614555,0.47163284195431776,0.49561774779996864,0.5091660170441759,0.5180960753068411,0.48632344185335175,False,-1.0,False
10,5,200,0.7169184519934998,27.016257474770388,6215910,6215910,0.048825513882923,0.0844883532740982,0.108225987828009,0.1503596416293028,0.217697810939991,0.0021478413857938185,0.43854214154222776,0.4726226977334623,0.4963585559591315,0.5097788961607661,0.5157665820405741,0.48661377468723244,False,-1.0,False
10,5,150,0.7169103746642136,27.015970621508192,6215976,6215976,0.0488277303515972,0.0844908345849469,0.1082282170973633,0.1503630322896999,0.2177003257412834,0.002141590958674978,0.43853160709562644,0.47262014401978214,0.4963620699909665,0.5097798991149396,0.5157747709215053,0.48661369822856404,False,-1.0,False
10,5,100,0.7169342592623529,27.01521440119688,6216150,6216150,0.0488368202183023,0.0845011783821175,0.108240792130177,0.1503723365748896,0.2177091929892296,0.0021251126089825434,0.43837037935342327,0.47249034221040725,0.4962381178608744,0.5096873172548304,0.5156952355256103,0.48649627844102905,False,-1.0,False
10,5,50,0.7167872203411594,27.0104911554763,6217237,6217237,0.0488649539980541,0.0845414128494699,0.1082908694006678,0.1504256633613934,0.2177698871701368,0.0020221718854642463,0.43832881769977405,0.47248219227492805,0.49624582548114543,0.5097445010494328,0.515793695680268,0.4865190064371097,False,-1.0,False
15,90,700,0.751055841197458,241.20096606422905,696227,696227,0.0233903597533563,0.0483032114525865,0.066169510806102,0.1014582887477791,0.1776331570019548,0.8445549647566528,0.6806524530875159,0.6830502842102797,0.6748634475482688,0.6658131600502839,0.5810408338742615,0.6570840357541219,False,-1.0,False
15,90,800,0.7511297468365091,241.1673660537336,696324,696324,0.0233354013361596,0.0482103158874317,0.066075562525491,0.101395327462503,0.1775437870876201,0.8444900131260507,0.681175289046331,0.6836189306143219,0.6752670727611643,0.6659520460862813,0.5811910802683451,0.6574408837552888,False,-1.0,False
15,90,450,0.7508364783096569,241.05451087346583,696650,696650,0.0233862054116127,0.048292542883801,0.0662700064594846,0.1015861623483815,0.1776932462499102,0.844271837323333,0.6811576762541519,0.6835872979379727,0.6747221631050498,0.66567447271453,0.5812910753890981,0.6572865370801605,False,-1.0,False
15,90,300,0.7505058977307295,240.43913303065577,698433,698433,0.0234925898403998,0.048312436554401,0.0663671390097546,0.1015287078359699,0.1776319274719264,0.8430816955983337,0.6805338214995693,0.6841171405224411,0.6748310529488017,0.6666252169562903,0.5821835264686763,0.6576581516791558,False,-1.0,False
15,75,800,0.7434844614414859,229.1451470068513,732857,732857,0.0235871391008068,0.049528079830035,0.067174087168438,0.1063222429478056,0.1837780085337248,0.821090467933292,0.693907252356994,0.6892096714935816,0.6845861452756941,0.6589384661427806,0.5758648039765328,0.6605012678491166,False,-1.0,False
15,75,700,0.7435517666330682,229.1298270173801,732906,732906,0.0236087574668511,0.0495493282903946,0.0671968847301018,0.1063315077240464,0.1837902814276319,0.8210604359893235,0.6935020666417552,0.6889052664475912,0.6843117348234665,0.6587561759553402,0.5756838210681688,0.6602318129872644,False,-1.0,False
15,75,450,0.742991995399057,229.06356821139295,733118,733118,0.0236510357132139,0.0496809517703834,0.0672742996352565,0.1063675970307644,0.1839444673299523,0.8209305415263367,0.6941410256455673,0.6890416295863211,0.6850119305211957,0.6597477320358465,0.5763195047143299,0.6608523645006521,False,-1.0,False
15,75,300,0.7422483472755755,228.68363392234616,734336,734336,0.0236635545581314,0.0496843406832839,0.0674132822032421,0.1065234443088722,0.1840574341990587,0.8201855070373537,0.6955266155459082,0.690554840826813,0.6857280189324185,0.6605647600309357,0.5774757237453741,0.6619699918162898,False,-1.0,False
15,55,700,0.7382934019848931,146.00479319614806,1150172,1150172,0.0199970091429803,0.0464930462574293,0.0689705539693193,0.1111938040571323,0.1882709716459799,0.6448777609102192,0.7488028824383841,0.7235338068820915,0.684689161649368,0.6471006480013974,0.5713660952674414,0.6750985188477365,False,-1.0,False
15,55,800,0.7383626512330077,146.00390460963033,1150179,1150179,0.0199986263007757,0.0464823301416562,0.0689579621954495,0.1111739998730632,0.1882107045946761,0.644875655609482,0.748639632525778,0.7234736906482695,0.6846204026058533,0.6470490971444154,0.5714272298631338,0.67504201055749,False,-1.0,False
15,55,450,0.7381489626166583,145.9646906356259,1150488,1150488,0.0200158541418945,0.0464924449451015,0.0689733400087615,0.1111623936972832,0.188294880085668,0.6447827397279554,0.7488701658115093,0.723837503742166,0.6849716804436576,0.6475452923963788,0.5715839948943833,0.675361727457619,False,-1.0,False
15,55,300,0.7378162874458492,145.87137255651376,1151224,1151224,0.0201298791547083,0.0466442673189579,0.0691637769886659,0.1114031674113812,0.1885801546875326,0.6445615680282636,0.7481566889743662,0.7233468082031824,0.6845320929543808,0.6471177836894532,0.5713047233411979,0.674891619432516,False,-1.0,False
15,50,700,0.7408498332206096,114.28765632571282,1469368,1469368,0.0247589439813579,0.0510648115380217,0.0763035536366655,0.1140469916317763,0.1941249571244235,0.5636712469040108,0.6849515775442294,0.6827260700905613,0.6359498718359385,0.6285807873838076,0.5462099281453265,0.6356836469999727,False,-1.0,False
15,50,800,0.7408451545099384,114.2859451881393,1469390,1469390,0.0247619760580921,0.0510620053219363,0.0763037723136811,0.1140622979603781,0.1941329395191201,0.5636664481062581,0.6849239773450211,0.6827575559908612,0.6359582623115654,0.6285195131807494,0.5461925284242621,0.6356703674504918,False,-1.0,False
15,50,450,0.7409294874760428,114.25663047272118,1469767,1469767,0.0247665106101851,0.0510924520689333,0.076284200148731,0.1140214741520254,0.1940919887301865,0.5635842275423615,0.6846936243439739,0.6823464432556092,0.6358996338869376,0.62853418245905,0.5461568921030859,0.6355261552097313,False,-1.0,False
15,50,300,0.7404022470096072,114.18243896535172,1470722,1470722,0.0248327012174972,0.051187783959171,0.0764284480683637,0.1141935729526042,0.1942834879739338,0.5633760630261462,0.6849711794891312,0.68269738701923,0.6361365079506095,0.6288278502302811,0.5465986174742259,0.6358463084326955,False,-1.0,False
15,45,800,0.7416843156414104,103.32310237642866,1625296,1625296,0.0255055079197881,0.0537612840984042,0.0798396107539795,0.119089691969955,0.2032312883314793,0.5316144691575863,0.6740432833373351,0.6600512152008221,0.6132717176662216,0.6034751867937808,0.513582782236116,0.6128848370468551,False,-1.0,False
15,45,700,0.7416258331461291,103.3154743154983,1625416,1625416,0.0254962421927678,0.0537480866436653,0.0798177205097033,0.1190784389965399,0.2032212061404588,0.5315911603154829,0.6742782999859894,0.6602748116558139,0.6135224872210265,0.6036484290962113,0.5137380664735802,0.6130924188865243,False,-1.0,False
15,45,450,0.7415071000632892,103.29215215068676,1625783,1625783,0.025524931679074,0.0537802400443355,0.0798298419899826,0.119253307483225,0.2034066046944764,0.5315198858522954,0.6741713044856179,0.6602708384821457,0.613696476595619,0.6030835440897051,0.5133547801922386,0.6129153887690653,False,-1.0,False
15,45,300,0.7412129504451516,103.23354373808176,1626706,1626706,0.0255547099475873,0.0538124283060368,0.0798872076453889,0.1192729356134421,0.2035032759453767,0.5313407097281555,0.6744140760372563,0.6606297506073568,0.6139655576598197,0.6036015111650114,0.5136357190752242,0.6132493229089337,False,-1.0,False
15,45,200,0.7406852801948036,103.16638151084464,1627765,1627765,0.0256271636261991,0.0539125733751493,0.0800170786323578,0.1194509035395158,0.2037167527253627,0.5311352704063165,0.6746155021924849,0.6609441934501474,0.6142885024856091,0.6038688593673027,0.5140037601380696,0.6135441635267227,False,-1.0,False
15,45,150,0.7401282919563732,103.02991678737804,1629921,1629921,0.0257981828567151,0.0541971052584757,0.0803364089425193,0.1197904683723935,0.2040828972692541,0.5307174733185999,0.6736655355904175,0.6598869420142479,0.6135496270189704,0.6034477381349871,0.5139144652608432,0.6128928616038932,False,-1.0,False
15,45,100,0.738960539131332,102.66283213378092,1635749,1635749,0.0260767391574135,0.0545890598129664,0.0808204681769635,0.1204163964031156,0.2047905882870782,0.52959112969955,0.6726575908695825,0.6592596241884786,0.6130991947989022,0.6029634695190773,0.5139306720514314,0.6123821102854944,False,-1.0,False
15,45,50,0.7330883731506733,101.11661092919996,1660762,1660762,0.027369364183429,0.0562807915884395,0.0825422306146214,0.1224323533414179,0.2068261436617649,0.5248061876566477,0.6689186698492964,0.658274433950899,0.6150548833499236,0.6057743240466525,0.5191804881647346,0.6134405598723012,False,-1.0,False
15,30,800,0.7300236353021903,82.12421087842209,2044837,2044837,0.0401880443282276,0.0770662893912815,0.1121262966192415,0.1602465135362867,0.246958559533107,0.45931674901379294,0.5176285271096216,0.5031492234158446,0.4461188488248049,0.4368122431974088,0.3893481449130723,0.45861139749215046,False,-1.0,False
15,30,700,0.7300136013052492,82.11786581385284,2044995,2044995,0.040176137349969,0.0770544671258365,0.1121078535644341,0.1602175066442705,0.246933122085873,0.4592922754595293,0.5177957234557331,0.5032618363431421,0.44624889382702404,0.43696749234590637,0.3894552320186005,0.45874583559808124,False,-1.0,False
15,30,450,0.7299753285111064,82.10188702122282,2045393,2045393,0.040182986839204,0.0770526739849016,0.1120806612714524,0.1603041567072929,0.2470566781053812,0.45923063418858967,0.5177907276180547,0.5033550004314136,0.4464892380259426,0.43664501597705757,0.3891152165961157,0.4586790397297168,False,-1.0,False
15,30,300,0.7297613749736087,82.06694004292702,2046264,2046264,0.0402250149540821,0.0770926918520777,0.1121321589003178,0.160346367819597,0.2471196287478057,0.4590957722785271,0.5177168334118287,0.5034870631281696,0.44662706024867854,0.4368922621534825,0.3893445501328081,0.45881355381499345,False,-1.0,False
15,30,200,0.7295345243778069,82.01972265881037,2047442,2047442,0.0402878323293162,0.0771860692512901,0.112238588443531,0.1604655956066154,0.2472665892367158,0.4589134553048051,0.5174139879583102,0.5032313079699369,0.4464661198962808,0.43680915833165884,0.38931552200636915,0.45864721923251117,False,-1.0,False
15,30,150,0.7291981209216704,81.94224052371013,2049378,2049378,0.0403824965428534,0.0773180935874201,0.1123379874283807,0.1606111708040195,0.2474526417283683,0.45861402219706593,0.5169463148011987,0.5029021299176956,0.4465736362941045,0.43683070945928804,0.3893806489158075,0.45852668787761885,False,-1.0,False
15,30,100,0.7283037768124826,81.74125554841106,2054417,2054417,0.0405331536878832,0.0775524151133874,0.1125939865178296,0.1608247011195877,0.2477520386562221,0.45783581173559873,0.5169451575451027,0.502933343488073,0.44690839912325814,0.4376922966609664,0.3902162527740091,0.45893908991828186,False,-1.0,False
15,30,50,0.7241643435310948,80.87293369773293,2076475,2076475,0.0412145583260092,0.0784955272757919,0.1134239516488279,0.1618622906608555,0.2487027293851358,0.454448526764209,0.5171353954503619,0.5041765369197937,0.4505606523739713,0.4414516828273441,0.3955600361226273,0.46177686073881963,False,-1.0,False
15,20,700,0.7167561161788112,60.6708579368589,2767896,2767896,0.054665709983323,0.0982414079141701,0.1309897481697289,0.1824002780451288,0.2640352094153826,0.3600643608372316,0.3670596824614551,0.366119594450134,0.3618230316114025,0.3615742355614918,0.35887082383041446,0.3630894735829796,False,-1.0,False
15,20,800,0.7167546344849218,60.67004692671391,2767933,2767933,0.0546664243679308,0.0982343141976341,0.1309778813287749,0.1823859175782072,0.2640186738624092,0.36005976397389716,0.36705396494994713,0.366177768728592,0.3618964082027297,0.3616438783182182,0.3589299996649563,0.36314040397288866,False,-1.0,False
15,20,450,0.7167031385185577,60.663647283006256,2768225,2768225,0.0546682440914304,0.0982499616180043,0.1309705677826043,0.1824559058602534,0.2641353213701921,0.36002348730395006,0.36713819683147847,0.36616282289925733,0.3620463493149636,0.36142602142048963,0.3586408014453083,0.3630828383822995,False,-1.0,False
15,20,300,0.716618620352177,60.65192541065314,2768760,2768760,0.0546829627703376,0.0982634825698146,0.1309784885652783,0.1824470159927187,0.264181799794854,0.3599570273739217,0.36713217084411987,0.3662327605358716,0.3621743937069508,0.3616422086912377,0.35865806483086077,0.3631679197218082,False,-1.0,False
15,20,200,0.7164331765587139,60.63064043741416,2769732,2769732,0.0546955445508807,0.0982737680035469,0.1309957064438003,0.1824743332567916,0.2642407279837905,0.35983630095809876,0.3673613641945447,0.3665367742565057,0.3624562956062767,0.3618994806062397,0.3588420250344394,0.36341918793960126,False,-1.0,False
15,20,150,0.7162764521196652,60.59648871483456,2771293,2771293,0.0547347393436926,0.0983021282845227,0.1310290900312598,0.1825360941625443,0.2642820517354173,0.35964247082238987,0.36720383359586756,0.36664091915180863,0.3625829620449031,0.36193761517799633,0.35902626428007817,0.3634783188501307,False,-1.0,False
15,20,100,0.7156954730484805,60.51623838545165,2774968,2774968,0.0548045959448901,0.0983856390416033,0.1310879981318703,0.1825902136529142,0.2644347610494968,0.3591863992565527,0.3675475593386095,0.3671949465187,0.36343671309645115,0.3628894886610852,0.3597108638068936,0.3641559142843479,False,-1.0,False
15,20,50,0.7135530141599163,60.138542312766525,2792396,2792396,0.0549606860918007,0.0986432440098037,0.1313073074162833,0.1827903348951939,0.264693474707742,0.3570283992489059,0.3700635007720474,0.3696291949246186,0.3665727669317319,0.3663971503137633,0.36326842377909124,0.3671862073442505,False,-1.0,False
15,15,450,0.7153638164559042,43.98064183265524,3818285,3818285,0.0487912767119269,0.0901006603750113,0.1191228522753016,0.170727433913393,0.2412470520141896,0.2402096183952134,0.4421816501643349,0.4322425564094419,0.4350148801628665,0.4185720757285581,0.43907789685816756,0.4334178118646738,False,-1.0,False
15,15,300,0.7153272806913505,43.975827656667725,3818703,3818703,0.0485916291473832,0.0898967529027525,0.1189168154737354,0.170505797387228,0.2410716413400047,0.24016499434291189,0.44471241061773337,0.4339022286392472,0.43631125307781476,0.4196752232297633,0.43974873767323464,0.4348699706475586,False,-1.0,False
15,15,200,0.7152041180842973,43.96646721731235,3819516,3819516,0.0485867842941356,0.0898899232258746,0.1189077359539795,0.1704996130399768,0.2410857815492853,0.2400782067009305,0.4450269665504278,0.434210261684968,0.4366200251736047,0.4199588713393955,0.43995573459324316,0.43515437186832784,False,-1.0,False
15,15,150,0.7151674545171158,43.95787017804795,3820263,3820263,0.0485953453989947,0.0899100402249792,0.1189305553047002,0.1705052767309476,0.2411087927715971,0.2399984704530972,0.4449975909913842,0.43412988761962046,0.43656072696593246,0.4200085171633407,0.439953555782632,0.43513005570458196,False,-1.0,False
15,15,100,0.7149105125869812,43.93332900794972,3822397,3822397,0.0486626585359919,0.0899694615708415,0.1189811000793481,0.1705913854578684,0.2412049297862048,0.23977071421265972,0.44470175648061216,0.43420021313143675,0.4367931914233211,0.42014125025191484,0.44015927821093326,0.4351991378996436,False,-1.0,False
15,15,50,0.7141191129192376,43.805398898152106,3833560,3833560,0.0488170264714782,0.0901900583269858,0.1191884305971473,0.1707676415655422,0.2415900625006521,0.2385800648240431,0.44444184584200347,0.43412492540509445,0.43720318692378646,0.42096252033573694,0.4404908430691523,0.4354446643151547,False,-1.0,False
15,10,450,0.7112753793878483,29.38058767954931,5715700,5715700,0.0472997183197158,0.082170162884686,0.1047992371887957,0.1456892419126266,0.2124278741011599,0.04983927847414571,0.46898785098793017,0.5023138914784786,0.5283440715958415,0.5431134917295392,0.5453310780155349,0.5176180767614649,False,-1.0,False
15,10,300,0.7112708404312448,29.380310104318696,5715754,5715754,0.0471775027406707,0.0820357209215092,0.1046656311660718,0.1455550746235754,0.2123039235068549,0.04983409242163869,0.47050016712961756,0.5033676867059668,0.5291450624578027,0.5437448895058188,0.5457610633418359,0.5185037738282083,False,-1.0,False
15,10,200,0.7112536516974745,29.379621329179297,5715888,5715888,0.0471791959534546,0.0820344975268934,0.1046668514148632,0.1455576106459748,0.212304194903749,0.04982122336645857,0.470514930194682,0.5034127754993202,0.5291734176600998,0.5437687174577193,0.5457957274183458,0.5185331136460334,False,-1.0,False
15,10,150,0.7112506455233375,29.379076500080306,5715994,5715994,0.0471784959886242,0.0820364751957402,0.1046710335945069,0.1455615593718258,0.2123102298567843,0.049811043406035704,0.4705297613917038,0.5034036357164697,0.5291548624543289,0.5437566346545799,0.5457814731777499,0.5185252734789666,False,-1.0,False
15,10,100,0.7111904003937872,29.37642460172378,5716510,5716510,0.0471931300741186,0.0820610827235498,0.104697796382758,0.1455991505306559,0.2123584144871608,0.04976148861203053,0.4704745244145605,0.5033371971781222,0.5291210197504338,0.543707084126486,0.545742695815628,0.5184765042570462,False,-1.0,False
15,10,50,0.7109131315915345,29.36339819613271,5719046,5719046,0.047267149101441,0.0821635286724394,0.1048229022812546,0.145725178639934,0.2124945314305917,0.04951795193491473,0.47013830739407,0.5031153722327746,0.5289538033129617,0.5436968322380579,0.5458548402555046,0.5183518310866737,False,-1.0,False
15,5,450,0.6896766779178143,26.989471686232207,6222079,6222079,0.0488383384396115,0.0844041035158827,0.1081223816026765,0.150226957902656,0.2167135775678836,0.0015636600596351316,0.49478172195192965,0.5296744708370331,0.5533696936875498,0.5667913069420368,0.5755035654988332,0.5440241517834765,False,-1.0,False
15,5,300,0.689681127499853,26.98939360797493,6222097,6222097,0.0487231234100014,0.0842781782411942,0.1079978341706984,0.150098913597779,0.2174053217106708,0.0015619556572899972,0.4961893418436061,0.5306434965293123,0.5540984053400175,0.5673757099738667,0.5731471309075222,0.5442908169188649,False,-1.0,False
15,5,200,0.6896779153612782,26.98921576474196,6222138,6222138,0.0487216773398468,0.0842760157360701,0.1079958368007909,0.1500967995245364,0.2174054963101107,0.0015580734103383567,0.4962137745056612,0.5306669456566085,0.5541168893642818,0.5673921607706957,0.5731531883880083,0.5443085917370512,False,-1.0,False
15,5,150,0.6896745985074341,26.988972860698333,6222194,6222194,0.0487226852778939,0.0842778286887229,0.1079990434242326,0.1501023593928444,0.2174080396721799,0.0015527708355007627,0.4962082463251273,0.5306597286391519,0.5541047573560206,0.5673732518784498,0.5731514249815266,0.5442994818360554,False,-1.0,False
15,5,100,0.6896288528111371,26.98830489712244,6222348,6222348,0.048730479233884,0.0842869926272204,0.1080100309400888,0.1501108584733608,0.2174193728798196,0.0015381887925888927,0.496207106891001,0.5306832445689051,0.5541343631366238,0.567428555085255,0.5732076742326117,0.5443321887828793,False,-1.0,False
15,5,50,0.6894904620842679,26.98335692406623,6223489,6223489,0.0487665359414951,0.0843568615610954,0.1080896905256842,0.1501929223302234,0.2175098244730568,0.0014301508418770414,0.49605021083819156,0.5304269784269673,0.5539488963962697,0.5673346095855887,0.5731872577554102,0.5441895906004854,False,-1.0,False
20,55,800,0.7415833889705071,143.3014114193554,1171870,1171870,0.0194117094899604,0.0451756594161468,0.0672642869942911,0.1088038775632109,0.1847909751081604,0.6384376202254339,0.7491893808319894,0.7269566938316951,0.6879874215078132,0.6513692768918024,0.5763633063674771,0.6783732158861554,False,-1.0,False
20,55,700,0.7416212359627181,143.2894285509502,1171968,1171968,0.0194262983289646,0.0451360446701616,0.0672194121341197,0.1087435834425513,0.1847558977719528,0.638408914704603,0.7489316250312654,0.7271860841362501,0.6881749450576703,0.6515704483438316,0.5764039778708907,0.6784534160879817,False,-1.0,False
20,55,450,0.7415435310089855,143.2089018929293,1172627,1172627,0.0194989540578547,0.0452803832761824,0.0673001730302986,0.1088581450026308,0.1848601473443814,0.638215972153635,0.7481990257825691,0.7262256733348288,0.6878573184975886,0.6512002084086373,0.5762111074256013,0.677938666689845,False,-1.0,False
20,55,300,0.7411729665695014,143.08066181695492,1173678,1173678,0.0195385787243179,0.0454110923098158,0.0674605811815506,0.1090520568673861,0.1850345665506212,0.6379085740214153,0.7484789112053122,0.7259774348554691,0.6876740872288649,0.6510683920063721,0.5763864301240353,0.6779170510840108,False,-1.0,False
20,50,800,0.7388795274552076,112.60347203363406,1491345,1491345,0.024114473847433,0.0499354609429743,0.0746728624161411,0.1118004217669285,0.1909719079086328,0.5589197616604793,0.6969558339885509,0.695578338954131,0.649690479563261,0.6430749353910272,0.5609878651876676,0.6492574906169275,False,-1.0,False
20,50,700,0.7388495587613868,112.6017354536238,1491368,1491368,0.0241328766608912,0.0499527950177286,0.0746911560392874,0.1118047322994727,0.1909863963823818,0.5589148327014042,0.6967915721067308,0.6955057236853032,0.6496441354970927,0.6431169944092899,0.5610007456630539,0.6492118342722941,False,-1.0,False
20,50,450,0.7387873894675153,112.5649778296148,1491855,1491855,0.0241813044833445,0.049972014706523,0.0747626277352691,0.1119297786983319,0.1911083851982934,0.5588104884780747,0.69632474753845,0.6954851235172511,0.6493493832439409,0.6426659839457425,0.560715519800935,0.648908151609264,False,-1.0,False
20,50,300,0.7386185645484883,112.48339682116526,1492937,1492937,0.0242387990919911,0.0500530163027642,0.0748390588484309,0.1120120942812724,0.1912344593241376,0.5585788042961685,0.6959672299758484,0.6952053808336643,0.6492460510725402,0.6426338778329518,0.5606372355119437,0.6487379550453897,False,-1.0,False
20,45,700,0.7381631387778315,101.96987913399094,1646865,1646865,0.0247810233382821,0.0524967134525295,0.0781800572603097,0.1169604065907041,0.2002143466525792,0.5274549128325164,0.6902421911239074,0.6771646181743474,0.6303940208610714,0.6206362938244574,0.5311095710146594,0.6299093389996886,False,-1.0,False
20,45,800,0.7382352113150809,101.96622612822448,1646924,1646924,0.0247819571516354,0.0525002975243544,0.0781815068576327,0.1169343576267028,0.2001992805982546,0.5274436164557882,0.6900814995753634,0.6769875675010069,0.6302362240482996,0.6206078489198322,0.5310114848935633,0.6297849249876131,False,-1.0,False
20,45,450,0.7380238803215894,101.95669239708138,1647078,1647078,0.0248452107307607,0.0525724950488076,0.078250088945393,0.1171444218185174,0.2004470947945391,0.527414133070383,0.6897411605404262,0.676864216544453,0.6302673942917187,0.6200714970852401,0.5306081110009196,0.6295104758925515,False,-1.0,False
20,45,300,0.7377420928836245,101.90441240276397,1647923,1647923,0.0248967943283757,0.0526869277265988,0.0783659187959631,0.1173070586429099,0.2006932362737822,0.5272524106529057,0.6896901930185744,0.6765586286448181,0.6301644916450515,0.6199008815046795,0.5303562754301789,0.6293340940486605,False,-1.0,False
20,45,200,0.7373906985395227,101.81457908046492,1649377,1649377,0.0250070178012667,0.0528538957436656,0.0785496584467953,0.1175049730898393,0.2009164672479366,0.5269743440141733,0.6890622181593995,0.675989029118695,0.6298033381196708,0.6197108221948902,0.5303262833830187,0.6289783381951348,False,-1.0,False
20,45,150,0.7364109824686613,101.67698589678308,1651609,1651609,0.0251445711424435,0.052969558775715,0.0787377642044818,0.1177784814686769,0.2012165106874568,0.5265480079654964,0.689398943385321,0.6771187702151025,0.6307170992827987,0.6204710917664369,0.5313364348197291,0.6298084678938777,False,-1.0,False
20,45,100,0.7349165249401096,101.2660622766176,1658311,1658311,0.0255042630724876,0.053451976137166,0.0792167452305387,0.1183463174277924,0.201769149453872,0.5252715948277512,0.6880696114696725,0.6764650619229426,0.6309731150966457,0.6209324990918323,0.5325551246218843,0.6297990824405955,False,-1.0,False
20,45,50,0.7289096524047382,99.75663878465228,1683403,1683403,0.0266685992599514,0.0551187089484811,0.0810625857266501,0.120537981695411,0.2041513529440068,0.5205415969149858,0.6861871706651694,0.6759529498151793,0.6324725374781417,0.623207648812373,0.5369075723133294,0.6309455758168385,False,-1.0,False
20,30,800,0.722545456978082,81.35602150042754,2064145,2064145,0.0396415949460914,0.0762078245472096,0.1109500543808695,0.1587441773712602,0.2448359974711079,0.45633810949221365,0.5398300689245052,0.5252998185463776,0.46856959393540965,0.4592587898747306,0.41203211212084956,0.48099807668037453,False,-1.0,False
20,30,700,0.722498139832793,81.35109506023922,2064270,2064270,0.039639678917971,0.0761983655238898,0.1109380071405387,0.1587529732060244,0.2448390956609358,0.45631890446941986,0.5399515891898488,0.5254712583167032,0.46873893021523777,0.45931597061819257,0.41211955768666525,0.48111946120532956,False,-1.0,False
20,30,450,0.7224391104874365,81.34317459533217,2064471,2064471,0.0396614919754261,0.0762359945961943,0.1109456127017526,0.15884892546323,0.2449828551720997,0.45628802489527287,0.5398055533969592,0.5253011462825998,0.46881607400719083,0.4589933404304964,0.4117539591288875,0.4809340146492268,False,-1.0,False
20,30,300,0.7222851729128804,81.32048568386095,2065047,2065047,0.0396857795488432,0.0762583127647942,0.1109558281240088,0.158855948557103,0.2458655904684009,0.45619954852947125,0.5398255715632411,0.525446459194731,0.46907423857263575,0.45927947058239227,0.40907735532816203,0.48054061904823236,False,-1.0,False
20,30,200,0.7220646554487679,81.25300590972739,2066762,2066762,0.0397331671474509,0.0763111572595199,0.1110369747460036,0.1589887950330033,0.2452082049118379,0.45593624215774947,0.5396993592477114,0.5254924685354874,0.46904998427429,0.45912011920488055,0.4117645191037074,0.4810252900732154,False,-1.0,False
20,30,150,0.7215149970657446,81.17178550195038,2068830,2068830,0.0398534437338979,0.0764857431495096,0.1111869994151283,0.1591102217195226,0.2454421097915246,0.45561898927851896,0.539358214583872,0.5252741465149935,0.46929904272685086,0.4596951141397447,0.41210876457407797,0.48114705650790784,False,-1.0,False
20,30,100,0.7204203820421672,80.99431937388677,2073363,2073363,0.0399847976451783,0.076643597864918,0.1113967983416314,0.1594144392467696,0.2457085421125003,0.4549245322310954,0.5400090455208539,0.5263139954708844,0.47032214494875507,0.46055088534487193,0.4134708346710616,0.48213338119128546,False,-1.0,False
20,30,50,0.715795842572804,80.10986502589859,2096254,2096254,0.0406787536243222,0.0775717064821343,0.1121977584777417,0.1603102486626143,0.2465941627302798,0.45143732935851144,0.5410492272251142,0.5286780335591504,0.47515053927665307,0.46597185687477305,0.42003970477398955,0.4861778723419361,False,-1.0,False
20,20,800,0.7030617169513336,60.32649578114852,2783696,2783696,0.0542429920508561,0.097570280662831,0.1301956104402205,0.1812360257729292,0.2626482920548795,0.3581046721100089,0.4006087962459418,0.39968400933818765,0.3948790017001713,0.39532255408476813,0.39192773745690496,0.3964844197651948,False,-1.0,False
20,20,700,0.7030603578403215,60.32448041141049,2783789,2783789,0.054244772143291,0.0975698948447601,0.1301973676884275,0.1812396701043074,0.262649216589332,0.3580931566833367,0.4005897196481793,0.399689820225682,0.3948714039884296,0.3953084726249659,0.39192741403093373,0.3964773661036381,False,-1.0,False
20,20,450,0.702999971393766,60.32092675415138,2783953,2783953,0.0542710311560575,0.0975928832131864,0.1302001147289483,0.1813105321821165,0.2627609014951043,0.3580728504608572,0.40039182023076714,0.39963625252068147,0.3949801432690709,0.395104970318833,0.3916734604063521,0.3963573293491409,False,-1.0,False
20,20,300,0.7028578485350212,60.31089643214232,2784416,2784416,0.0542867876064496,0.0976035908427476,0.1302093509015894,0.1813259943916426,0.2627818544355441,0.35801552632500866,0.40049228859998,0.39984730128403995,0.3952196503126873,0.39532751722195364,0.3918965928647127,0.3965566700566747,False,-1.0,False
20,20,200,0.7028189942857976,60.28673337804053,2785532,2785532,0.054267192048054,0.0976061305344903,0.1302103153006319,0.1813438151132351,0.2627954013811365,0.3578773771444981,0.40081369871191797,0.3999080099683743,0.3952943744205807,0.3953253381805687,0.3919310634514788,0.39665449694658406,False,-1.0,False
20,20,150,0.702533793109464,60.2495307205807,2787252,2787252,0.0543129935865146,0.0976298519114884,0.1302433364475117,0.1813976633616192,0.262885451333428,0.3576645227403072,0.4008409020909725,0.4003141706963166,0.3956891672491083,0.39566613490537234,0.3922159441793064,0.3969452638242152,False,-1.0,False
20,20,100,0.7020436348200787,60.17039017269587,2790918,2790918,0.0543613248400705,0.0977223264889903,0.1303323852581838,0.181528085024354,0.2630568149977892,0.35721110305047604,0.4012613093511568,0.40061054181408606,0.3961763177264447,0.3960762489540239,0.3926492241163862,0.39735472839241953,False,-1.0,False
20,20,50,0.699405490649397,59.790002328500925,2808674,2808674,0.0545666745232803,0.0979985573263397,0.1304672596392461,0.1817647758337208,0.2632968439911503,0.3550199121232105,0.40419768494835356,0.40392628962953997,0.4008388272574192,0.4004405662417242,0.39729637734497675,0.40133994908440274,False,-1.0,False
20,15,450,0.6992710029211135,43.831673479913405,3831262,3831262,0.0484837633134982,0.0896472232909156,0.1185572795595811,0.169988374587799,0.2403476974427747,0.23882506786736185,0.47927937901950235,0.46908118544709276,0.47168195713750144,0.45531451280416185,0.4754457324558177,0.4701605533728152,False,-1.0,False
20,15,300,0.6992288584037191,43.82841317097245,3831547,3831547,0.0484814619264751,0.0896494288077374,0.1185562907097316,0.1699976536892278,0.2403718393641002,0.2387946794949731,0.47939492951789686,0.46915130181291437,0.47177506560758514,0.4553587444843369,0.4754510639009881,0.47022622106474427,False,-1.0,False
20,15,200,0.6991270466482187,43.81848651568267,3832415,3832415,0.0485007495273867,0.0896609579077422,0.1185604899260649,0.1699886364081134,0.2403873275728228,0.23870213326262926,0.4793685202669227,0.46927251499969097,0.4719609617344524,0.45561132450174585,0.4756092851916819,0.47036452133889883,False,-1.0,False
20,15,150,0.6990468957094083,43.80887292682774,3833256,3833256,0.0485159352779986,0.0896697220326531,0.1185652614904926,0.1700053427164791,0.2404251111848517,0.23861247297966814,0.4793477093137324,0.46937036429922907,0.47209862348180615,0.45569980637102364,0.47564701051930247,0.4704327027970187,False,-1.0,False
20,15,100,0.698812523276584,43.7818951209427,3835618,3835618,0.0485934730726573,0.0897576348843915,0.118651544549014,0.1701097450267466,0.2405779199075612,0.23836069448106506,0.4788794148047687,0.46917263199589915,0.47207261987880533,0.45570100570390365,0.4756137102789521,0.4702878765324658,False,-1.0,False
20,15,50,0.6977214332105323,43.65090659837677,3847128,3847128,0.0487584504596675,0.0899613945779812,0.1188556762343233,0.1702935280552141,0.2408724118355303,0.23713457736322952,0.4791094708553913,0.4698485753443512,0.4731220020446917,0.45710781500169534,0.47687327111073147,0.47121222687137215,False,-1.0,False
20,10,450,0.6937961637894813,29.335781029726977,5724430,5724430,0.0471538651009794,0.0819131337093824,0.1045061255007048,0.1453154287850493,0.2119915869352931,0.04900098096568138,0.5069677982405809,0.5404969451575745,0.5662670601440896,0.5810328426047875,0.5829978346736611,0.5555524961641387,False,-1.0,False
20,10,300,0.6937974246146208,29.335729783175296,5724440,5724440,0.0471541321072454,0.0819140387531356,0.1045082139038927,0.1453191927944043,0.2119947103996198,0.04900002084823988,0.5069619045659268,0.5404873041955462,0.5662520764693391,0.581012782393312,0.5829846259263107,0.555539738710087,False,-1.0,False
20,10,200,0.6937599686176791,29.334966230763467,5724589,5724589,0.0471576212720249,0.0819225624756641,0.1045173723388701,0.1453285117935977,0.2120042154991389,0.04898571513400754,0.5069965406090956,0.5404986318251217,0.5662753575069104,0.5810471226967242,0.5830299165533784,0.555569513838246,False,-1.0,False
20,10,150,0.6937402555360038,29.33410023620213,5724758,5724758,0.0470367481035879,0.0817962960181024,0.1043895654628545,0.1451975786574733,0.211889830102862,0.048969489270533996,0.5085237629849019,0.5415203307199986,0.5670734035972091,0.5816949411402278,0.5834588595316055,0.5564542595947886,False,-1.0,False
20,10,100,0.6936864283111078,29.33189704862093,5725188,5725188,0.0470592406747167,0.0818180992484439,0.1044157851235627,0.1452340080360679,0.2119189797784806,0.0489282049166261,0.5083586013303549,0.5414623904075337,0.5670294921679613,0.5816374899696046,0.5834713848166604,0.556391871738423,False,-1.0,False
20,10,50,0.6933425150974598,29.31804504728004,5727893,5727893,0.0471211665441376,0.08192157220814,0.1045263939113387,0.1453455921749935,0.2120545897068957,0.048668510277267214,0.5083090678799572,0.5413705578396808,0.5670861393724076,0.5818321710881368,0.5837232202618725,0.556464231288411,False,-1.0,False
20,5,450,0.6708442182337856,26.96817308129301,6226993,6226993,0.0487688038191146,0.0842608944638286,0.1079734632751313,0.1500412799564733,0.2165117256435008,0.0010983863879917809,0.5346247117339736,0.5697748784970911,0.5932399136918438,0.606640014892522,0.6151763914491003,0.5838911820529062,False,-1.0,False
20,5,300,0.6708493739248577,26.968138434536947,6227001,6227001,0.0486523127264633,0.0841337587708754,0.1078479030274766,0.1499111691165618,0.2172013462018072,0.0010976289677625591,0.5360465619095901,0.5707518453758104,0.5939731642911152,0.6072325365807317,0.6128257007719162,0.5841659617858328,False,-1.0,False
20,5,200,0.6708539683719573,26.96800850999457,6227031,6227031,0.0486530418750123,0.0841364046525543,0.1078483469891189,0.1499117316101365,0.2172046357244728,0.0010947886432357188,0.536028083709787,0.5707217794633975,0.5939610222352347,0.607220417199527,0.6128050271247706,0.5841472659465434,False,-1.0,False
20,5,150,0.6708380152373227,26.967696696200463,6227103,6227103,0.0486579393339085,0.0841429794882146,0.1078541658938353,0.149916742986265,0.2172079055059792,0.0010879718729559424,0.536000885259431,0.5707037305140554,0.5939595731452536,0.6072302113854854,0.6128269590979445,0.5841442718804339,False,-1.0,False
20,5,100,0.670778615074213,26.967029785345296,6227257,6227257,0.0486671740061474,0.084156635899241,0.1078706081987623,0.149935356771047,0.2172279062836173,0.0010733915994285603,0.5360102970945184,0.5707206152990856,0.5939851283447497,0.6072668908764436,0.6128820657552184,0.5841729994740031,False,-1.0,False
20,5,50,0.6706828744501832,26.961981387583982,6228423,6228423,0.0487046239473459,0.0842155389895644,0.1079326179355512,0.1500061893676778,0.2173015545026405,0.0009629998985302991,0.5357479716733037,0.5704612397928852,0.5938159377224106,0.6071367172375328,0.6128303700223101,0.5839984472896885,False,-1.0,False
25,45,450,0.7366603300623065,100.98198951758776,1662976,1662976,0.024552368765394,0.051894314770628,0.0774978111530172,0.1161225417564655,0.1989631840748152,0.5243864196526618,0.6961652107569936,0.6849554798857891,0.6375474087654827,0.6276318342507015,0.5384661997652508,0.6369532266848436,False,-1.0,False
25,45,300,0.7364380880197984,100.92573004556156,1663903,1663903,0.024589173767942,0.0519561536940554,0.0775736325975733,0.1161966773303491,0.1990620847489306,0.524210841970908,0.6961727059117935,0.6849351872484614,0.6375582755913354,0.6277482375575354,0.5385907071091343,0.637001022683652,False,-1.0,False
25,45,200,0.735974426946903,100.84651485398238,1665210,1665210,0.0246947832405522,0.0521760018255955,0.0777979954480215,0.116493415244924,0.1993772557215005,0.5239634695585432,0.6958338909275286,0.6841872142508637,0.6371888563903816,0.6273324517999159,0.5384811649239682,0.6366047156585316,False,-1.0,False
25,45,150,0.7351891022748388,100.698479544367,1667658,1667658,0.0248258335941781,0.0523836422096137,0.0780129978688676,0.1167007863722657,0.199635656711388,0.5235007046205903,0.6958481463935545,0.6841999999971667,0.6375408203446346,0.6279968955557478,0.5392301784894828,0.6369632081561173,False,-1.0,False
25,45,100,0.7336250897115149,100.3383786147942,1673643,1673643,0.0251863748720605,0.0528511755493853,0.0785053921296238,0.1172908439852465,0.200242823589021,0.5223723775132421,0.694652366131562,0.6838059130072469,0.6378613612342584,0.6284992793769322,0.5404078400942692,0.6370453519688538,False,-1.0,False
25,45,50,0.726672488876251,98.84761113766449,1698884,1698884,0.0262201539363488,0.0544133678344136,0.0801914668688386,0.1193589438713885,0.2023016285985388,0.5176607137699807,0.6963333171883501,0.6860638073189115,0.642265264077967,0.6333051690839532,0.5478155361089214,0.6411566187556206,False,-1.0,False
25,30,450,0.7182537974769124,80.79670800227478,2078434,2078434,0.039358478546829,0.075626168548051,0.1102031625733605,0.1578438381974121,0.2436339089910962,0.4541491952839277,0.5521964397932145,0.5387031617091543,0.48187961599474244,0.47231758084549225,0.4249958417144634,0.49401852801141344,False,-1.0,False
25,30,300,0.7181451059704793,80.76900046028491,2079147,2079147,0.0393791299989851,0.0756541023794854,0.1102331869752355,0.1578738780855803,0.2444540958383414,0.4540403101639698,0.5521675016852939,0.5387111792462731,0.48192674487768855,0.4724033342100128,0.4224378063247465,0.493529313268803,False,-1.0,False
25,30,200,0.7179001815060284,80.71891866949107,2080437,2080437,0.0394619015139607,0.0758009014452252,0.1103474894937938,0.1580105525906336,0.2446418709146203,0.453843390156354,0.5516566919902064,0.5380778408402306,0.48175657584885817,0.4722767646447803,0.4223077037697569,0.49321511541876645,False,-1.0,False
25,30,150,0.7174227314476179,80.64282798693814,2082400,2082400,0.0395370726085286,0.0758730311179408,0.1104048213599692,0.1581060315021129,0.2447373223203995,0.4535439360086656,0.5517207329555351,0.5385059500240195,0.48240533487764187,0.47282256444808923,0.42297225959409557,0.49368536837987625,False,-1.0,False
25,30,100,0.7159272680030091,80.42173002095181,2088125,2088125,0.0397251122418437,0.0761372044298114,0.1106806345405567,0.1583549835378629,0.2450121520502843,0.4526719648995771,0.5525043401322038,0.5395497305010226,0.4838671698302256,0.47476440358291044,0.4251356921586684,0.49516426724100615,False,-1.0,False
25,30,50,0.7112969967323262,79.58608800739319,2110050,2110050,0.040293831899718,0.0769014952252316,0.111324850122035,0.1591502571029122,0.2458017582521741,0.449351231297292,0.5550964543822827,0.5431982366157084,0.48963611656811223,0.4806633266652223,0.43204222417086524,0.5001272716804381,False,-1.0,False
25,20,450,0.6933423633133432,60.06878033966474,2795639,2795639,0.0540076884032595,0.0970969427740849,0.1295478421927867,0.1805587202067219,0.2617558990985603,0.35662771232131146,0.4236238849987727,0.4234825792362937,0.41883841743557654,0.4185840435880112,0.41507729445912467,0.41992124394355573,False,-1.0,False
25,20,300,0.6932902666867312,60.05898404739467,2796095,2796095,0.0539963770901918,0.0970864723838067,0.1295388747521096,0.1805500170773883,0.2623412294646641,0.35657139332485843,0.4238708364489224,0.42367177042802834,0.4189994011223817,0.41873224444001006,0.413199007373037,0.4196946519624759,False,-1.0,False
25,20,200,0.6930689051314384,60.03946544230899,2797004,2797004,0.0539942023679622,0.0971282129020909,0.1295886598660567,0.1806171889636196,0.2624347337365266,0.3564591418697066,0.42435585341907367,0.4238057873384074,0.4191627061693171,0.4188791086491701,0.41334000293384865,0.4199086917019634,False,-1.0,False
25,20,150,0.6929644575281177,60.00136666690487,2798780,2798780,0.0540221096334831,0.0971591193305654,0.1296007546145106,0.1806433517461179,0.2624890130699805,0.35623988698640974,0.42422890259131174,0.4237819266224555,0.4193072794091557,0.41897405037626695,0.4133720552341727,0.41993284284667254,False,-1.0,False
25,20,100,0.6921956220242967,59.923838522752455,2802401,2802401,0.05408076859807,0.0972355490880855,0.12967309103872,0.1807971093358873,0.2626836773181282,0.3557931103074919,0.42509923863522436,0.4247798718131102,0.420470379627014,0.419852910367651,0.41430320329667647,0.4209011207479351,False,-1.0,False
25,20,50,0.6898120350426691,59.54175920725688,2820384,2820384,0.0542387135936099,0.0975200540068302,0.1299252158571315,0.1810374048356536,0.2630187946038553,0.3535792369727502,0.42809156595038483,0.42750434621951244,0.4239112022054805,0.423673519206139,0.4181007063309028,0.42425626798248395,False,-1.0,False
25,15,450,0.6873638655914999,43.7272420250744,3840412,3840412,0.048315909855505,0.0893682761120421,0.118180028601098,0.1695292067621911,0.2398310389614447,0.23784984728608088,0.5059942733848725,0.4958989108443193,0.4985678612409884,0.48209397296089823,0.5018496086485233,0.4968809254159203,False,-1.0,False
25,15,300,0.6873398739342244,43.72300681319231,3840784,3840784,0.0483042003924198,0.0893640465071714,0.1181769138800828,0.1695169527888056,0.2402543334902457,0.23781021666566282,0.5061879366800903,0.4959814368239373,0.4986359841921984,0.482200451246525,0.5004629564556313,0.49669375307967645,False,-1.0,False
25,15,200,0.687213192220915,43.71499403356199,3841488,3841488,0.0483187764741162,0.0893679740767119,0.118178945242052,0.1695319626144869,0.2402998525571341,0.23773522055520757,0.5062709533412351,0.49621318874653375,0.4988862115402704,0.482393128371969,0.5005707642197672,0.4968668492439551,False,-1.0,False
25,15,150,0.6871398641408671,43.70299174270789,3842543,3842543,0.0483437660944848,0.0893986092022913,0.1182133810864315,0.1695522990894311,0.2403374536081964,0.2376228421569672,0.5061154564183599,0.49612701042044116,0.4988339921997988,0.4824506557252377,0.5005949839878088,0.4968244197503292,False,-1.0,False
25,15,100,0.6869900917663746,43.67352026040172,3845136,3845136,0.0484045297747595,0.0894683569059716,0.1182907444626145,0.1696278103037187,0.2404648366143616,0.23734668333275535,0.5056782946283698,0.4958952489007041,0.49868569298701676,0.4824106512052968,0.5004728148788236,0.4966285405200422,False,-1.0,False
25,15,50,0.6856483095100246,43.53491542700768,3857378,3857378,0.0485492995501089,0.0896347207870216,0.1184307060391799,0.1697414668720566,0.2406790311968389,0.23604378932436784,0.5066758449170867,0.497380693292858,0.5006342682248902,0.48466156308061054,0.5025238358219908,0.49837524106748726,False,-1.0,False
25,10,450,0.6809553754128597,29.30134787792413,5731157,5731157,0.0470601311393144,0.0817088067906707,0.1042461408752194,0.1450279585779974,0.2116693016785266,0.048355177871907865,0.5347041155479693,0.5686678820454669,0.5943910714265065,0.6089492019931598,0.6106750558360683,0.5834774653698342,False,-1.0,False
25,10,300,0.6809488042798197,29.30112292345008,5731201,5731201,0.0470592463953017,0.0817132395112298,0.1042512729879828,0.1449764194276208,0.2119498164520839,0.04835095424656878,0.5347285993833897,0.5686470508047318,0.5943742683773634,0.6092017419400813,0.6097368183672309,0.5833376957745594,False,-1.0,False
25,10,200,0.6809493141512291,29.300555440010942,5731312,5731312,0.0470600797862688,0.08171724031077,0.1042562331277724,0.1449805908315583,0.21195879756677,0.04834029921753203,0.5347172953787828,0.568614915446938,0.5943438247895776,0.6091813477050156,0.6097052881314122,0.5833125342903452,False,-1.0,False
25,10,150,0.6809008450846514,29.299803941718853,5731459,5731459,0.0470677710509662,0.0817195063246548,0.104260014771108,0.1449868174927187,0.2119629574249767,0.04832618856026288,0.5347230568261838,0.5686976552466615,0.5944217622577881,0.6092528239302939,0.6097915160145269,0.5833773628550908,False,-1.0,False
25,10,100,0.6808876054458322,29.296747223553428,5732057,5732057,0.0470797830517037,0.0817518039335617,0.1042925776906963,0.1450125147045816,0.211986901037446,0.048268786690359486,0.5346027512376406,0.568474163985141,0.594256241587865,0.6091611007432635,0.6097376800303625,0.5832463875168545,False,-1.0,False
25,10,50,0.680496610546412,29.281825492617408,5734978,5734978,0.0471679228760772,0.0818738973366593,0.1044366691554876,0.1451677757089914,0.2121498983954254,0.04798841603216287,0.5343283282750853,0.5683351513016074,0.594211980212001,0.6092507663101427,0.6099940554517628,0.5832240563101199,False,-1.0,False
25,5,450,0.6569301884036567,26.951916214246477,6230749,6230749,0.0487151705196277,0.0841706189737381,0.1078653625751896,0.1499171287432698,0.2163478259194841,0.0007427940366213743,0.564089778223256,0.599281696995472,0.622685915577254,0.6360211039708457,0.6445380579048363,0.6133233105343328,False,-1.0,False
25,5,300,0.6569348845149703,26.951894586112694,6230754,6230754,0.0487130450022581,0.0841723168656634,0.1078673624412069,0.1498696626443605,0.216603319598238,0.0007423206928274075,0.5641061941831766,0.5992587849728142,0.6226643445691178,0.6362314351925772,0.6436613958779425,0.6131844309591257,False,-1.0,False
25,5,200,0.6569395302473129,26.95163937675549,6230813,6230813,0.0487121022569606,0.0841718408175626,0.1078674644865766,0.1498711323867367,0.2166054413765908,0.0007367352404646047,0.5641081695591779,0.5992528652749248,0.622654122138596,0.6362150036228502,0.6436445784418064,0.6131749478074712,False,-1.0,False
25,5,150,0.6569312488104179,26.9514577052427,6230855,6230855,0.0487153047214226,0.0841775326179152,0.107872996563072,0.1498771837893836,0.2166126478629337,0.0007327591606813876,0.5640859325987362,0.5992257937602155,0.6226384901258559,0.6362040939010403,0.6436372700737756,0.6131583160919247,False,-1.0,False
25,5,100,0.6569147168260208,26.95050613256942,6231075,6231075,0.0487253002090329,0.0841920535381134,0.1078876437853821,0.1498937181786449,0.2166285913746825,0.0007119321433552006,0.5639972406185625,0.5991472148408266,0.6225859330451171,0.6361616656375307,0.643617395971277,0.6131018900226628,False,-1.0,False
25,5,50,0.6567135770815021,26.944996982678603,6232349,6232349,0.0487615504202348,0.0842486516721063,0.1079559248045961,0.1499612746333685,0.2166980700214317,0.000591326999607326,0.5639678711625191,0.5991239476967071,0.6225977886360169,0.6362648827756814,0.6437980509584325,0.6131505082458715,False,-1.0,False
35,200,800,0.8289184703446876,292.08526325493057,574937,574937,0.0224928992220017,0.0453893209169004,0.0601300664246691,0.0877383087190422,0.1274887509414075,0.9406804634768742,0.530493656034322,0.5444914189745754,0.5494510574427354,0.568224013845054,0.5899954656133394,0.5565311223820053,False,-1.0,False
35,200,700,0.8288857895063702,292.0786590138273,574950,574950,0.0225063048960779,0.0454109052961127,0.0601565353509,0.0877728498130272,0.127511957561527,0.940668227068225,0.5303964601992597,0.5443914004738675,0.5493618908450115,0.5681315384717183,0.5899843785347082,0.556453133704913,False,-1.0,False
35,200,450,0.8284916316638151,291.8375548507625,575425,575425,0.0225068427683885,0.0454220793326671,0.0601642264413259,0.0878307338054481,0.127632619368293,0.9402214714856991,0.5312058511752747,0.5451206014726082,0.5501323277207304,0.5686791930010859,0.5903909548250872,0.5571057856389573,False,-1.0,False
35,200,300,0.8271235335019727,291.4091200147153,576271,576271,0.0227011249915404,0.0457545148029312,0.0605045195749916,0.0881165285082886,0.1282278650148975,0.9394274307790043,0.5316490134689627,0.5453704164505186,0.5509484513758365,0.570186551134362,0.5912034756684434,0.5578715816196247,False,-1.0,False
35,140,800,0.8243492498675087,290.98446228808274,577112,577112,0.0224774393878484,0.0451940004713123,0.0598046826265958,0.087405910811073,0.126857525055795,0.9386401755275329,0.540143199465137,0.5554681751049473,0.5608383333456166,0.5792244436350722,0.6015967677022439,0.5674541838506034,False,-1.0,False
35,140,700,0.824319754191406,290.979420295882,577122,577122,0.0224839808567339,0.0452105447375078,0.0598348356153464,0.0874598438458419,0.1268899816676543,0.9386308270996997,0.5401238206101979,0.5554007161170054,0.5607207451903813,0.5790354729322607,0.6015476995142276,0.5673656908728145,False,-1.0,False
35,140,450,0.823693967068841,290.8221978615738,577434,577434,0.0224545142821517,0.0452051663047205,0.0598458005590249,0.087429905409103,0.1269668914542614,0.9383393035926693,0.5417817152705129,0.5567380338154948,0.5619513155726752,0.5804698037492364,0.6025822655033567,0.5687046267822551,False,-1.0,False
35,125,800,0.8238116009778499,290.687786588564,577701,577701,0.0224475983250851,0.0452621684920053,0.0599289251706332,0.0873739183418411,0.1267333793779134,0.9380900533952857,0.5416232311197506,0.5560516866127483,0.5612152840656921,0.5804858287766193,0.6031310859182564,0.5685014232986133,False,-1.0,False
35,125,700,0.8238250669234445,290.6731950911325,577730,577730,0.0224585879216935,0.0452789365274436,0.0599553424610111,0.0874283835009433,0.1267824070067332,0.9380629938482924,0.5414602110816291,0.5558935479917372,0.561030888014505,0.5802054498347464,0.6029368477315995,0.5683053889308434,False,-1.0,False
35,125,450,0.8234852925889484,290.47911664787,578116,578116,0.0224591604453085,0.0453040566253139,0.0599914204069771,0.0873873063537421,0.1268378664489479,0.9377030562787887,0.5421565884736383,0.5564018229919308,0.5615205498929259,0.5810993018086641,0.603452080899429,0.5689260688133176,False,-1.0,False
35,140,300,0.8228599100143308,290.20102130748097,578670,578670,0.0226381184440181,0.0455440924879465,0.0601603677398171,0.0877754160402301,0.1275511085765635,0.9371872224546357,0.5412505899917626,0.5558318276659436,0.5618142626429841,0.5805947194974723,0.6023266095846718,0.5683636018765669,False,-1.0,False
35,125,300,0.8223552899677822,289.9645078409095,579142,579142,0.0226593823276502,0.0455691350307869,0.060270192802456,0.0876693453419023,0.1274039872777315,0.9367484449857801,0.5420337917717571,0.55668197700884,0.5622082566413718,0.5821311541406057,0.6038705105970805,0.569385138031931,False,-1.0,False
35,105,800,0.8159116640183938,240.3799357290601,698605,698605,0.0190980597046972,0.0390506795685687,0.0528295674952226,0.0838299181941154,0.1466594141181354,0.8429671658555524,0.5991682959530169,0.6206598401829234,0.6196326765152551,0.6132706976097462,0.5518730081435395,0.6009209036808963,False,-1.0,False
35,105,700,0.8159156422629789,240.37202202030264,698628,698628,0.0190988623416181,0.0390436684472995,0.0528292596345981,0.0838285897501961,0.1466617427300366,0.8429518545454412,0.5991501897393903,0.6207060693900237,0.6196262645781324,0.6132686203285436,0.5518568707474661,0.6009216029567112,False,-1.0,False
35,105,450,0.8154074830228139,240.31698455039296,698788,698788,0.0191789212178801,0.0391606610302409,0.0530532865475652,0.0840355014682564,0.1469658895115543,0.8428453653156683,0.5992176999667966,0.6208492413961346,0.6193509580910972,0.6133613921264178,0.55187685813213,0.6009312299425152,False,-1.0,False
35,105,300,0.8147589596333045,239.94545415577176,699870,699870,0.0193493077285781,0.0394759026676382,0.053314186920428,0.0843070856016117,0.1473902296140712,0.8421263420425535,0.5984650147610628,0.6197429250824619,0.6191477712200172,0.6134449308137266,0.5517795950325881,0.6005160473819714,False,-1.0,False
35,90,700,0.7989878989879882,222.1348637869799,755985,755985,0.0211287260990628,0.0440260058069935,0.0613226452905811,0.0948894488647261,0.1672255401892894,0.8072864240565862,0.6092330474321863,0.6170459616931417,0.6043489910892594,0.5970350215608473,0.517124557251968,0.5889575158054805,False,-1.0,False
35,90,800,0.7990714285287288,222.111947020288,756063,756063,0.0211344821793951,0.0440293996664299,0.0613242547248046,0.0948770142170692,0.1671778674528445,0.8072410891022935,0.6089893362461538,0.6168466698015184,0.6041665284051896,0.5969197416751619,0.5171133931017242,0.5888071338459496,False,-1.0,False
35,90,450,0.7988314218701184,222.0626038869076,756231,756231,0.0212778899569047,0.0442311939076816,0.06157906777162,0.0951362744981361,0.1675149524417803,0.8071434715725483,0.6077226842797299,0.6157759259880909,0.603153676122578,0.5962146820404317,0.5164664717926863,0.5878666880447033,False,-1.0,False
35,90,300,0.7981455184933328,221.7400647801292,757331,757331,0.0213856292691042,0.0444165100860786,0.0618038876000058,0.0953585684462936,0.1678341438551967,0.8065052183613289,0.6078177752276002,0.6157563080570405,0.603241646570102,0.5966041164837366,0.5168033846361805,0.588044646194932,False,-1.0,False
35,75,800,0.7879740152073625,212.71554262971824,789461,789461,0.0215868801625412,0.0458540700553922,0.0625046709083792,0.1002202768724484,0.1741567981192231,0.7885289360761618,0.6264004928350764,0.6256463289583982,0.6201471752291423,0.5951227402053991,0.5164069415739023,0.5967447357603837,False,-1.0,False
35,75,700,0.7880013639986895,212.67755780760436,789602,789602,0.0215792259898024,0.0458319507802665,0.0624757789367301,0.1002188444304852,0.1741598932120232,0.7884527690447694,0.6264379995109913,0.6257615414137746,0.6202617366504899,0.5950727621817304,0.5163398204800699,0.5967747720474113,False,-1.0,False
35,75,450,0.7879429864444848,212.5558822561496,790054,790054,0.021675733557453,0.0459398977791391,0.0626197702941824,0.1004095922557192,0.1743539049229546,0.7882087560069226,0.6253720749370593,0.6250438224870567,0.6195294672767422,0.5943093093464535,0.5158023570329809,0.5960114062160585,False,-1.0,False
35,75,300,0.7873563118261653,212.2203820786728,791303,791303,0.0218070701109435,0.0460683202262597,0.0627989531190959,0.1005367097053846,0.1745841984675908,0.7875356958224228,0.6249715556139628,0.6252607492538511,0.6196824012375435,0.5949345547095928,0.5162354893354493,0.5962169500300799,False,-1.0,False
35,60,800,0.763796192012562,143.5773261013425,1169618,1169618,0.017194502820579,0.0397659748738477,0.0607155498632887,0.1013484744591824,0.1752478159535848,0.639098191277003,0.7304689357277462,0.7229952078923065,0.6808015709365083,0.6399465467524661,0.5627590479320996,0.6673942618482253,False,-1.0,False
35,60,700,0.7637796490976311,143.5598969019286,1169760,1169760,0.0172214813295034,0.0397637122144713,0.0607329708658186,0.1015208247845712,0.1754291478593899,0.6390564861822827,0.7301714213845298,0.7230470330996336,0.6807326022853085,0.6391817767557529,0.5621780013684267,0.6670621669787302,False,-1.0,False
35,60,450,0.763795576637062,143.53437444442926,1169968,1169968,0.0172791050695403,0.0398207472341123,0.0607597814641084,0.1015344009408804,0.175427874950426,0.6389954098662166,0.7294298320471291,0.7225709884717157,0.6805407798332501,0.6390858635572092,0.5621493466055795,0.6667553621029768,False,-1.0,False
35,60,300,0.7634997881527461,143.43494801324587,1170779,1170779,0.0173252168000963,0.0399494695412199,0.0609030397709559,0.1015067745492531,0.1754754740219973,0.6387574165362973,0.7294751392829213,0.7221833787369896,0.6803043536858304,0.6398262959689613,0.562600189830541,0.6668778715010488,False,-1.0,False
35,55,800,0.7562625612679947,139.19217367087012,1206466,1206466,0.01845969965171,0.0435959239630457,0.0652102918772679,0.1059358490003033,0.1806109745322288,0.6285072907460149,0.7305069546589771,0.7088391458678518,0.6697674514911581,0.6342759292321938,0.5601573048436255,0.6607093572187612,False,-1.0,False
35,55,700,0.7562647003886086,139.17890717655922,1206581,1206581,0.0184421932717322,0.0435768506217154,0.0651866720924662,0.1059340400685905,0.1806012194788414,0.6284749419692985,0.730717807024887,0.7089828866275927,0.6699029663829691,0.6342798869443158,0.5601859771282577,0.6608139048216045,False,-1.0,False
35,55,450,0.7561048843590658,139.12102564612374,1207083,1207083,0.0185032843640412,0.043634116295234,0.0652515195723906,0.1059802847028746,0.1807415065906818,0.6283337822795735,0.7302974118356218,0.7088688833436515,0.6698496147108752,0.6343963554838876,0.5600408147496265,0.6606906160247326,False,-1.0,False
35,55,300,0.755877236657628,139.01495773192804,1208004,1208004,0.0185305677795768,0.0437374379555034,0.0653648497852656,0.1061296154648494,0.1809174472932208,0.6280750123046718,0.7304331876915637,0.7085375274325183,0.6696494392143586,0.6341753441532452,0.5599151013120724,0.6605421199607517,False,-1.0,False
35,50,700,0.7409097693772362,109.96823682799167,1527083,1527083,0.0233883816400287,0.0485369819453166,0.0728958412869503,0.1094092462557699,0.1873166029613321,0.5513670868844189,0.701681685481691,0.702239169353171,0.6560159337875964,0.6499573421792307,0.5691879193660592,0.6558164100335497,False,-1.0,False
35,50,800,0.740977462554806,109.96276419154783,1527159,1527159,0.02337935997496,0.0485162317741636,0.0728699500183019,0.1093828474965606,0.1872679923963385,0.5513512463494729,0.7016524856228423,0.7022602230935407,0.6560291935560048,0.6499395852991166,0.5692127226847133,0.6558188420512435,False,-1.0,False
35,50,450,0.7408479695780827,109.92346362681276,1527705,1527705,0.0233795137150169,0.0485414396103959,0.0729152552357948,0.109435394922449,0.1873444153157841,0.551237471516731,0.7019186778960357,0.7023324814892937,0.6560288503242125,0.6499640577233076,0.5692214876660229,0.6558931110197744,False,-1.0,False
35,50,300,0.7406255491099674,109.87592304461104,1528366,1528366,0.0234165114900488,0.0486238243980826,0.0730008388043178,0.1095706133216781,0.1875244542210439,0.5510997962736915,0.7019241718590016,0.7021529498213412,0.655982247529325,0.6497976497780082,0.569071046546324,0.6557856131068001,False,-1.0,False
35,45,700,0.7373755594538565,99.80217040534636,1682635,1682635,0.0240777114466298,0.0509557925515634,0.0762375678623112,0.1144728357605779,0.1965833350667257,0.5206852471745854,0.700521501596315,0.6907655886628943,0.6435334427612032,0.6337991852843836,0.545060788010024,0.6427361012629641,False,-1.0,False
35,45,800,0.7373678094703443,99.80181452847042,1682641,1682641,0.0240681167284049,0.0509722513596186,0.0762414561394854,0.1143838762992224,0.1964720935719502,0.5206841246361777,0.7006555349509365,0.6906537745237284,0.6435264497522495,0.6342276467124075,0.5454542965109621,0.6429035404900567,False,-1.0,False
35,45,450,0.7371794851872409,99.76914398357408,1683192,1683192,0.0240774670982276,0.0509514066131493,0.0763115556632873,0.1141218589441965,0.1945119748668007,0.5205810563697661,0.700930429202469,0.6912055831558175,0.643500999786182,0.6358322403795194,0.5524952400984469,0.6447928985244868,False,-1.0,False
35,45,300,0.7369352234253785,99.72358326588324,1683961,1683961,0.0241205111044733,0.0510546265620165,0.0764447632694581,0.1142550213455062,0.1947016587676318,0.5204372698063586,0.7009067879010765,0.690909412640695,0.643217449209242,0.6357205810050095,0.5523572885691681,0.6446223038650383,False,-1.0,False
35,45,200,0.736317974658271,99.63619249121,1685438,1685438,0.024237616572072,0.0512620458302233,0.076633492302891,0.1144634213777071,0.1949042326089716,0.5201612983733238,0.700744568382631,0.6905759569303289,0.643377119564709,0.6360322955748813,0.5529477753702665,0.6447355431645633,False,-1.0,False
35,45,150,0.7356753671269392,99.4952823900582,1687825,1687825,0.0243840445543821,0.0514093581976804,0.0768806007731844,0.1148075185519825,0.1952803163835113,0.5197158405932665,0.7002742606357792,0.6907619344325703,0.643243400180354,0.6357674157151654,0.5530020081004506,0.6446098038128639,False,-1.0,False
35,45,100,0.7340187206702312,99.16807606499135,1693394,1693394,0.0246652580557153,0.0518892827068006,0.0773051044234242,0.1153440959398698,0.1958805806563623,0.5186791595667606,0.700245771698337,0.6904633632624428,0.6441579572964156,0.6367095097714193,0.5543948669241765,0.6451942937905581,False,-1.0,False
35,45,50,0.7263782546678084,97.67207419630076,1719331,1719331,0.0257140713451918,0.0534347371157735,0.0790755241428206,0.1173380809163564,0.1980107378974729,0.5138978687395117,0.7031658956412902,0.6942753370126455,0.6494861827513413,0.643283049983591,0.5629845038792469,0.650638993853623,False,-1.0,False
35,30,700,0.7135748559514533,80.08988318738712,2096777,2096777,0.0388806248828559,0.0748458228986678,0.1091503769833415,0.1564114829569381,0.2416179689113339,0.4513580350809705,0.56775932028273,0.554451775498428,0.4978037799446783,0.4886445747241993,0.4415228992565535,0.5100364699413178,False,-1.0,False
35,30,800,0.7136005055766819,80.08950122258484,2096787,2096787,0.038881393293644,0.0748588197084396,0.1091560563853171,0.1564240907636302,0.2416168165865202,0.4513565191012324,0.5676967697778843,0.5542977099880861,0.49771702926492967,0.48853302365509543,0.4414737081783176,0.5099436481728626,False,-1.0,False
35,30,450,0.7134999192171947,80.08044972303607,2097024,2097024,0.0388913050112921,0.0748570354941097,0.1091627945126045,0.1560935878654703,0.2399462285600928,0.45132059217358916,0.567783121525385,0.554519809400613,0.4978853458785146,0.4902734775877119,0.4473505782304386,0.5115624665245326,False,-1.0,False
35,30,300,0.7133424884947244,80.05800167047099,2097612,2097612,0.0389371342269209,0.0749132823420156,0.1091979832304544,0.1561461318871173,0.2400267542329086,0.45123147185657964,0.5675454677458349,0.5544087825754225,0.4980027793947687,0.4903558039170705,0.44740325989213886,0.5115432187050472,False,-1.0,False
35,30,200,0.7128816231861178,80.00292750646004,2099056,2099056,0.0389813325609226,0.0750132440487533,0.109321999984755,0.1562893033820917,0.2401798713326371,0.4510127014552119,0.5679560548821155,0.5545863469073702,0.4982221066602982,0.4906461658071753,0.4478378101844901,0.5118496968882899,False,-1.0,False
35,30,150,0.7125198050508533,79.91361243588804,2101402,2101402,0.0390682030377814,0.0750984342833974,0.1093922057750016,0.1564032012913283,0.2402905298462645,0.4506575465408388,0.5676368382419854,0.5546736094606403,0.49855520276080617,0.49086718792870443,0.44821137831550945,0.5119888433415292,False,-1.0,False
35,30,100,0.7111708722263074,79.73217202295716,2106184,2106184,0.0392653253466933,0.0753371975098092,0.1096176782275432,0.1566297151625879,0.2405677756549285,0.44993464743062905,0.5680053981589823,0.5556114305099034,0.5000119433470483,0.4926096955942877,0.4500632576113135,0.5132603450443071,False,-1.0,False
35,30,50,0.7056564757545593,78.85592189662977,2129588,2129588,0.0398114564882972,0.0761090877672113,0.1102804861785472,0.157345927944748,0.2413152215358088,0.4464163986322207,0.5727056501035335,0.5610312613457797,0.5075010936547596,0.5007055056733205,0.45894320817230666,0.52017734378994,False,-1.0,False
35,20,800,0.6809354283475694,59.72489060139359,2811736,2811736,0.0535925136641562,0.0964599805956177,0.1287834277471284,0.1795058284277044,0.2604145623913482,0.3546428603069605,0.45441486489667193,0.4541162131828294,0.4490529087573164,0.4491507205473966,0.445314170920513,0.4504097756609454,False,-1.0,False
35,20,700,0.68096559321545,59.72323382698856,2811814,2811814,0.0535856923679873,0.096449836297849,0.1287741650052243,0.1794937360721584,0.2604016481886782,0.35463325857306544,0.45443629947205944,0.4541325692852101,0.4490453401826503,0.449144332015204,0.445295542506816,0.45041081669238797,False,-1.0,False
35,20,450,0.6808945260611455,59.71824281867065,2812049,2812049,0.0535794362047034,0.0964328857711938,0.1287445560159158,0.1792251841984261,0.2591583574823909,0.35460433120605606,0.45466036006114624,0.45441137448282476,0.44936789544654576,0.4505364681899807,0.44966139724158727,0.451727499084417,False,-1.0,False
35,20,300,0.6808649501307728,59.70896388462023,2812486,2812486,0.0536088001860275,0.0964694579813019,0.1287853521759752,0.1792798257484659,0.25921942367002,0.3545505423401979,0.4543604924950992,0.45418849663554456,0.44918741436826914,0.4503443789491408,0.4495154173273605,0.45151923995508286,False,-1.0,False
35,20,200,0.6807200859758187,59.68252306900586,2813732,2813732,0.0536241546813982,0.096497463155695,0.1288086427563108,0.1793340659309415,0.2592826893250672,0.35439720297260907,0.4544715789872784,0.4542708463842753,0.4493493264872546,0.45039282591996516,0.4496006496583471,0.4516170454874241,False,-1.0,False
35,20,150,0.6805448765549981,59.65057496006556,2815239,2815239,0.0536661363386909,0.0965594750570022,0.1288682772581653,0.1793645228699943,0.2593321561686237,0.3542117961227054,0.4543180460686588,0.45415184069286685,0.44935872903852087,0.45061435455609206,0.44979552634104075,0.4516476993394359,False,-1.0,False
35,20,100,0.6799323462920372,59.56826558841401,2819129,2819129,0.0537094967984792,0.0966419060638942,0.1289341495192309,0.1794912542136241,0.2594652461806466,0.3537334731263914,0.45505292117845353,0.4547795748474957,0.4502365374255274,0.45129491756386664,0.4506120168480218,0.45239519357267294,False,-1.0,False
35,20,50,0.6768449462429912,59.18239054664125,2837510,2837510,0.0539032461559606,0.0968588656956275,0.1291364611930883,0.1797047411286656,0.2597837540660649,0.3514784354893388,0.4590620213069068,0.4594858369399814,0.45542956395995926,0.45669688041771633,0.4559229479453117,0.4573194501139751,False,-1.0,False
35,15,450,0.6715405797586913,43.55735254867794,3855391,3855391,0.0480721669994042,0.0889608861980535,0.1176770397606883,0.1686518954886806,0.2380845418791505,0.23625516157782597,0.541749808163891,0.5318218374426023,0.5343061490989106,0.5189193577870344,0.5405339742997006,0.5334662253584277,False,-1.0,False
35,15,300,0.6715415312784168,43.55300333836821,3855776,3855776,0.0480746288166117,0.088966786452325,0.1176831849153062,0.1686547662519814,0.2381077116512992,0.23621420317322264,0.5417175646210755,0.5317740320451623,0.534267770167329,0.5189040790134982,0.5404533848582449,0.533423366141062,False,-1.0,False
35,15,200,0.6714222557769398,43.54503015961179,3856482,3856482,0.0480863128623444,0.0889720216508206,0.1176891270333946,0.1686570817651942,0.2381460616178164,0.23613909882612139,0.5418208127509068,0.5319802930764439,0.5344794942062427,0.5191402743972452,0.540570186067356,0.533598212099639,False,-1.0,False
35,15,150,0.6712164568248399,43.53327899794765,3857523,3857523,0.0481132581711113,0.0889902665518779,0.1177193240325462,0.1689200556937703,0.2391736873636268,0.23602836609610728,0.5419155140237479,0.5322646147711774,0.5347266371847708,0.5183471797421224,0.5375093067277583,0.5329526504899154,False,-1.0,False
35,15,100,0.6709495866041897,43.50420494178779,3860101,3860101,0.0481616931784945,0.0890354941489872,0.1177541727535108,0.168949465311918,0.2392188701798217,0.23575418623045402,0.5418723832301832,0.5324657569937439,0.5350726522680451,0.5187633245563102,0.537908480738188,0.5332165195572941,False,-1.0,False
35,15,50,0.6694551055356884,43.36374826860686,3872604,3872604,0.0483287214494433,0.0892567378435801,0.1179686846370039,0.1691399378815908,0.2395233284890476,0.23442536872725653,0.5429123392779847,0.5338409979872463,0.536895653731801,0.5209742413629248,0.5399693439878872,0.5349185152695688,False,-1.0,False
35,10,450,0.6627225163252709,29.24896554354749,5741421,5741421,0.0469265361310379,0.0814580571604137,0.103954752664889,0.1446706311904317,0.2112025925289227,0.047370078269902346,0.5740935507039155,0.6083623842966224,0.6338640792143169,0.648352355366408,0.650005270787356,0.6229355280737238,False,-1.0,False
35,10,300,0.6627167172352132,29.248766864177405,5741460,5741460,0.0469291782926294,0.0814588972142974,0.1039557882489819,0.1446693001431691,0.2112013320653631,0.047366335798859106,0.5740730648665586,0.6083678639923413,0.6338699491131925,0.6483705316831043,0.6500215533533602,0.6229405926017113,False,-1.0,False
35,10,200,0.6627065765040602,29.24824215984393,5741563,5741563,0.0469349548197938,0.0814638801315948,0.1039655926443722,0.1446780258267652,0.2112121734099234,0.04735645185868497,0.5740230231370115,0.6083501485664141,0.6338328535059178,0.6483510731702072,0.6500057604064633,0.6229125717572027,False,-1.0,False
35,10,150,0.6626687547047323,29.247121495187123,5741783,5741783,0.0469432578695502,0.0814738209368065,0.1039731038250661,0.144687982809521,0.2112314241064143,0.047335340636123276,0.5739992187844862,0.608351225038545,0.6338666515612827,0.6483832130773906,0.6500187396239878,0.6229238096171384,False,-1.0,False
35,10,100,0.6626395146304552,29.244055388135767,5742385,5742385,0.046963587429265,0.0815070741512455,0.104009570936118,0.1447254059071274,0.2112705783398361,0.04727757339218516,0.5738097547370393,0.6081534351588598,0.6337111240924117,0.6482702534617883,0.6499464159395063,0.6227781966779211,False,-1.0,False
35,10,50,0.6623105753848818,29.22955357431917,5745234,5745234,0.047024368372115,0.081613560039504,0.1041379689669733,0.1448621587910953,0.2114272456091431,0.04700420120141559,0.5737433009108054,0.6080071971078039,0.6336313730473229,0.6483172521465205,0.6500957998585037,0.6227589846141913,False,-1.0,False
35,5,450,0.637018851557683,26.925780172097955,6236797,6236797,0.0486567063189646,0.0840346414994748,0.1077107367772271,0.1497220448252524,0.2161332170984561,0.00017027998846576634,0.6060301775725621,0.6415594725283273,0.6648234970561997,0.6781469637433908,0.6864877161295139,0.6554095654059988,False,-1.0,False
35,5,300,0.6370086132692822,26.92573268248758,6236808,6236808,0.0486580635478918,0.0840364173468222,0.1077129518817959,0.149724025495093,0.2161345996221144,0.0001692387872273967,0.6060346831649015,0.6415668728607022,0.6648315687380877,0.6781589771549958,0.6865042207753661,0.6554192645388107,False,-1.0,False
35,5,200,0.636995212155686,26.92540889415434,6236883,6236883,0.0486571577501133,0.0840362084714431,0.1077140616554775,0.1497244697391309,0.2161368106472415,0.00016213969537915104,0.6060735656728574,0.6415962391452178,0.6648527371662167,0.6781846612926294,0.6865244619935043,0.6554463330540852,False,-1.0,False
35,5,150,0.6369891332155014,26.92508511360827,6236958,6236958,0.048667635728828,0.0840489867015298,0.1077262344880308,0.1497340530431662,0.216146076340421,0.00015504061661931177,0.6059572999471765,0.6415095577166477,0.6647932000281565,0.6781528179186471,0.6865056066156991,0.6553836964452653,False,-1.0,False
35,5,100,0.6369378593443982,26.923893668251026,6237234,6237234,0.0486747811610082,0.0840646671264858,0.1077419894780282,0.1497546829251556,0.2161655310671364,0.00012891611948292027,0.6059755802976988,0.6414938957018572,0.6648060040000392,0.6781633273037235,0.6865457426728325,0.6553969099952303,False,-1.0,False
35,5,50,0.6368082169590755,26.918015688145218,6238596,6238596,0.0487040673895216,0.0841184458810924,0.1078021400969064,0.1498154392430604,0.2162271767557957,0.0,0.6058838314758792,0.641344513193678,0.6647180134780858,0.6781500525290789,0.6866049589945784,0.6553402739342601,False,-1.0,False
40,200,700,0.8393612648676418,289.5365587467543,579998,579998,0.0222724905947951,0.045448432580802,0.0598846892575491,0.087358921927317,0.1271021624212497,0.9359543467173055,0.5115848857385539,0.5224130189366452,0.5292856802852082,0.5483636579018116,0.5696880386841705,0.536267056309278,False,-1.0,False
40,200,800,0.8393986772770264,289.5235800587562,580024,580024,0.0222576996813924,0.045427430589079,0.0598561438837013,0.0872860433361378,0.1270119857109361,0.9359302601319017,0.5116893207155715,0.5224987176846879,0.5293773539635517,0.5486240707902104,0.5699165728095881,0.5364212071927218,False,-1.0,False
40,200,450,0.8390992371183281,289.12828825602554,580817,580817,0.0224356380753318,0.0455806217793212,0.0600309563941826,0.0875611423219361,0.1272621152617778,0.9351965574529789,0.5101210782563337,0.5219285838478394,0.5289615341401043,0.5479686249633988,0.5696877504820135,0.5357335143379379,False,-1.0,False
40,140,800,0.8351333628508761,288.08915410902506,582912,582912,0.022044493851559,0.0450839920948616,0.0594360726833552,0.0866631669960474,0.1260327459376372,0.9332669092966197,0.5231414407435406,0.5339969519628944,0.5406964758621677,0.5603420001718507,0.5820695923648984,0.5480492922210705,False,-1.0,False
40,140,700,0.8351791563585379,288.0441867366034,583003,583003,0.0220513445042306,0.0450923923204511,0.0594473784869031,0.0867285417056172,0.1261056975693092,0.9331833761015149,0.5229623923225952,0.5338368916640259,0.5405346867864864,0.5599441182951461,0.5817272492276502,0.5478010676591808,False,-1.0,False
40,125,800,0.8349030430969132,287.79193815401175,583514,583514,0.0220063271832381,0.0450940337335522,0.0594964302484601,0.0868445315793622,0.1261786349599152,0.9327147429388305,0.5240876065149938,0.5343957640451842,0.540815686557486,0.5599780115168371,0.5820513819590927,0.5482656901187187,False,-1.0,False
40,125,700,0.8349816775380907,287.7687593927627,583561,583561,0.0220011275599294,0.0450938290941306,0.0594967792570099,0.0868992273301334,0.1262370172098546,0.9326716769803978,0.5239887547802148,0.5342345607995762,0.5406508257725109,0.5595616484600057,0.5816904866282968,0.548025255288121,False,-1.0,False
40,140,450,0.8348824256069586,287.63419910454,583834,583834,0.0222100802625403,0.0452183326082413,0.0595802916582453,0.0868603061829218,0.1262430759428193,0.9324216519320987,0.5216246809265929,0.5334728444868913,0.5403615046235377,0.5599475636466457,0.5818754044931802,0.5474563996353696,False,-1.0,False
40,125,450,0.8347189356397627,287.32120553664004,584470,584470,0.0222252639143155,0.0452837613564425,0.0597224836176364,0.0870925796020326,0.1264239396376204,0.9318399954447074,0.5217764284216235,0.5333030331737143,0.5398575053839783,0.5592092067013892,0.5816001638217044,0.547149267500482,False,-1.0,False
40,105,800,0.8251836239321048,238.27416112001063,704779,704779,0.0188782582908968,0.0388689220308777,0.0523270415264927,0.0832076438145858,0.145750653751034,0.838888239321248,0.5826759791397236,0.6028765281204509,0.6034147849938825,0.5969602917024799,0.5357613327290724,0.5843377833371219,False,-1.0,False
40,105,700,0.825115097748093,238.25861029333524,704825,704825,0.0189054020501542,0.0388919235271166,0.0523676089809527,0.0832901784130812,0.1458390380590926,0.8388580815874328,0.5824840510386591,0.602839709726306,0.6033162957287864,0.5967195267573304,0.5356032938716409,0.5841925754245445,False,-1.0,False
40,105,450,0.8248658248919187,238.1727792204845,705079,705079,0.0189482313329428,0.0389757743458534,0.0525387935252645,0.0834005834807163,0.1460049157612125,0.8386916198561074,0.5824734244709243,0.6027043805092631,0.6028181121514944,0.5967237448463184,0.535556495638323,0.5840552315232646,False,-1.0,False
40,90,800,0.8075102170904184,220.0201833996942,763251,763251,0.0207742931224459,0.0436737062905911,0.0606930092459754,0.0944682679747553,0.1664878264162117,0.8030970899193499,0.5959482789232795,0.6021394334024363,0.5904361523113966,0.5813442901571109,0.5019844334631378,0.5743705176514722,False,-1.0,False
40,90,450,0.8073212984770147,220.0118239702337,763280,763280,0.0208809349124829,0.043860706424903,0.060984173566712,0.0947804213394822,0.1667422177968766,0.8030805050637551,0.5950279836158396,0.6010778510402802,0.5891021595726373,0.580288252580863,0.5015123426667755,0.573401717895279,False,-1.0,False
40,90,700,0.807432998100532,219.9907840802355,763353,763353,0.0207819973197197,0.0436718005955305,0.0607032395235231,0.0945041153961535,0.166521910570863,0.8030387617048902,0.5960134008689575,0.6023141002243807,0.5905354021981772,0.5813379637519362,0.5020286419036672,0.5744459017894238,False,-1.0,False
40,75,700,0.7965696989355526,210.8780483210689,796340,796340,0.021407941331592,0.0456990732601652,0.0621970515106612,0.0997023884270537,0.1734723861667127,0.7848393119740039,0.6108057382345952,0.6090551897352199,0.6041745546751217,0.5797284608730161,0.5009340691084321,0.580939602525277,False,-1.0,False
40,75,800,0.7965537138565985,210.87063392803327,796368,796368,0.0213946316275892,0.0456936993952544,0.0621735177706788,0.0997001386293773,0.1734637755409559,0.7848244029084507,0.6110025045224874,0.6091300291601367,0.604347081392645,0.5797719840718621,0.5009963797541803,0.5810495957802624,False,-1.0,False
40,75,450,0.7960202294336596,210.81266076398435,796587,796587,0.0214063247328917,0.0457677566919871,0.0623597924646021,0.0998534999943509,0.1735905808154037,0.7847078229399445,0.6119631573370596,0.6096591689496705,0.6043478801646337,0.58016544534891,0.5016705509377068,0.5815612405475962,False,-1.0,False
40,60,800,0.7690391700358947,142.74571330939654,1176432,1176432,0.0171059610755232,0.0396427502822092,0.0603910808274511,0.10026588872115,0.1759464210426101,0.6371049065336025,0.7207034823027212,0.713098189177429,0.6718697213421638,0.6341111497431516,0.5495342683806634,0.6578633621892258,False,-1.0,False
40,60,700,0.769022239655336,142.72266284329206,1176622,1176622,0.0171082981620265,0.039645697598719,0.0603898278291583,0.1002641460044092,0.1759426561801496,0.6370495582443779,0.7207097926156955,0.7131103433780474,0.6719121952778346,0.6341542791201193,0.5495820934169,0.6578937407617194,False,-1.0,False
40,60,450,0.7689434123996349,142.69489085704137,1176851,1176851,0.0171593515236848,0.0397306031094845,0.0604902404807405,0.1009397111444014,0.1746142884698232,0.636982865615582,0.7202451672014256,0.7126139558608455,0.6714804586896864,0.6311855439774614,0.5542526963771148,0.6579555644213068,False,-1.0,False
40,55,700,0.7605944283353331,138.41614945228852,1213230,1213230,0.0182356189675494,0.0432382977671175,0.0646390214551239,0.1047822754135654,0.1811898815558467,0.6266118076923295,0.7242944893252485,0.7026492793303409,0.6641840878310157,0.6306558602734746,0.5492249118000968,0.6542017257120354,False,-1.0,False
40,55,800,0.7606238433537835,138.4147803983047,1213242,1213242,0.0182304931744862,0.0432304519625927,0.0646367336442358,0.1047779420758595,0.1811872651952372,0.6266084578430506,0.72429662619776,0.7026493322021834,0.6641367462935435,0.630615053226721,0.5491728931749826,0.6541741302190381,False,-1.0,False
40,55,450,0.7606104851251679,138.37611580932793,1213581,1213581,0.0182600090146434,0.0432694645021634,0.064698606850305,0.1054152957239772,0.1798322485272923,0.6265138434021613,0.723961316480983,0.7023739222085628,0.6637978124249897,0.6276879297080533,0.5537983839830117,0.6543238729611202,False,-1.0,False
40,50,800,0.7431700064650324,109.48051224145732,1533886,1533886,0.0231386165595096,0.0482486964481063,0.0724695316340327,0.1085100196494394,0.1882519300652069,0.5499527615236731,0.7000738607284294,0.6997994291180947,0.6538624933348216,0.6494469102043714,0.5613349157798395,0.6529035218331113,False,-1.0,False
40,50,700,0.7431623322223102,109.47380343941904,1533980,1533980,0.023143717649513,0.0482574740218255,0.0724807363850897,0.1085222753882058,0.1882599512379561,0.5499332701044877,0.700027018791604,0.6997471290490814,0.6538119945984899,0.6494059800694834,0.5613235859780341,0.6528631416973385,False,-1.0,False
40,50,450,0.7430467730077539,109.45510877684224,1534242,1534242,0.0231554083384498,0.0482785636164307,0.0725283234326788,0.108982807145157,0.1866426548093455,0.5498789502500163,0.7001224915844313,0.6998225332043413,0.6537692855186648,0.6475101863565049,0.567050624796842,0.6536550242921568,False,-1.0,False
40,45,800,0.7381785617299633,99.39152289879124,1689587,1689587,0.0237981234467358,0.0506046743967608,0.0758149772695931,0.1136064612239559,0.1974506195892842,0.5193874485305685,0.7022972583008289,0.6918307980400298,0.6443748081042575,0.6361532913859684,0.5404555068043586,0.6430223325270886,False,-1.0,False
40,45,700,0.7381900729648505,99.38564065415666,1689687,1689687,0.023799674140832,0.0506010876570631,0.075814041298773,0.1136038804820064,0.1974513622937266,0.5193688219765524,0.7022543578431168,0.6918348301194338,0.6443565224440017,0.6361414245974507,0.5404291555272174,0.643003258106244,False,-1.0,False
40,45,450,0.7381172558545762,99.37293738161304,1689903,1689903,0.0238670503573282,0.0506780566695248,0.0758842371426052,0.1136869986028783,0.1975622269443867,0.519328592613171,0.7015765631851569,0.6913876539618047,0.6440913730523736,0.6359068377271169,0.5402037197720317,0.6426332295396968,False,-1.0,False
40,30,800,0.7125006444570658,79.8469657029721,2103156,2103156,0.0386809157285527,0.0744852022389209,0.108649572356972,0.1554549448543046,0.2420804733457718,0.4503922317861511,0.5724390864857097,0.5594771062399346,0.5029948529331947,0.4953029822312048,0.4421774180068411,0.514478289179377,False,-1.0,False
40,30,700,0.7124851092556966,79.844573960201,2103219,2103219,0.0386864135403873,0.0744815447178824,0.1086453669351598,0.1554488619587404,0.2420755993550838,0.4503827057127257,0.5724036400999193,0.5595376810662832,0.5030519311309736,0.49536334435409285,0.442226118161593,0.5145165429625724,False,-1.0,False
40,30,450,0.7123535399382526,79.83815872297455,2103388,2103388,0.0387194374028947,0.0745250044214381,0.1087027215140525,0.1555167187413829,0.2421493324103779,0.4503571528321717,0.5722699177727006,0.5594724502678617,0.5029844959254988,0.4953211409798293,0.44224830892153455,0.514459262773485,False,-1.0,False
40,20,800,0.6767282015255732,59.60769917196259,2817264,2817264,0.0534884199705813,0.0962249189284355,0.1284345379062807,0.1788501184127579,0.2608165226971984,0.35396274997337995,0.4644049464090513,0.46465227744413795,0.45983003673512995,0.4609006113273958,0.4526602532472994,0.4604896250326028,False,-1.0,False
40,20,700,0.6767184585844358,59.60623930504488,2817333,2817333,0.0534860451355945,0.0962197226951872,0.1284246484174927,0.1788428985852932,0.2608179437787439,0.35395426578152767,0.46445432074875365,0.4647128141689842,0.4599088006831014,0.4609542528510812,0.45267560156595765,0.46054115800357565,False,-1.0,False
40,20,450,0.6766292907481254,59.60131013789916,2817566,2817566,0.0535018523079849,0.096236609896627,0.128444905993329,0.1788632457944197,0.2608364808490733,0.35392561715221355,0.46444453523073226,0.4647662274243633,0.45997337754992806,0.4610445226987653,0.45279730139841706,0.46060519286044127,False,-1.0,False
45,200,800,0.8493517640617393,287.1325578691434,584854,584854,0.0219234202040167,0.0449667780334921,0.0592883010118764,0.0865532252493784,0.126070780057929,0.9314893605730467,0.4951946698382479,0.5054718696274494,0.512136351509061,0.5314160436781368,0.5525048875556264,0.5193447644417043,False,-1.0,False
45,200,700,0.8493088839235008,287.1094851949304,584901,584901,0.0219216585370857,0.0449648743975476,0.0592766981078849,0.086577044662259,0.1261444244410592,0.9314464729228367,0.4953051061659794,0.5055754304396745,0.5122938694532789,0.5313943892366201,0.5523437704086052,0.5193825131408316,False,-1.0,False
45,200,450,0.8490987700643462,286.7579633822731,585618,585618,0.0220604557920009,0.045142055059783,0.059420987742863,0.0867749966701843,0.1263622361334521,0.9307929799356978,0.49403326551990845,0.5046340090895058,0.5118739649455339,0.5309116698447313,0.5520396810929056,0.518698518098517,False,-1.0,False
45,140,800,0.8455020760405836,285.6259322820905,587939,587939,0.0217471540414906,0.0447053180687112,0.0589840102459608,0.0861773075097926,0.1255419354728977,0.9286874410614796,0.5053320817444663,0.5154728115610414,0.521909042412074,0.5411286196832121,0.5622691777217736,0.5292223466245135,False,-1.0,False
45,140,700,0.8454844119248228,285.569589579206,588055,588055,0.0217479657515028,0.0447016010407189,0.0589723750329475,0.0862181258555747,0.1255936944673542,0.9285826035593414,0.5053586690568116,0.5155382560463859,0.5220145483070346,0.5409759545302477,0.5621301184936118,0.5292035092868185,False,-1.0,False
45,140,450,0.8451772161045499,285.45697083226383,588287,588287,0.0218838764072638,0.0449083525558103,0.0591734986494687,0.0864730990145966,0.12579064300248,0.9283730405934193,0.5043233096799584,0.5145681005389127,0.5214588955934278,0.5404298684134033,0.5620978058883026,0.5285755960228009,False,-1.0,False
45,125,800,0.8450454465223485,285.2945098891988,588622,588622,0.0216675557488507,0.0447315934504656,0.059051479557339,0.086291372052013,0.125384372313641,0.9280707021801305,0.5072562616881473,0.5162140313229394,0.5224546349898473,0.5415451525747712,0.5637491576042064,0.5302438476359823,False,-1.0,False
45,125,700,0.8450245235650559,285.2823933528923,588647,588647,0.0216700331438026,0.0447364889313969,0.0590540680577663,0.0863505632407877,0.1254571925109615,0.9280481520743491,0.507269112221336,0.5162193170429268,0.5224826142992964,0.5413140573405888,0.5635453802227135,0.5301660962253723,False,-1.0,False
45,125,450,0.8445969515532774,285.1390117549576,588943,588943,0.0218119580332901,0.0449415308442412,0.0592502160650521,0.0865890247443301,0.1256403421044142,0.9277812902447861,0.506409002951719,0.5155116512349827,0.5222056500977927,0.5410937282685412,0.5638090989505521,0.5298058263007175,False,-1.0,False
45,105,800,0.8329803855578213,236.6950277738234,709481,709481,0.0185036667648605,0.0386944823046706,0.0520324011495727,0.0824532298962199,0.1450257300759287,0.8358231275761732,0.5711411894095522,0.58809039791448,0.5890192344635503,0.5843165156401856,0.5220798930664091,0.5709294460988354,False,-1.0,False
45,105,700,0.8327925847629489,236.68135026116173,709522,709522,0.0185293761151874,0.0387162061218679,0.0520505354308957,0.0825118882853526,0.1450990948835976,0.8357965554497295,0.5712138289229389,0.5883104333217,0.5893005864070069,0.5844333693436218,0.5222197465884704,0.5710955929167476,False,-1.0,False
45,105,450,0.8327617753646916,236.5310018831702,709973,709973,0.018713387692208,0.0389254239245717,0.0523048059574096,0.0828369529545489,0.1454506016425976,0.8355044372984026,0.5690147699431553,0.5867489296756212,0.5878578578042819,0.5829901491898734,0.5210907987345623,0.5695405010694989,False,-1.0,False
45,90,700,0.8145464229432787,218.8659947658991,767276,767276,0.0204737278371798,0.0435736293067944,0.0605453578634024,0.0939687934980372,0.1658607854279294,0.8008053824522436,0.5850777084030769,0.5883501646651959,0.5767442564744976,0.5690931528139971,0.48954539946919945,0.5617621363651935,False,-1.0,False
45,90,800,0.8145366290613363,218.8528740215972,767322,767322,0.0204229775765584,0.043508461897352,0.0604765665522427,0.0938393529704609,0.1658091387970109,0.8007793091351989,0.5857220744244659,0.5888766867146076,0.5771721096583228,0.5697135162831579,0.48974092235054856,0.5622450618862206,False,-1.0,False
45,90,450,0.8143518689860173,218.747394788535,767692,767692,0.0206567217061008,0.043768855217978,0.0607522287584083,0.0941744866430808,0.1662163992851299,0.8005696850972399,0.58323015666837,0.5872363477798909,0.5759213552281623,0.5685423325372083,0.4887415076319586,0.560734339969118,False,-1.0,False
45,75,800,0.8033201982125858,209.85006391824464,800241,800241,0.0209561869486817,0.0451251560467409,0.0616576756252179,0.0991501310230293,0.1727592062891054,0.7827705625640478,0.6023858666805647,0.5995383837823888,0.5933950472816774,0.5683135098398333,0.48937880526168254,0.5706023225692294,False,-1.0,False
45,75,700,0.8033054512000299,209.828825147878,800322,800322,0.0209765569358333,0.0451505768928006,0.061690169706693,0.0991538405791668,0.1727654619015846,0.7827277857455371,0.6021659012219632,0.5993714345807973,0.5932330551071914,0.5683268423028787,0.48938810875335104,0.5704970683932363,False,-1.0,False
45,75,450,0.8031023242887819,209.6716346910186,800922,800922,0.0211930749810843,0.0453190198296463,0.0617588229565425,0.0994179208462247,0.1726647538711634,0.7824111452570075,0.5999238414170036,0.5984834266142391,0.5932468192240222,0.5675230868575641,0.4901503542736966,0.5698655056773052,False,-1.0,False
45,72,450,0.8029378010442708,209.5256587812547,801480,801480,0.021241952388082,0.0453748066077756,0.0618692918101512,0.0995009232919099,0.1727042471427858,0.7821170246073319,0.5996633864654618,0.598390657088415,0.5929329134004964,0.5674788908992469,0.490356950173523,0.5697645596054286,False,-1.0,False
45,69,450,0.8001068561866329,207.72952462240696,808410,808410,0.0228398955975309,0.0467411338306057,0.0637275639836221,0.101109585482614,0.1741789438527479,0.7784924602105581,0.5858737932623491,0.5936372498124518,0.5877837152675023,0.5658818797068988,0.4912137805987654,0.5648780837295935,False,-1.0,False
45,66,450,0.7957196629581408,201.4290880608759,833696,833696,0.0233118546808428,0.0498611004490845,0.0676781464706559,0.1077155222047365,0.1818648524162284,0.7656929017449234,0.5891525671656708,0.57848270017622,0.5734597402285223,0.5443392732988108,0.47421658079444345,0.5519301723327336,False,-1.0,False
45,63,450,0.7896180654183002,196.6163624293557,854103,854103,0.0228859985271097,0.0519668002571118,0.0704165656835299,0.1100944499668072,0.1827238635152903,0.7558202642084393,0.6070212735051563,0.574756622924543,0.569866882462295,0.545942371894528,0.48393362191749323,0.556304154540803,False,-1.0,False
45,62,450,0.7794136727369438,166.52168502302024,1008461,1008461,0.0196785002097255,0.0451985748581254,0.0690646440467206,0.1098098984492211,0.1798562363839553,0.6917473074540258,0.6675904286287226,0.6484605259469952,0.5990024453634207,0.5683872015532241,0.5147896860304906,0.5996460575045706,False,-1.0,False
45,61,450,0.7786447857882662,166.36727174738976,1009397,1009397,0.0196533177728881,0.0451685511250776,0.0690778752066828,0.1101390235952751,0.1801144643782377,0.6914059689269219,0.6694918924819546,0.6502855505455793,0.6005158412208699,0.5684531621640524,0.515505256404102,0.6008503405633117,False,-1.0,False
45,60,700,0.7733002750542762,142.06054702370176,1182106,1182106,0.0169798647498616,0.0393340360339935,0.0599777008153245,0.0997973109010528,0.1752355541719608,0.6354573992525688,0.7134325708848892,0.7066748503897355,0.6654973776711568,0.627461928159128,0.5431248249536993,0.6512383104117218,False,-1.0,False
45,60,800,0.7734125916713743,142.05838389204516,1182124,1182124,0.0169812980702532,0.0393249777519109,0.0599607147811904,0.0997881778899675,0.1752142753213706,0.6354521903488273,0.7131824214443228,0.7065126952185306,0.6653654936810987,0.6272717454007373,0.5429645047491015,0.6510593720987581,False,-1.0,False
45,60,450,0.7732927129176043,141.9971225248048,1182634,1182634,0.0170483852146987,0.0394044142143723,0.0600912877525929,0.1004858646039264,0.1738898086812995,0.6353046507338564,0.7126056109624725,0.7061437803071677,0.6648400489447794,0.6242854412734641,0.5477068574879271,0.6511163477951621,False,-1.0,False
45,59,450,0.7720845422567687,141.49903058400045,1186797,1186797,0.017125085418989,0.0399166833080973,0.0604248241274624,0.1006920307348265,0.1743339425360866,0.634103631880639,0.7141636224915071,0.7046654864894559,0.6653651153662654,0.6258308683887521,0.5487010401872714,0.6517452265846504,False,-1.0,False
45,58,450,0.76946638530353,140.2249745319728,1197580,1197580,0.0170376926802384,0.0399580821323001,0.0605003423570867,0.1010696571419028,0.17480919855041,0.6310198163647248,0.7206585554864211,0.7097641239108332,0.6703379219587134,0.6295004281834281,0.5525086436979361,0.6565539346474664,False,-1.0,False
45,55,800,0.7649684940238468,137.84035186793378,1218298,1218298,0.0181794601977512,0.0430978299233849,0.0643816209170498,0.104328333461928,0.1804221955547821,0.6252010877759007,0.7159296792558167,0.694685078946187,0.6566537341441734,0.6237049297979622,0.54277440992137,0.6467495664131018,False,-1.0,False
45,55,700,0.7650019832333635,137.8360526160271,1218336,1218336,0.0181821763454416,0.0431014104483492,0.0643853583904604,0.104335749743913,0.1804666364615344,0.625190540571735,0.7158269469814489,0.6945879329673192,0.6565622591764879,0.6236012167926931,0.5425542822119362,0.646626527625977,False,-1.0,False
45,55,450,0.7648250365768414,137.81659619797327,1218508,1218508,0.0182280296887669,0.0431544150715465,0.064425510542401,0.1050021829975675,0.1791018196023333,0.6251428062318507,0.7156293993627436,0.6945424958945361,0.656690688014048,0.6208779488805696,0.5475516959527909,0.6470584456209376,False,-1.0,False
45,50,700,0.7446493927226968,109.07794630498452,1539547,1539547,0.0230489877866671,0.0481362374776476,0.0722608663457497,0.1081084241013752,0.1877552292979688,0.5487813774498902,0.6981133513076333,0.6976103553089341,0.6520361017743919,0.6482460118397555,0.5599576187335787,0.6511926877928588,False,-1.0,False
45,50,800,0.7446346559071044,109.0778046038158,1539549,1539549,0.0230372661084512,0.0481218850455555,0.0722484311964088,0.1081134799866714,0.1877406954893933,0.5487809644856714,0.6982880049781213,0.6977523595846412,0.6521402869190873,0.64825308159602,0.5600374436768634,0.6512942353509465,False,-1.0,False
45,50,450,0.7444608303108204,109.0458603896104,1540000,1540000,0.0230506493506493,0.0481584415584415,0.0723032467532467,0.108588961038961,0.1861116883116883,0.5486878568524789,0.6984832899542874,0.6978282365759355,0.6521753760775679,0.6464086087755173,0.5659248453393069,0.6521640713445229,False,-1.0,False
45,45,800,0.7394446024996193,99.0447814275654,1695502,1695502,0.0237793880514443,0.0505614266453239,0.0756006185778607,0.1132413880962688,0.1968425870332208,0.518287693525074,0.699906631601708,0.6895457425860635,0.643023827573119,0.6352247532204062,0.5398976587738631,0.6415197227510319,False,-1.0,False
45,45,700,0.7394558530197765,99.0435547025903,1695523,1695523,0.0237814526845109,0.0505661085104714,0.0756138371464144,0.1132564996169323,0.1968773057044935,0.5182837963132857,0.6998579508365745,0.6894860806107459,0.6429222182999738,0.6351314046561172,0.5397565601569005,0.6414308429120624,False,-1.0,False
45,45,450,0.739388875152206,99.02807721248176,1695788,1695788,0.0238131181492026,0.0506000750093761,0.0756598112499911,0.1132865664811875,0.196927917876527,0.5182346216002549,0.6996072126490276,0.6893608763278749,0.6427884901104994,0.6351306752909835,0.5397234841243721,0.6413221477005514,False,-1.0,False
45,30,800,0.7116460947403785,79.6521108703169,2108301,2108301,0.0386164024966074,0.0743679389233321,0.1084532047368947,0.1551211141103665,0.2416637851995516,0.4496150604763481,0.5750015555543493,0.5621571858509502,0.5059274310398092,0.4986197568661976,0.4453604538892864,0.5174132766401185,False,-1.0,False
45,30,700,0.71162471128095,79.6465953377059,2108447,2108447,0.0386208427340122,0.0743713263838265,0.1084504376918177,0.1551279211666217,0.2416570110607475,0.4495930299573255,0.5749912218161952,0.562175139825976,0.5059880944452365,0.49863246839056563,0.4454277089746162,0.517442926690518,False,-1.0,False
45,30,450,0.7115461811897634,79.63692611050489,2108703,2108703,0.0386256386034448,0.0743864830656569,0.1084434365579221,0.1551214182367075,0.2416622919396425,0.44955440420085796,0.5750948225954143,0.5622199736497959,0.5061921519669336,0.49882519297900635,0.4455723668573184,0.5175809016096936,False,-1.0,False
45,20,800,0.6731823802563789,59.49800670195978,2822458,2822458,0.0533825481194051,0.0960871694104925,0.1282867628145396,0.1786035434362531,0.2604800496588434,0.35332443474111097,0.4730476194632979,0.4730631074010484,0.4680463173736383,0.469384472689466,0.46114270902486404,0.4689368451904629,False,-1.0,False
45,20,700,0.6732118585958063,59.49760618067038,2822477,2822477,0.0533790000768828,0.0960893569726166,0.128290505113062,0.1786058841223506,0.2604829020750213,0.35332210098687056,0.473030223203178,0.4729850860140908,0.4679631173224564,0.46931259370604034,0.46107200268282844,0.4688726045857187,False,-1.0,False
45,20,450,0.6731614197884782,59.49473944887237,2822613,2822613,0.0533796166885081,0.0961003155586685,0.1282938893854736,0.1786132211535906,0.2605015281939111,0.3533053964842823,0.4731270615062925,0.4730043763243308,0.46804748700529025,0.4693830000997782,0.46111322157705653,0.46893502930254966,False,-1.0,False
50,200,800,0.8579561946954333,285.62738971588743,587936,587936,0.0219003428944647,0.0445813830076743,0.0588754558319272,0.0864158683938387,0.1257415773145376,0.9286901528718992,0.4776651339683297,0.4906524468878885,0.4967690684215805,0.5142395075041384,0.5358086126557573,0.5030269538875389,False,-1.0,False
50,200,700,0.8579889947089123,285.5807592103831,588032,588032,0.0219188751632564,0.0446047153896386,0.058899855790161,0.0864306704397039,0.1257873721158032,0.9286033873358508,0.4773693332104714,0.49040328746403944,0.49655659837977784,0.5141029808259995,0.535585317726299,0.5028035035213174,False,-1.0,False
50,200,450,0.8577043143939221,285.2853012277432,588641,588641,0.0220219114876469,0.0447505355556272,0.0590105004578342,0.0866232559403779,0.1260207834656437,0.9280535639419748,0.4766916260082594,0.48985985809582144,0.4964904060827246,0.5137995118380314,0.5353826669475812,0.5024448137944836,False,-1.0,False
50,140,800,0.8541562950530611,283.98752137127934,591331,591331,0.0218151931828366,0.0443237374668332,0.0586541209576362,0.0860431805537,0.1251566381603535,0.9256371890425638,0.4865789868384639,0.5005206824646189,0.5059471846771719,0.5238340352605346,0.5456601682397317,0.5125082114961041,False,-1.0,False
50,140,700,0.8541203516415394,283.9351836196402,591440,591440,0.0218297714053834,0.0443443121872041,0.0586754362234546,0.0860763560124442,0.125189368321385,0.9255396947427643,0.4864741261876655,0.5004352617366896,0.5058953070270176,0.5237546453296715,0.5456235202713917,0.5124365721104872,False,-1.0,False
50,125,800,0.8540607431467405,283.7154796941365,591898,591898,0.0217334743486208,0.0443336520819465,0.0586773396767686,0.0860317149238551,0.1252327259088559,0.9251303938732606,0.4877817226887619,0.5006414781560127,0.5060074338707257,0.5240850063952214,0.5455998040144507,0.5128230890250345,False,-1.0,False
50,125,700,0.8540153350400701,283.67665913824646,591979,591979,0.0217524608136437,0.0443613709270092,0.0587081636341829,0.0860621745028117,0.1252780926350428,0.925058066064862,0.48764224692659525,0.5005201533229329,0.5059188130468186,0.5240378015991789,0.5455398720018103,0.5127317773794673,False,-1.0,False
50,140,450,0.8539779726088526,283.6483891236711,592038,592038,0.0219225792938966,0.0444751857144304,0.0587698762579429,0.0862377077147075,0.1253939780892442,0.9250053940851033,0.4856276016848106,0.499713344527181,0.505630525307164,0.5233013773135253,0.5452239996250156,0.5118993696915394,False,-1.0,False
50,125,450,0.8539199722778537,283.3860823576662,592586,592586,0.021844930524852,0.0444931199859598,0.0588049667052546,0.0862187091831396,0.1254872710458904,0.9245166216601978,0.4867025456429729,0.49969409919375457,0.5055426952749644,0.5235095299064858,0.5450275136161364,0.5120952767268628,False,-1.0,False
50,105,800,0.8410534482925058,235.4162139808085,713335,713335,0.0185929472127401,0.0383606580358457,0.0518269817126595,0.0824647605963537,0.1444720923549244,0.8333368986299017,0.5533300230667302,0.5739704175829418,0.5735230518672483,0.5675497996374127,0.5072452343220766,0.5551237052952819,False,-1.0,False
50,105,700,0.841110649392944,235.35913402512656,713508,713508,0.0185968482483728,0.0383653722172701,0.0518270292694686,0.0824657887507918,0.1444608890159605,0.8332258402665399,0.5531636303455497,0.5738153753650345,0.5734043495125565,0.5674266125140515,0.5071648288487889,0.5549949593171963,False,-1.0,False
50,105,450,0.8406534306763407,235.32450361750696,713613,713613,0.0186543686844269,0.0384592208942381,0.0519791539672063,0.0826750633746862,0.1447479235944412,0.8331584575854041,0.553402842486423,0.5740328787772004,0.5734495923993363,0.5674029702270664,0.5071374216492335,0.5550851411078519,False,-1.0,False
50,90,700,0.8223428098367217,217.8130897488278,770985,770985,0.0206463160761882,0.0434068107680434,0.0604395675661653,0.0940550075552702,0.1656024436273079,0.7987115276329966,0.5668148709198173,0.5735056058442046,0.5612305755405927,0.5525529921705994,0.4742815322607518,0.5456771153471932,False,-1.0,False
50,90,800,0.8224570678512747,217.7885139130976,771072,771072,0.0206426896580345,0.0434006162848605,0.0604275605909694,0.094050879814077,0.1655500394256308,0.7986626175750472,0.5666229233294873,0.5733171843697467,0.5610651722528031,0.5523355857485256,0.4742228072668636,0.5455127345934853,False,-1.0,False
50,90,450,0.8217085399569335,217.7568842195896,771184,771184,0.020764175605303,0.0435953028071121,0.060654785368991,0.0942278366771094,0.165780151040478,0.7985996666245478,0.5666786164562552,0.5733544223125255,0.5612685421810438,0.5530648518264805,0.47499163366587527,0.545871613288436,False,-1.0,False
50,75,800,0.8104988951505353,208.9180478993196,803811,803811,0.0210683854786759,0.0448712446084962,0.0614709179147834,0.0989312164177897,0.1723166266697022,0.780892043077719,0.5861444311816862,0.586649169860647,0.5796398579214599,0.5544667017094251,0.47601886565863627,0.556583805266371,False,-1.0,False
50,75,700,0.8104349577019847,208.90531311422387,803860,803860,0.0210633692434005,0.0448585574602542,0.0614597069141392,0.0989152339959694,0.1723235389246883,0.7808663562753891,0.5863384837525507,0.5868800951704962,0.5798386478020922,0.5546731629036927,0.47612777754296753,0.5567716334343599,False,-1.0,False
50,75,450,0.8101288907542792,208.84789592093333,804081,804081,0.0212428847342494,0.0450539186972456,0.0617052262147719,0.099062159160582,0.1724515316243015,0.7807505359707816,0.5847645663999472,0.5859960868088483,0.5790176207883788,0.5546256514068305,0.4763271084929567,0.5561462067793923,False,-1.0,False
50,63,450,0.795539006434711,195.9649836278301,856942,856942,0.0228580230634045,0.0516522705153907,0.0701786118547112,0.1099047543474354,0.182286549148017,0.754477320374558,0.5951074664693379,0.564942185427082,0.5590188912460063,0.5345639736489045,0.4731596857053906,0.5453584404993442,False,-1.0,False
50,60,800,0.7781712446074791,141.57680974922965,1186145,1186145,0.0168655602814158,0.0392287620822074,0.0598324825379696,0.0993748656361574,0.1746793182958238,0.6342913447314492,0.7047540795198057,0.697408534591312,0.656273646910991,0.6193362633901851,0.5349281162312229,0.6425401281287033,False,-1.0,False
50,60,700,0.7781426356177362,141.56940989220263,1186207,1186207,0.0168815392254471,0.0392283977417095,0.0598715064065546,0.099969904072392,0.1732530662860698,0.6342734885533095,0.7046168097147778,0.6974705926987631,0.6561016645641864,0.6166368865415783,0.5398268953437206,0.6429305697726052,False,-1.0,False
50,60,450,0.7780071511672212,141.5436357858875,1186423,1186423,0.0169332523054593,0.0392844710529044,0.0599255071757712,0.1000570622787993,0.1734094838013086,0.6342112900858177,0.704261366125842,0.6973154797021275,0.6560622054438063,0.6165133068632862,0.5395766269033608,0.6427457970076846,False,-1.0,False
50,55,800,0.7694572551645767,137.3083838504421,1223018,1223018,0.0180267175135607,0.042917602193917,0.0641004466001318,0.1039469574446165,0.1799384800550768,0.6238944500408482,0.7085151404793772,0.6867923008317884,0.6490267879735667,0.6161801345872522,0.5351228924455774,0.6391274512635124,False,-1.0,False
50,55,450,0.7691654831967796,137.28009760723307,1223270,1223270,0.0181219191184284,0.0430060411846934,0.064227848308223,0.1046964284254498,0.1787446761548963,0.6238248829005245,0.7079484605232389,0.6867093126693093,0.6488759944164109,0.613309619996366,0.5397777429709295,0.639324226115251,False,-1.0,False
50,55,700,0.7694747828171784,137.27942426729535,1223276,1223276,0.0180351776704521,0.0429159077755142,0.064104911728833,0.1039495583989222,0.1799561178344053,0.6238232267787834,0.7083748169235704,0.6867691771195761,0.6489640461819381,0.6161317899091154,0.535026757393098,0.6390533175054596,False,-1.0,False
50,50,800,0.7465052124238017,108.71041112100842,1544752,1544752,0.0228819901188022,0.0477707748557697,0.0719248138212476,0.1077156721596735,0.1871672605052461,0.5477087257712445,0.6963249575571251,0.6966074027312201,0.6501851475927104,0.6462248030177898,0.5581107005024014,0.6494906022802494,False,-1.0,False
50,50,700,0.7464483441211058,108.70400746224698,1544843,1544843,0.0228774056651711,0.0477621350519114,0.0719173404676074,0.1076963807972719,0.1871517040890239,0.5476900094237178,0.6964990654871553,0.6967922517654056,0.6503471576186075,0.6464319695958626,0.558281218071571,0.6496703325077204,False,-1.0,False
50,50,450,0.7463367496485616,108.69549387558546,1544964,1544964,0.0229662309283582,0.0478761964680083,0.0720476334723657,0.1083106143573572,0.1856658148668836,0.5476651248155382,0.6956377847075408,0.6961372059570259,0.6498062211047256,0.6438154046562728,0.5635541585919942,0.6497901550035119,False,-1.0,False
50,45,800,0.741271570491605,98.73712726770286,1700785,1700785,0.023643788015534,0.050283251557369,0.0754269352093298,0.1129149186993064,0.196294652175319,0.5173088711809725,0.6977918625919187,0.6879244361070824,0.640270592646367,0.6329559880613145,0.5379746278466812,0.6393835014506727,False,-1.0,False
50,45,700,0.741172140975041,98.73323781257864,1700852,1700852,0.0236516757483896,0.0502842105015603,0.0754439539713038,0.1133161497884589,0.1947970781702346,0.5172964781996567,0.6979007088956793,0.6881228306227862,0.6403756032071073,0.6313017203743686,0.5432620326131953,0.6401925791426274,False,-1.0,False
50,45,450,0.7410614866550699,98.72772343876676,1700947,1700947,0.023693272041986,0.0503572421715667,0.075517344161811,0.1133956554789773,0.1948796758511582,0.5172789069447876,0.6976182696939349,0.6877845737918493,0.6401698603178775,0.6311622132602133,0.543210844691578,0.6399891523510906,False,-1.0,False
50,30,800,0.7113329164965465,79.48502011375787,2112733,2112733,0.0385197750969952,0.0741423549497262,0.1081499649979434,0.1547692017874478,0.2412088986161526,0.4489468693075008,0.576838167192148,0.5645579688756064,0.5083724347867911,0.5008995835092573,0.4475523301347078,0.5196440968997021,False,-1.0,False
50,30,700,0.7113605131774332,79.48223619100088,2112807,2112807,0.0385217390892779,0.0741459111030965,0.1081599029158839,0.1547751403701331,0.2412108630840393,0.4489357226865705,0.5767568833929162,0.5644732112333767,0.5082564221960503,0.5008149201423326,0.44748853227839885,0.519557993848615,False,-1.0,False
50,30,450,0.71126846935944,79.47042549858716,2113121,2113121,0.0385283190124938,0.0741547691779126,0.1081528222946059,0.1547767496513451,0.2412166648289426,0.44888842850824434,0.5768665219560525,0.564594951928046,0.5084889274629469,0.5009980132277178,0.44765939955641676,0.5197215628262359,False,-1.0,False
50,20,800,0.66995054936133,59.40760476773174,2826753,2826753,0.0533300928662674,0.0960154636786447,0.1281470294716234,0.1784096452714474,0.2602544332667198,0.3527971136476379,0.48038337495293704,0.48031084442566907,0.47556491332283024,0.4769740851562412,0.46859896794488776,0.476366437160513,False,-1.0,False
50,20,700,0.6699534308946336,59.40495684463325,2826879,2826879,0.0533227633726098,0.0960090615834636,0.1281413176863955,0.1784041694037841,0.2602506156082379,0.35278165089642016,0.4804675423040733,0.48035461294347326,0.4755927892321232,0.47699350584301753,0.4686059565101531,0.47640288136656805,False,-1.0,False
50,20,450,0.6698804351202864,59.40163676669248,2827037,2827037,0.0533279189483547,0.0960100628325699,0.128141938007886,0.1784143610430284,0.2602622463024007,0.352762261657919,0.4805552622531374,0.480497954358338,0.47574023344230726,0.4770973768081833,0.46871761081031926,0.47652168753445706,False,-1.0,False
55,200,800,0.8654919076634429,284.2071659947806,590874,590874,0.0216915958393836,0.0446034179875912,0.0587807214397655,0.0857678625222974,0.1248286436702241,0.9260463028405025,0.464631344141279,0.4748804593279377,0.481729543277544,0.5016428586176661,0.5233055635311423,0.4892379537791139,False,-1.0,False
55,150,800,0.8654949487724607,284.1735003655169,590944,590944,0.0216636432555369,0.044574443602101,0.0587449910651432,0.0857492418909406,0.1248087805274273,0.9259836006754293,0.46496878907398786,0.47509924798102565,0.4819349441146241,0.5017228882091913,0.5233666671936865,0.4894185073145031,False,-1.0,False
55,200,700,0.8654577246494618,284.1408042476295,591012,591012,0.0218354280454542,0.0447757405940996,0.0590952467970193,0.0856564672121716,0.1250719105534236,0.9259227028355969,0.4629333664207602,0.4736125564166971,0.479936798771866,0.5022300558688133,0.5225508789231547,0.48825273128025826,False,-1.0,False
55,200,450,0.8649889171965586,283.9289427900442,591453,591453,0.0219560979486113,0.0448995947268844,0.0592236407626641,0.0858495941351214,0.1252643912534047,0.9255280691463539,0.46242000337829875,0.47362095713973645,0.48014663399342233,0.5023052660811169,0.5228683030652139,0.4882722327315577,False,-1.0,False
55,140,800,0.8618161675224989,282.54120412276774,594358,594358,0.0216502511954074,0.0444967511163305,0.0588466883595408,0.0853340915744383,0.1245209116391131,0.9229417032613483,0.4727494725383491,0.4833187915339838,0.488948401617961,0.511263527091171,0.5319594600306319,0.4976479305624194,False,-1.0,False
55,140,700,0.8618398511767322,282.4442614899708,594562,594562,0.0216260036800199,0.0444242988956576,0.0587037180310884,0.0856294213219142,0.1246615155358061,0.9227609354385138,0.47299861996876086,0.4838325980089575,0.489746446612485,0.5098453441040054,0.5314333324864378,0.49757126823612924,False,-1.0,False
55,125,800,0.8615618391556041,282.40436326823016,594646,594646,0.0216094953972615,0.0444684736801391,0.0587980075540741,0.0853701193651348,0.1243109345728382,0.922686534123395,0.47377718140298297,0.4840649852116733,0.48976335086723094,0.5116230252110174,0.533198476531807,0.49848540384494233,False,-1.0,False
55,135,700,0.8618266726678511,282.38631777549085,594684,594684,0.0216266117803741,0.0444185483382771,0.0586714961223103,0.0855714967949364,0.1245838125794539,0.9226528826091862,0.4730184247979298,0.48390455342807975,0.48996463902342763,0.5101411656467917,0.5317242765883745,0.4977506118969207,False,-1.0,False
55,130,700,0.8618418798426044,282.3511831702978,594758,594758,0.0215919752235362,0.044381076000659,0.0586272063595613,0.0855759821641743,0.1245901694470692,0.922587361835627,0.4734128776275887,0.48416417074145396,0.490195566051733,0.5100888887703596,0.5316712238400423,0.4979065454062355,False,-1.0,False
55,125,700,0.8616689392610265,282.2951758013435,594876,594876,0.0215960973379326,0.0444058929928253,0.0586660077058076,0.0856682737242719,0.1244561891890074,0.9224829131569703,0.473720217096486,0.48432941278043506,0.49032370461730324,0.5100190543708866,0.5324838752662157,0.49817525282626524,False,-1.0,False
55,140,450,0.861278879717654,282.26907826285736,594931,594931,0.0217739536181506,0.0446287048414017,0.0590001193415707,0.0855426931862686,0.1246682388377811,0.9224342422097513,0.4723405892099145,0.4834060428748283,0.4891516680255551,0.5114087679394563,0.5325718702732904,0.49777578766460895,False,-1.0,False
55,125,450,0.8609453268130943,282.13913693601364,595205,595205,0.0217521694206197,0.0446216009610134,0.0589695987096882,0.0856142001495283,0.1244781209835266,0.9221918931885293,0.4732990135764278,0.4841517665926647,0.49002303579515777,0.5117677988453461,0.5339075152064261,0.49862982600320443,False,-1.0,False
55,120,800,0.8524454019809728,235.93913767959157,711754,711754,0.0182970520713617,0.0379499096597981,0.0512129190703529,0.0803915397735734,0.1423160249187219,0.8343539914593956,0.5333845347469605,0.5535770796194479,0.5535770796194479,0.5535770796194479,0.49097699766963965,0.5370185542549888,False,-1.0,False
55,105,800,0.847362751023689,234.4833231635373,716173,716173,0.0184983237290431,0.0383971470580432,0.0517347065583315,0.0820863115476288,0.1438381508378562,0.8315208844073317,0.5414317995783504,0.5606251213035691,0.5610079321460173,0.5562424584195281,0.4963344864847255,0.543128359586438,False,-1.0,False
55,105,700,0.8474911816502599,234.40378913927103,716416,716416,0.0184822784527425,0.0384246024656065,0.0518204506878685,0.0820417187779167,0.144026654904413,0.8313659679670484,0.5413632293286839,0.5601459532891909,0.5602340285123307,0.5561833074540123,0.4954289718803537,0.5426710980929143,False,-1.0,False
55,105,450,0.8471099370103419,234.3167890361416,716682,716682,0.0186191365208,0.038566616714247,0.0520188870377657,0.0823307966434206,0.144365283347426,0.8311964925808812,0.5404695189381765,0.5598320021060265,0.5598475970010048,0.5556324111316582,0.4950692112862367,0.5421701480926204,False,-1.0,False
55,100,800,0.8341315019254137,220.6193886318312,761178,761178,0.019272758802803,0.0417208589843637,0.0584882905181179,0.0910522900031267,0.1622025334415865,0.8042853946825164,0.559300349339459,0.5621972055945972,0.548386034733199,0.5420680812820666,0.46141254900158524,0.5346728439901814,False,-1.0,False
55,95,800,0.8285312073763431,216.8480829425012,774416,774416,0.0205031920828082,0.0433578335158364,0.0602195719096712,0.0933942480527261,0.1646918452098097,0.7967897064952685,0.5557633758408408,0.5610745494504479,0.5497224831419316,0.5428047492587528,0.46455983925952726,0.5347849993903001,False,-1.0,False
55,90,800,0.8285717150561124,216.68915100182716,774984,774984,0.0203720334871429,0.0431983111909407,0.0600244650212133,0.0935025755370433,0.1649027592827723,0.7964729357154061,0.5572924089674905,0.562229921060669,0.5507945988843954,0.5422186808407106,0.4637603056271302,0.5352591830760792,False,-1.0,False
55,90,450,0.8282471615733082,216.6547650840465,775107,775107,0.0204926545625313,0.0434223920052328,0.0603606985874208,0.0935187012889833,0.1651268792566703,0.7964043907956626,0.5564810045667627,0.5611610793930062,0.5494743762643275,0.5428158285857188,0.46367172973254384,0.5347208037084719,False,-1.0,False
55,90,700,0.8286672337298622,216.65141094464204,775119,775119,0.0203633248572154,0.0431882072301156,0.0600114305029292,0.0935069324839153,0.1648895201898031,0.7963977044684638,0.5572017538890435,0.5621106650815414,0.5506740787469013,0.5420007344367701,0.46360748090146375,0.535118942611144,False,-1.0,False
55,75,800,0.8164369954089373,207.77270297757357,808242,808242,0.020934324125695,0.0449729165274756,0.0614135370347,0.0987686856164366,0.1715946461579576,0.7785797161477099,0.575499668254225,0.573565988990735,0.5676864772510859,0.5429268431504206,0.4661753332924333,0.54517086218778,False,-1.0,False
55,75,700,0.8164201230198701,207.7624207887841,808282,808282,0.0209320509426165,0.0449756396901081,0.0614129722052452,0.098736579560104,0.1715898659131342,0.7785589381882204,0.5755625522926431,0.573579764450613,0.5677247538407435,0.5431106172406561,0.4662264836622438,0.5452408342973799,False,-1.0,False
55,75,450,0.816017647730917,207.60677003491213,808888,808888,0.0210498857691052,0.0451372748761262,0.061718062327541,0.0986576633600696,0.1720201066155017,0.7782443612006817,0.574946728811606,0.5731573428046761,0.566750368724231,0.544309698134075,0.46559981755250013,0.5449527912054177,False,-1.0,False
55,60,800,0.7813451142202603,141.19019113110636,1189393,1189393,0.0168615419798165,0.0390770754494099,0.0597666204526174,0.0992506261597302,0.1729495633486997,0.6333576567274388,0.6982327895788141,0.6920161923446078,0.650093164993141,0.6133415348177693,0.5342268081344093,0.6375820979737483,False,-1.0,False
55,60,700,0.7814513003998389,141.16953900032533,1189567,1189567,0.0168809323056204,0.039096578839191,0.0597889820413646,0.0992688936394503,0.172967979105002,0.6333077378691973,0.6977745093290966,0.6916448503262077,0.6497408442376991,0.6130370146275346,0.5339444879231319,0.637228341288734,False,-1.0,False
55,60,450,0.7811817320825729,141.14296124277288,1189791,1189791,0.0168979257701562,0.0391320828616118,0.059851688237682,0.0993485410462846,0.173060646785864,0.6332434894595297,0.6981236097703135,0.6919271148655814,0.6499273940178676,0.613225842245978,0.5341881222579261,0.6374784166315333,False,-1.0,False
55,55,800,0.7727316030335113,136.93241306092096,1226376,1226376,0.0179251713993098,0.0428131339817478,0.064152429597448,0.1038645570363412,0.1783131763830995,0.6229690447995027,0.702985162366538,0.6808251320525665,0.6419400778638743,0.6097834245156223,0.5338591456650575,0.6338785884927317,False,-1.0,False
55,55,700,0.7727408159570979,136.9263838947188,1226430,1226430,0.0179480280162748,0.0428340794011888,0.0641724354427076,0.1039056448390858,0.1783518015704117,0.622954191628351,0.7026850150593726,0.6806433466766117,0.6418024734081196,0.6095738679618141,0.533709009811629,0.6336827425835094,False,-1.0,False
55,55,450,0.7725457583126194,136.89144751590186,1226743,1226743,0.0179785007943799,0.0428867334070787,0.0642400241941466,0.1039215222748367,0.1783706937801968,0.6228681158197468,0.7027141008551605,0.6806381276140443,0.6418058391049938,0.6099040781211889,0.5340487229806874,0.633822173735215,False,-1.0,False
55,50,800,0.7482691239049765,108.4722955179205,1548143,1548143,0.0228854828010074,0.0478831735828021,0.0721419145389024,0.1078052867209295,0.1852684151270263,0.5470121396552008,0.692630269005766,0.6920825068184819,0.645247122881051,0.64215761088882,0.5609021153006897,0.6466039249789617,False,-1.0,False
55,50,700,0.7482435805718607,108.46430857409332,1548257,1548257,0.0228857353785579,0.0478667301358882,0.0721178719036955,0.1078128501921838,0.1852909432994651,0.5469887520025983,0.6926800440784491,0.692263127120844,0.6454424526978793,0.6421754276443212,0.5608785539060073,0.6466879210895001,False,-1.0,False
55,50,450,0.7480773208258223,108.44196539272208,1548576,1548576,0.0228894158246027,0.0478904490318847,0.0721294918686586,0.1078054935631186,0.1852882906618725,0.5469233181097046,0.692978983866392,0.692423068605112,0.6457178055525281,0.6425537323246959,0.5612317540915206,0.6469810688880497,False,-1.0,False
55,45,800,0.7420599399209742,98.51672542957544,1704590,1704590,0.0235722373121982,0.0502021013850838,0.0754498149115036,0.1128376911750039,0.1944889973542024,0.5166058749603119,0.697039619774214,0.6869227208562934,0.6385029121592531,0.6316818937473576,0.5424694450072882,0.6393233183088812,False,-1.0,False
55,45,700,0.7420540033082127,98.51279552848725,1704658,1704658,0.0235689504874291,0.0501983389043432,0.0754468051656109,0.1128290836050398,0.1944841721917241,0.5165933266001508,0.6970923290569032,0.6869642395714447,0.6385330346907381,0.6317340888082603,0.542498107998637,0.6393643600251966,False,-1.0,False
55,45,450,0.7418839605772892,98.49026244422444,1705048,1705048,0.0235647324884695,0.0502132491284702,0.0752313131360524,0.1126566524813377,0.1960109040918496,0.5165213682398896,0.6974962299707494,0.68720044203496,0.6401618211237432,0.6328855123531137,0.5376696397731837,0.63908272905115,False,-1.0,False
55,30,800,0.7106801573643844,79.31574425597074,2117242,2117242,0.0384613568028595,0.0740264929564027,0.1080145774550098,0.154540671307295,0.2408392616432132,0.4482682758056765,0.5789079281022209,0.5668094054666387,0.510525958800947,0.5033104279912177,0.4501579552127574,0.5219423351147563,False,-1.0,False
55,30,700,0.7106540945599044,79.31536963951386,2117252,2117252,0.0384682598009117,0.0740303941146353,0.1080230411873504,0.1545470260507488,0.2408560719271961,0.44826677217683875,0.5788769965183045,0.5668330562489655,0.5105297690806314,0.5033349238575358,0.4501548711649119,0.5219459233740698,False,-1.0,False
55,30,450,0.7105133036135777,79.30495671844082,2117530,2117530,0.0384778491922192,0.0740513711730176,0.1080461669964534,0.1545805726483214,0.240888676901862,0.44822497367584285,0.5790505455565216,0.5669615706273594,0.5106842248816532,0.503470873950507,0.4503357086057854,0.5221005847243654,False,-1.0,False
55,20,800,0.6676919771818618,59.33669678188041,2830131,2830131,0.0532381716606051,0.0958733005645321,0.1279944285264533,0.1781977583369815,0.259985491837657,0.35238270175388464,0.4861895653383242,0.4860910332914363,0.48114485870739304,0.48263220472553375,0.47418734814059194,0.48204900204065587,False,-1.0,False
55,20,700,0.6676813804771066,59.3350195444792,2830211,2830211,0.0532373734679145,0.0958705905672757,0.1279932838929676,0.1781930746506179,0.2599746096669117,0.3523728908296141,0.4862213187683365,0.4861340234540369,0.4811735783056486,0.4826758561759738,0.47424621129905226,0.48209019760060967,False,-1.0,False
55,20,450,0.6677089708473233,59.329485333733736,2830475,2830475,0.0532299349049187,0.0958687146150381,0.1279937113028731,0.1781987122302793,0.2599902843162366,0.3523405159101413,0.48625567390183183,0.48609147762567845,0.48111392700223793,0.48259260132698323,0.47413590518678317,0.4820379170087029,False,-1.0,False
57,140,700,0.8639310728909114,282.2021957006883,595072,595072,0.0216293154441815,0.04422490051624,0.0586550871155087,0.086226540653904,0.1251915734566573,0.9223095046379539,0.46862854214980104,0.4810522515223539,0.485705224802591,0.5027477403109812,0.5253053904177425,0.4926878298406939,False,-1.0,False
57,135,700,0.8639311808754846,282.1675810096699,595145,595145,0.0216300229355871,0.0442211561888279,0.0586512530559779,0.0862310865419351,0.1251963807139436,0.9222449451204489,0.46861961837382243,0.4810811153865552,0.48572771743042564,0.502726441969908,0.5252888549007401,0.49268874961229026,False,-1.0,False
57,130,700,0.863935640265579,282.07800159238343,595334,595334,0.0216113979715588,0.0442020781611666,0.0586275939220672,0.0862104297755545,0.125163353680455,0.9220778641666572,0.4688394227442596,0.4812200890132705,0.4858586619210443,0.5028129749087373,0.5253916900161709,0.49282456772069655,False,-1.0,False
57,125,700,0.8639481818851801,281.9349821031637,595636,595636,0.0216138715591401,0.0442115654527261,0.0586465559502783,0.0862254799911355,0.1252090202741271,0.9218110865694612,0.46878304005153076,0.4811204236822539,0.48572035067904934,0.5027172376566207,0.5252107700635963,0.49271036442661015,False,-1.0,False
60,200,800,0.8724866755680141,282.658669844524,594111,594111,0.0216929159702479,0.0443721796095342,0.0587247164250451,0.0858442277621521,0.1246332756000141,0.9231607238669626,0.4501341906306107,0.46219589120274707,0.4675804444461873,0.4868079090512717,0.5094875660218519,0.4752412002705338,False,-1.0,False
60,200,700,0.8724615313623365,282.591127011559,594253,594253,0.0217062429638554,0.0443885011939359,0.0587409739622685,0.085891026212741,0.1247078264644856,0.9230347891314956,0.4500223596363581,0.46212115346281607,0.4675361759625334,0.48664300572533054,0.5092866551892579,0.4751218699952592,False,-1.0,False
60,200,450,0.8720586812995658,282.42668588410004,594599,594599,0.0218668379866094,0.0445375791079366,0.0589220634410754,0.0861471344553219,0.1250658006488406,0.9227281610958152,0.44888147786504096,0.4617970575581502,0.46729725048864623,0.4862896855612787,0.5089059793506794,0.47463429016475905,False,-1.0,False
60,140,800,0.86840502635296,281.2342996382637,597120,597120,0.021605372454448,0.0441921221864951,0.0585811897106109,0.0856394024651661,0.1239834539121114,0.9205036992516752,0.4596607728868537,0.47204468363340607,0.4768808520354952,0.4962075163479068,0.5201425728046352,0.48498727954165943,False,-1.0,False
60,140,700,0.8684717985572514,281.1881507255307,597218,597218,0.0216202458733661,0.0442133358338161,0.0586033910565321,0.085712419920364,0.1240953889534474,0.9204175683670153,0.45933963510143144,0.4717416524459297,0.47661107748219306,0.4957307714695528,0.5196245202019052,0.48460953134020246,False,-1.0,False
60,125,800,0.8680877430895982,281.01640274238054,597583,597583,0.0215836126529703,0.0441712699323776,0.0585257612750028,0.085666760935301,0.1238673121558009,0.9200969985969039,0.4605852150206722,0.4728635279395402,0.47786611228808007,0.4967375379170055,0.5211935201763389,0.4858491826683274,False,-1.0,False
60,125,700,0.8681580957898648,280.9646842107905,597693,597693,0.0215980444810295,0.0441915833044723,0.0585467790320448,0.0857463614263509,0.1239850558731656,0.9200004576670638,0.4602620950798768,0.4725600779243923,0.47759593778512643,0.49622286149094325,0.5206483450800825,0.4854578634720843,False,-1.0,False
60,140,450,0.8681990439767903,280.93366222842315,597759,597759,0.0217863720997927,0.0443456309315292,0.0587577936927758,0.0858841104859985,0.1244431284179744,0.9199425484656877,0.45786140436688627,0.47127860191429366,0.4762609370411393,0.4954994823720034,0.5190092425693777,0.48398193365274,False,-1.0,False
60,125,450,0.8680249503071776,280.6913626676695,598275,598275,0.021762567381221,0.0443240984497095,0.0587037733483765,0.085910325519201,0.1243291128661568,0.9194902003581843,0.45851455513988115,0.4718062922170538,0.47694141629918885,0.49573836664531434,0.51975653703264,0.4845514334668156,False,-1.0,False
60,105,800,0.8526411545899725,233.56494327451463,718989,718989,0.0183452041686312,0.0380742959906201,0.051456976393241,0.0819664834927933,0.1433665883622698,0.8297311825247145,0.5323871379838748,0.5522055404316759,0.5517258225616245,0.5458703666600142,0.48700697405592935,0.5338391683386237,False,-1.0,False
60,105,700,0.8526292142361681,233.52174596243756,719122,719122,0.0183418112642917,0.0380714259889142,0.0514238196022371,0.0820139002839573,0.1434193363573913,0.8296469536679789,0.5324535810028457,0.5522525552619342,0.551946990707858,0.5456752614238183,0.4868527093363451,0.5338362195465602,False,-1.0,False
60,105,450,0.8524574265345201,233.4162558187052,719447,719447,0.0184739112123617,0.0382112928401953,0.0516327123471221,0.0821783953508736,0.1437534662039038,0.829441244217962,0.5311847542892696,0.5515216576490598,0.551064978483131,0.5452683040373152,0.4860745850944287,0.5330228559106408,False,-1.0,False
60,90,800,0.8338385692303947,215.844693425328,778016,778016,0.0203093509645045,0.0429849771727059,0.0599769156418377,0.0931497552749557,0.1641765722041706,0.7947886024113773,0.5471595278021055,0.5529834784778925,0.5401726154858757,0.5329506536003323,0.4553206942872346,0.5257173939306882,False,-1.0,False
60,90,700,0.8338109472189201,215.79698607534425,778188,778188,0.0203100022102628,0.0429626259978308,0.0599559489480691,0.0931908484839139,0.1642186720946609,0.7946933846687023,0.5472087037238946,0.5532142957366377,0.5403540242311697,0.5328173295140763,0.455235025618787,0.5257658757649131,False,-1.0,False
60,90,450,0.8335689197982625,215.7953222461237,778194,778194,0.0204640488104508,0.0431768941934787,0.0602523278257092,0.0933558984006558,0.164542517675541,0.7946900637593467,0.5458154066443024,0.5520508327847884,0.5390990846033268,0.5325532136284774,0.45463721168742016,0.524831149869663,False,-1.0,False
60,75,800,0.8223443504324142,206.8995309571948,811653,811653,0.0208426507386777,0.0446348377939833,0.0612577049551963,0.0983609990969047,0.171015199845254,0.7768139964032371,0.564397298909719,0.5639626157985222,0.5563800543499571,0.5325871794757344,0.4559118049069409,0.5346477906881748,False,-1.0,False
60,75,700,0.8223317822857616,206.8737881180752,811754,811754,0.0208523764588779,0.0446465308455517,0.0612759530596707,0.0983573841336168,0.1710160960093821,0.7767619013004623,0.5643037181995066,0.5638977987475949,0.5562979564887128,0.5326299576923932,0.4559347832550302,0.5346128428766476,False,-1.0,False
60,75,450,0.8220674756811039,206.8098410724072,812005,812005,0.0209887870148582,0.0448260786571511,0.061511936502854,0.0985018565156618,0.1712255466407226,0.7766324838456071,0.5631734200027858,0.5630501809839719,0.5554469735312753,0.5325073629644246,0.455771257191766,0.5339898389348446,False,-1.0,False
60,60,800,0.7863015200087327,140.70233184780778,1193517,1193517,0.0167488188270464,0.0389294831996527,0.0594520228869802,0.0994908325562183,0.1723117475494693,0.6321772451845058,0.6893579779487397,0.6829017474751853,0.6416961047534926,0.6019669354112214,0.5261300416269648,0.6284105614431208,False,-1.0,False
60,60,700,0.7861947325414737,140.69313711937463,1193595,1193595,0.0167561023630293,0.0389344794507349,0.0594548402096188,0.0994776285088325,0.172293784742731,0.6321549738612242,0.6894894870301861,0.6830840113896279,0.6419004893452549,0.6022492262904138,0.5264120697079226,0.6286270567526809,False,-1.0,False
60,60,450,0.7860071415803586,140.6591977605846,1193883,1193883,0.0167905900326916,0.0390029843795413,0.0595183950186073,0.0995499559002012,0.1723937772796832,0.6320727587759893,0.6894537426721855,0.6829401981732812,0.6419122975964802,0.6023022759435344,0.5264611357407921,0.6286139300252547,False,-1.0,False
60,55,700,0.7760968771546206,136.56604720306166,1229666,1229666,0.0178999825969002,0.0426571117685615,0.0638043175951843,0.104082734661282,0.1776661304777069,0.6220657263563154,0.6963279568140406,0.6750702150954178,0.6370356258587918,0.6018049913472068,0.5290877393241227,0.627865305687916,False,-1.0,False
60,55,800,0.7761898000037233,136.5553863267852,1229762,1229762,0.0178920799309134,0.0426472764648769,0.0637887656310733,0.1040607857455345,0.1776408768525942,0.6220394176008468,0.6962327645766574,0.674954246087583,0.6369353951872929,0.6017143732128141,0.5289810562566197,0.6277635670641935,False,-1.0,False
60,55,450,0.775992104588197,136.51153877106742,1230157,1230157,0.0179416123307837,0.0427262536407954,0.0640771868956564,0.1037290362124509,0.1777829984302816,0.6219311974612635,0.6960329296863552,0.6747499990538551,0.6356358247889526,0.6036616465988138,0.5289080889829685,0.627797697822189,False,-1.0,False
60,50,700,0.7503280929390096,108.25036082244957,1551317,1551317,0.0227683961434058,0.0477026939045984,0.0719904442483386,0.1076343519731943,0.1849267428900734,0.5463617154159348,0.689807535575124,0.6892219634797891,0.6418819788599719,0.6386874852184135,0.5577988948582614,0.6434795715983119,False,-1.0,False
60,50,800,0.7503339974529879,108.24777903689294,1551354,1551354,0.0227581841410793,0.0476873750285234,0.0719758353025808,0.1076169591208711,0.1849075066039086,0.5463541422811509,0.6899208916202,0.6893287427591853,0.6419563106808377,0.6387558948484581,0.5578519435093214,0.6435627566836006,False,-1.0,False
60,50,450,0.7502822850587342,108.21785326943264,1551783,1551783,0.0227821802404073,0.0477102790789691,0.0720036242180768,0.1076484276474223,0.184933718180957,0.5462663499626607,0.6897328624277963,0.689257872611365,0.6418987234421427,0.6387170640129569,0.5578700601075695,0.6434953165203661,False,-1.0,False
60,45,800,0.7433699144034502,98.3422629470126,1707614,1707614,0.0235053120904373,0.050063421827181,0.0752552977429325,0.1126027310621721,0.1941024142458424,0.5160483504877099,0.6951506431546826,0.6852880637196068,0.6369434200341848,0.6300591964634439,0.5410692220168046,0.6377021090777446,False,-1.0,False
60,45,700,0.7433541841650116,98.34122632979472,1707632,1707632,0.0235156052357885,0.0500722638132806,0.0752638741836648,0.1126161842832647,0.1941278917237437,0.5160450349989882,0.6950566309787982,0.6852519411962495,0.636925171538196,0.6300293927141178,0.5410153374922575,0.6376556947839238,False,-1.0,False
60,45,450,0.7431746594177505,98.32090153016566,1707985,1707985,0.023511916088256,0.0500865054435489,0.0752424640731622,0.1125794430278954,0.1941018217373103,0.515980022003255,0.6954736586038288,0.6855129677078332,0.6374236841215511,0.6305713867104119,0.5414754591824926,0.6380914312652235,False,-1.0,False
60,30,700,0.7107490559374783,79.20661846587922,2120159,2120159,0.0383782537064437,0.0739953937416958,0.1081928289340563,0.1547072648796623,0.2395834463358644,0.4478299191045506,0.5797872329802569,0.5669083592085548,0.509327210320131,0.5023954611079894,0.4542765442907474,0.5225389615815359,False,-1.0,False
60,30,800,0.7107836381805025,79.20646903091885,2120163,2120163,0.0383762946528167,0.0739943108147817,0.108195926445278,0.1547022563831177,0.2395726177657095,0.44782931834485934,0.5797397301192404,0.566845177919278,0.5092372641721483,0.5023470866573149,0.4542416938473258,0.5224821905430616,False,-1.0,False
60,30,450,0.7106271117622498,79.19451606072768,2120483,2120483,0.0384016283082675,0.0740156841625233,0.1082399623104736,0.1547496490186433,0.2396411572269148,0.44778126063971685,0.5797522438745151,0.5670031901284063,0.5093004076346189,0.5024514227323824,0.45433317492769487,0.5225680878595235,False,-1.0,False
60,20,800,0.6657930283195194,59.27733840693408,2832965,2832965,0.0531686766338447,0.0957989244484135,0.1280908871094419,0.1771920937957228,0.2579315310990429,0.3520352468430342,0.49097546445541057,0.49060011565575146,0.48450465641410356,0.4912257756140819,0.48508813689455194,0.4884788298067799,False,-1.0,False
60,20,700,0.6657890389405541,59.27560175471789,2833048,2833048,0.0531692368078479,0.0958031773552724,0.1280956058633669,0.1771946680748084,0.257928563158831,0.35202507386086185,0.49097683485057225,0.49057533640227396,0.4844849575724264,0.49122210024095553,0.4851064667072759,0.48847313915470086,False,-1.0,False
60,20,450,0.6657206688751617,59.26915819967558,2833356,2833356,0.053170515812344,0.0958089982338964,0.1280968575780805,0.1772149352216947,0.2579541716607443,0.35198732501213426,0.49110264971233764,0.4906716606501567,0.4846190845050522,0.4912696846691329,0.485161115203741,0.4885648389480841,False,-1.0,False
65,200,800,0.8782981331984555,281.94302901687155,595619,595619,0.0216295987871441,0.0442296165837557,0.0584350062707871,0.0861221687018043,0.1247005216421907,0.921826097376679,0.4388816486622477,0.4512722061014159,0.45726575909048056,0.47348820066834835,0.49722821589438443,0.4636272060833754,False,-1.0,False
65,200,700,0.8783249213859875,281.8928616391792,595725,595725,0.021630786017038,0.0442334969994544,0.0584430735658231,0.0861269881237148,0.1247051911536363,0.9217325131778329,0.4388115907121959,0.45118660324441856,0.4571625034215595,0.4734103995263689,0.497156913081007,0.46354560199711,False,-1.0,False
65,200,450,0.8775761509777826,281.6503225222143,596238,596238,0.0217094515948329,0.0443178730641119,0.0585588305341155,0.0862893676686155,0.1249148829829698,0.9212800246258113,0.4393943600360497,0.452081278604219,0.4580268041672303,0.4742077482729344,0.49799552986075873,0.46434114418823835,False,-1.0,False
65,140,800,0.874384096857016,280.442455486418,598806,598806,0.0214994505733075,0.0439992251246647,0.058229209460159,0.085865873087444,0.1242839918103693,0.919025435365312,0.4485851522976532,0.4611650126912228,0.4665881063521153,0.4827794243308197,0.5067446173104898,0.4731724625964602,False,-1.0,False
65,140,700,0.8743244361775911,280.3998433787446,598897,598897,0.021476146983538,0.0439791817290786,0.0582186920288463,0.0858611747929944,0.1242751257728791,0.9189458608355356,0.4489952356306049,0.4614442302638191,0.466773932964541,0.4829247182067304,0.5068982140376723,0.47340726622067353,False,-1.0,False
65,125,800,0.8742720513024507,280.3062358850069,599097,599097,0.0214255788294716,0.0440312670569206,0.0582727004141232,0.0859410078835313,0.1241585252471636,0.918771048217735,0.4497255362476349,0.4611480605917824,0.46656239180963743,0.48266306093410133,0.5074023121684726,0.47350027235032577,False,-1.0,False
65,125,700,0.8743008889643247,280.25384298299923,599209,599209,0.0214249118421118,0.0440330502378969,0.0582801660188682,0.0859483085200656,0.1241636891301699,0.9186731990276,0.4496740372042948,0.46107450696066277,0.4664584581338044,0.48256951392971914,0.5073250889313139,0.473420321031959,False,-1.0,False
65,140,450,0.8736679137376218,280.0902413273756,599559,599559,0.0215725224706826,0.0440790647792794,0.058356225158825,0.0860098839313562,0.1244864975757181,0.9183676323600413,0.44916924484322884,0.46202746484168217,0.4673182370999622,0.4835944667330682,0.5075401539670049,0.4739299134969893,False,-1.0,False
65,125,450,0.8736683918774442,279.96229783956534,599833,599833,0.0215176557475163,0.0441322834855701,0.0584245948455653,0.0860956299503361,0.124381286124638,0.918128641252667,0.449842966507998,0.46161305097061295,0.4669121678894327,0.48319595739427457,0.5078961670793702,0.47389206196833766,False,-1.0,False
65,105,800,0.8580450709795602,232.8162930593469,721301,721301,0.0182877883158348,0.0380534617309555,0.0513960191376415,0.0821460111659348,0.1433396044092549,0.8282708064648522,0.5219057380219991,0.5411799303576883,0.5408995255868043,0.5338506155690099,0.47591107701331054,0.5227493773097625,False,-1.0,False
65,105,700,0.8580144088402112,232.80080099923893,721349,721349,0.0183018206166501,0.0380717239505426,0.0514189386829398,0.0821696571285189,0.1433591784281949,0.8282405727075706,0.5217966571697026,0.5411015404976858,0.5408272092854269,0.5338044709305813,0.47590813684734556,0.5226876029461484,False,-1.0,False
65,105,450,0.8577181563707289,232.63568055345837,721861,721861,0.018385811118761,0.0381693982636546,0.051591649915981,0.0823551902651618,0.1435705766068536,0.8279182947638816,0.5213771190582819,0.5409560844505806,0.5404172398769627,0.5335576540332829,0.47580413830833873,0.5224224471454894,False,-1.0,False
65,90,800,0.8385044554816196,215.3103031359823,779947,779947,0.020244965363031,0.0429875363325969,0.0597540602117836,0.0932076153892508,0.164227825736877,0.7937216474196063,0.5382917438252495,0.5433040460738623,0.5318334460469853,0.5230228616500225,0.44548722921488326,0.5163878653622007,False,-1.0,False
65,90,700,0.8384696354520701,215.2838048671676,780043,780043,0.0202463197541673,0.0429873737729843,0.0597582440967997,0.0932102461018174,0.1642460736138905,0.7936687196028298,0.538347174668657,0.5433773950736835,0.5318807433769457,0.5230827518104868,0.44549739678014166,0.516437092341983,False,-1.0,False
65,90,450,0.8381009927071558,215.15389217874372,780514,780514,0.0203148181839147,0.0430767417368554,0.0598695218791719,0.0934243331958171,0.1641802709496562,0.7934092012389248,0.538268012910932,0.5434463320199404,0.5319846232130296,0.5228534244391014,0.44648386076648056,0.5166072506698968,False,-1.0,False
65,75,800,0.8269696261488798,206.52294889027996,813133,813133,0.0208034847927706,0.0445068641907289,0.0609900225424377,0.0983541437870557,0.1711171481172206,0.7760516978676941,0.5553034556985175,0.5553812875978966,0.5483905515037406,0.5230434828972108,0.4459903966599414,0.5256218348714614,False,-1.0,False
65,75,700,0.8269500907136306,206.49247528137,813253,813253,0.0208077929008561,0.044507674733447,0.0609933194221232,0.098371601457357,0.1711275580907786,0.775989990846041,0.5552909209193992,0.5554154342191049,0.5484114612628441,0.5230029921874889,0.445995516826835,0.5256232650831344,False,-1.0,False
65,75,450,0.8268046726689914,206.38208379624623,813688,813688,0.0208335381620473,0.044545329413731,0.0610614879413239,0.0984898388571541,0.1709352970671805,0.7757664295340437,0.5552753759306264,0.5554239694720171,0.5483086255391185,0.5227558940580878,0.44694894772472765,0.5257425625449155,False,-1.0,False
65,60,800,0.789191026653917,140.38486778307598,1196216,1196216,0.0166550188260314,0.0388784299825449,0.0592894594287319,0.0995096203361265,0.1721888020223772,0.6314077719855316,0.6845294613131909,0.6773163474564272,0.6366772653214652,0.5958978334181464,0.5205652181458227,0.6229972251310105,False,-1.0,False
65,60,700,0.7892097903909422,140.38169920325552,1196243,1196243,0.0166563148122914,0.0388834041244128,0.0593073480889752,0.0995040305356018,0.172194947013274,0.6314000865664322,0.6844746785755813,0.6772388607211629,0.6365324322714655,0.5958849021638382,0.5205055213628644,0.6229272790189825,False,-1.0,False
65,60,450,0.7889246459927017,140.35283650748147,1196489,1196489,0.016678799387207,0.0389564801682255,0.0593352717826908,0.0995612997695758,0.1722707020290199,0.6313300749303917,0.6847884996716931,0.6772614972922705,0.6369573091410929,0.596209721617655,0.5208387900546319,0.6232111635554687,False,-1.0,False
65,55,800,0.7796542470591036,136.2790077711125,1232256,1232256,0.0178152916277137,0.0425893645476264,0.0635971746130674,0.1038980536511893,0.1774444595928118,0.6213569164792583,0.6900047798203597,0.668231856684,0.6308982688685502,0.5952965288307823,0.5224752662138707,0.6213813400835125,False,-1.0,False
65,55,700,0.7796300506916083,136.26352649635345,1232396,1232396,0.0178189478057377,0.0425975092421591,0.0636021213960447,0.1038927422679073,0.177442153333831,0.6213186602003717,0.6900099113044611,0.668218678003059,0.6309190525131743,0.5953712449951026,0.5225331843346498,0.6214104142300894,False,-1.0,False
65,55,450,0.7796204034503686,136.22296013102277,1232763,1232763,0.0178655589111613,0.0426497226149714,0.0636570046310604,0.1039372531459818,0.177493970860579,0.6212184021510467,0.6894566936279655,0.6678330360328142,0.6306138504208618,0.5951848642866711,0.5223773295591093,0.6210931547854843,False,-1.0,False
65,50,800,0.7522442540022182,107.98695711725476,1555101,1555101,0.0226133222215148,0.047512026550044,0.0713902183845293,0.1079068176279225,0.1837018946036302,0.5455882781850163,0.6877475904495771,0.6867362102753765,0.6414712872925845,0.6334573987218691,0.5579881112958647,0.6414801196070543,False,-1.0,False
65,50,700,0.7523285971037832,107.97730575345284,1555240,1555240,0.0226158020627041,0.0475174249633497,0.0713954116406471,0.1079254648800185,0.1837092667369666,0.5455599080612515,0.6875424838237525,0.6865196619404144,0.6412659067687014,0.6331963385389153,0.5577884848881577,0.6412625751919883,False,-1.0,False
65,50,450,0.7520947583604887,107.95509334259044,1555560,1555560,0.0226477924348787,0.0475622926791637,0.0714726529352773,0.1079849057574121,0.1837788320604798,0.5454946065655322,0.6876331939149031,0.6866552164416805,0.6412923692842457,0.6334048746891787,0.5580365408721331,0.6414044390404282,False,-1.0,False
65,45,800,0.7444917254736652,98.17134410585372,1710587,1710587,0.023428214992865,0.0499126907897698,0.0748614364542697,0.1125771445708403,0.1937270656213335,0.5155012393882735,0.6937762982917557,0.6841365725894339,0.6369545549326983,0.6278553861472379,0.5400204235681137,0.6365486471058479,False,-1.0,False
65,45,700,0.7444371080776278,98.16640877596129,1710673,1710673,0.0234299600215821,0.0499224574188053,0.0748746253667416,0.1126036361128047,0.1937640916761999,0.5154854279600335,0.6938679108563786,0.6841737732181855,0.63698948443218,0.6278456427464706,0.5400078586135584,0.6365769339733547,False,-1.0,False
65,45,450,0.7442853913014364,98.15470369874632,1710877,1710877,0.0234727569544742,0.0499732008788475,0.0749107036917323,0.1126410606957718,0.1938035288334579,0.5154479251167272,0.6936557166126077,0.6840936695927204,0.6370898178716429,0.6279862336584916,0.5401881323270707,0.6366027140125067,False,-1.0,False
65,30,800,0.7112004629710439,79.09607879339953,2123122,2123122,0.0383246935409269,0.0738487943698007,0.1078666228318485,0.1546566801154149,0.2391864433602967,0.44738516566345865,0.5795113519160342,0.5671126757384877,0.5103254032511427,0.5016954471302021,0.4546891273554889,0.5226668010782711,False,-1.0,False
65,30,700,0.7111753759130152,79.09134774112692,2123249,2123249,0.0383289948564676,0.0738537967049554,0.1078747711643806,0.1546662685346843,0.2391989823143682,0.44736611424666795,0.5795103939147905,0.5671257521028037,0.5103290621844426,0.5017029316012636,0.45469851672415273,0.5226733313054907,False,-1.0,False
65,30,450,0.7111135402273712,79.08494123398044,2123421,2123421,0.0383597977037996,0.073885960438368,0.1079060629050951,0.1547257938957936,0.239284626082157,0.4473403138443096,0.5792596179726076,0.5670039068137029,0.5102716790183742,0.5015549867236262,0.45453592604913823,0.5225252233154898,False,-1.0,False
65,20,800,0.6637047384031134,59.216971048922495,2835853,2835853,0.0531215828182913,0.0956601065005837,0.1278038741782454,0.1782930920608367,0.258873785065728,0.3516813765491576,0.49587787292538676,0.4960017910589006,0.4905284442020121,0.4904448183384649,0.48621416790985983,0.49181341888692487,False,-1.0,False
65,20,700,0.6637215810660158,59.21534233378739,2835931,2835931,0.0531162429551353,0.0956550071211182,0.1278028273607503,0.1782948879926909,0.258874422544131,0.35167182197652497,0.49590867019936125,0.49600653653371773,0.4904997779005963,0.49040162385315067,0.4861771362954108,0.49179874895644743,False,-1.0,False
65,20,450,0.6636933958872124,59.207993349041686,2836283,2836283,0.0531301002050923,0.0956734571268099,0.1278282174240017,0.1783193002954923,0.2588941230476648,0.3516287057780854,0.4957966140687197,0.4959215599488243,0.49040769625171676,0.49034679852519353,0.48616863901453344,0.49172826156179755,False,-1.0,False
