Slots,Max_Domains,Max_Events,Max_Days,Segments,Median_Age_Days,Avg_Overshoot,Max_Overshoot,Avg_Domains_Per_Segment,Domain_Limit_Fill_Pct,Used_Slots_Pct,Single_Domain_Segments_Pct,Single_Domain_Visits_Pct,Trigger_Distribution
100,10,1000,14,149201,15.171,4.16,5006,1.923,19.233,55.744,50.979,30.245,"{'end_of_stream': 0.37846931320835653, 'Days': 0.37194790919631904, 'expired': 0.23200246647140435, 'Events': 0.014778721322243149, 'Domains': 0.0028015898016769325}"
100,10,1000,21,130878,21.965,4.46,5006,2.045,20.447,53.586,48.555,27.385,"{'end_of_stream': 0.4887910878833723, 'Days': 0.25778969727532514, 'expired': 0.2278228579287581, 'Events': 0.02021730160913217, 'Domains': 0.005379055303412338}"
100,10,1000,31,110851,14.615,29.16,5006,2.134,21.342,50.51,47.425,24.773,"{'end_of_stream': 0.9614437397948598, 'Events': 0.030157598939116473, 'Domains': 0.008398661266023762}"
100,10,1000,7,196637,8.232,3.38,5006,1.708,17.08,59.839,57.081,37.707,"{'Days': 0.5699792002522415, 'expired': 0.2188448766000295, 'end_of_stream': 0.20381210046939285, 'Events': 0.006743390104609, 'Domains': 0.0006204325737272233}"
100,10,100,14,187181,9.164,9.29,5906,1.864,18.637,58.086,51.769,42.874,"{'Events': 0.3175803099673578, 'end_of_stream': 0.29708143454730984, 'Days': 0.22082903713517932, 'expired': 0.1630988187903687, 'Domains': 0.0014103995597843798}"
100,10,100,21,171321,6.998,10.69,5906,1.958,19.58,56.551,49.477,40.494,"{'end_of_stream': 0.3726338277268986, 'Events': 0.3634522329428383, 'expired': 0.14574979132739127, 'Days': 0.11613871037409308, 'Domains': 0.0020254376287787254}"
100,10,100,31,159699,4.665,13.24,5906,2.017,20.172,55.038,48.451,39.37,"{'end_of_stream': 0.5929655163776856, 'Events': 0.4042542533140471, 'Domains': 0.002780230308267428}"
100,10,100,7,228239,7.351,7.12,5906,1.68,16.803,61.141,57.629,48.351,"{'Days': 0.41643189814186005, 'Events': 0.23173953618794335, 'expired': 0.17650357739036712, 'end_of_stream': 0.17491313929696503, 'Domains': 0.0004118489828644535}"
100,10,1250,14,148908,15.197,3.68,4756,1.923,19.23,55.716,50.964,29.59,"{'end_of_stream': 0.379294598006823, 'Days': 0.37502350444569804, 'expired': 0.23315067021248018, 'Events': 0.00969054718349585, 'Domains': 0.002840680151502941}"
100,10,1250,7,196468,8.241,3.17,4756,1.707,17.073,59.838,57.128,37.801,"{'Days': 0.5721135248488304, 'expired': 0.21891096768939472, 'end_of_stream': 0.20405867622208196, 'Events': 0.004321314412525195, 'Domains': 0.0005955168271677831}"
100,10,1500,14,148698,15.209,3.54,4506,1.923,19.229,55.708,50.985,29.074,"{'end_of_stream': 0.3797495595098791, 'Days': 0.376958667904074, 'expired': 0.23359426488587606, 'Events': 0.006879715934309809, 'Domains': 0.002817791765861007}"
100,10,1500,7,196344,8.247,3.12,4506,1.708,17.076,59.835,57.106,37.4,"{'Days': 0.573254084667726, 'expired': 0.21918164038626084, 'end_of_stream': 0.20410605875402354, 'Events': 0.002882695676975105, 'Domains': 0.0005755205150144644}"
100,10,1750,14,148554,15.215,3.29,4256,1.924,19.24,55.698,50.958,28.886,"{'end_of_stream': 0.37987533152927555, 'Days': 0.37836073077803356, 'expired': 0.23384089287397175, 'Events': 0.005062132288595393, 'Domains': 0.002860912530123726}"
100,10,2000,14,148484,15.221,3.16,4006,1.924,19.236,55.694,50.976,28.726,"{'end_of_stream': 0.38022951967888796, 'Days': 0.37880175641819996, 'expired': 0.23420705261172922, 'Events': 0.00385226691091296, 'Domains': 0.002909404380269928}"
100,10,2000,7,196204,8.256,2.95,4006,1.708,17.081,59.829,57.096,36.808,"{'Days': 0.5741880899471978, 'expired': 0.21950622821145338, 'end_of_stream': 0.20413447228394935, 'Events': 0.001585084911622597, 'Domains': 0.0005861246457768445}"
100,10,250,14,158890,14.767,7.59,5756,1.913,19.129,56.408,50.891,36.397,"{'end_of_stream': 0.3548681477751904, 'Days': 0.3158914972622569, 'expired': 0.20925168355466045, 'Events': 0.11774812763547109, 'Domains': 0.002240543772421172}"
100,10,250,21,141270,21.089,9.31,5756,2.03,20.299,54.446,48.507,33.859,"{'end_of_stream': 0.4529836483329794, 'expired': 0.20147235789622708, 'Days': 0.19746584554399377, 'Events': 0.14388051249380618, 'Domains': 0.004197635732993558}"
100,10,250,31,124952,8.195,18.5,5756,2.113,21.125,52.107,47.363,32.334,"{'end_of_stream': 0.8164255073948397, 'Events': 0.1774361354760228, 'Domains': 0.006138357129137589}"
100,10,250,7,203823,8.028,5.4,5756,1.704,17.042,60.159,57.021,42.515,"{'Days': 0.5215358423730394, 'expired': 0.20737110139680018, 'end_of_stream': 0.1964106111675326, 'Events': 0.074167292209417, 'Domains': 0.0005151528532108742}"
100,10,500,14,151753,15.042,5.7,5506,1.921,19.213,55.919,50.966,33.239,"{'end_of_stream': 0.3725527666668863, 'Days': 0.35375906901346266, 'expired': 0.22593293048572352, 'Events': 0.04516549919935685, 'Domains': 0.002589734634570651}"
100,10,500,21,133682,21.79,6.88,5506,2.042,20.423,53.82,48.498,30.4,"{'end_of_stream': 0.4792492631767927, 'Days': 0.2368531290674885, 'expired': 0.22059813587468768, 'Events': 0.05815293008782035, 'Domains': 0.005146541793210754}"
100,10,500,31,114942,11.547,24.27,5506,2.132,21.32,51.017,47.358,28.26,"{'end_of_stream': 0.9141219049607628, 'Events': 0.07813505942127334, 'Domains': 0.007743035617963843}"
100,10,500,7,198317,8.167,4.19,5506,1.708,17.076,59.901,57.064,39.922,"{'Days': 0.5568256881659162, 'expired': 0.2160077048361966, 'end_of_stream': 0.20202504071763894, 'Events': 0.024536474432348212, 'Domains': 0.0006050918479000791}"
100,10,700,14,150128,15.111,4.86,5306,1.924,19.243,55.809,50.925,31.598,"{'end_of_stream': 0.3762988916124907, 'Days': 0.364668815943728, 'expired': 0.22921107321752104, 'Events': 0.026963657678780773, 'Domains': 0.0028575615474794843}"
100,10,700,21,131970,21.912,5.6,5306,2.044,20.44,53.67,48.479,28.761,"{'end_of_stream': 0.4853072668030613, 'Days': 0.2488217019019474, 'expired': 0.22477835871789043, 'Events': 0.035811169205122374, 'Domains': 0.00528150337197848}"
100,10,700,31,112488,12.943,26.34,5306,2.134,21.341,50.713,47.353,26.535,"{'end_of_stream': 0.9415759903278572, 'Events': 0.05024535950501387, 'Domains': 0.008178650167128938}"
100,10,700,7,197258,8.199,3.74,5306,1.708,17.08,59.864,57.096,38.463,"{'Days': 0.5646868568068215, 'expired': 0.2180038325441807, 'end_of_stream': 0.20330227417899402, 'Events': 0.013413904632511736, 'Domains': 0.0005931318374920155}"
100,10,750,31,112063,13.275,27.1,5256,2.135,21.347,50.667,47.345,26.563,"{'end_of_stream': 0.9459768166120843, 'Events': 0.04575997430017044, 'Domains': 0.008263209087745286}"
100,15,700,14,150011,15.116,4.87,5306,1.921,12.805,55.809,50.981,31.637,"{'end_of_stream': 0.3764590596689576, 'Days': 0.36674643859450307, 'expired': 0.22966982421289106, 'Events': 0.027031351034257488, 'Domains': 9.3326489390778e-05}"
100,15,700,7,197208,8.199,3.74,5306,1.708,11.385,59.864,57.107,38.407,"{'Days': 0.5651241328952172, 'expired': 0.2180641758955012, 'end_of_stream': 0.20333860695306477, 'Events': 0.013473084256216787}"
100,20,1000,14,149087,15.177,4.17,5006,1.92,9.601,55.744,51.026,30.199,"{'end_of_stream': 0.3786446839764701, 'Days': 0.37411041874878426, 'expired': 0.2323609704400786, 'Events': 0.014877219341726642, 'Domains': 6.70749294036368e-06}"
100,20,2000,14,148356,15.233,3.17,4006,1.92,9.599,55.694,51.023,28.786,"{'Days': 0.3810159346436949, 'end_of_stream': 0.3803081776267896, 'expired': 0.23476637277899107, 'Events': 0.0039027744075062687, 'Domains': 6.7405430181455415e-06}"
100,20,500,14,151627,15.046,5.72,5506,1.919,9.594,55.919,51.01,33.298,"{'end_of_stream': 0.37271066498710653, 'Days': 0.35566884525843023, 'expired': 0.22616684363602788, 'Events': 0.045447050986961425, 'Domains': 6.595131473945933e-06}"
100,20,700,14,150011,15.118,4.87,5306,1.921,9.603,55.809,50.981,31.629,"{'end_of_stream': 0.37649239055802575, 'Days': 0.36674643859450307, 'expired': 0.22969648892414557, 'Events': 0.027058015745511997, 'Domains': 6.6661778136270006e-06}"
100,20,700,7,197208,8.199,3.74,5306,1.708,8.539,59.864,57.107,38.407,"{'Days': 0.5651241328952172, 'expired': 0.2180641758955012, 'end_of_stream': 0.20333860695306477, 'Events': 0.013473084256216787}"
100,2,1000,31,264773,2.227,0.49,5006,1.709,85.456,57.52,29.088,40.676,"{'Domains': 0.7085994417859827, 'end_of_stream': 0.2860034822281728, 'Events': 0.005397075985844478}"
100,2,100,31,318177,1.818,2.95,5906,1.642,82.098,60.019,35.804,64.681,"{'Domains': 0.6377267998629693, 'end_of_stream': 0.22291680416874884, 'Events': 0.1393563959682818}"
100,2,250,31,280511,2.106,1.69,5756,1.689,84.436,58.318,31.129,55.572,"{'Domains': 0.687612963484498, 'end_of_stream': 0.26463133353059237, 'Events': 0.047755702984909686}"
100,2,500,31,269600,2.191,0.96,5506,1.704,85.179,57.772,29.642,47.844,"{'Domains': 0.7029376854599406, 'end_of_stream': 0.2795103857566766, 'Events': 0.01755192878338279}"
100,2,750,31,266220,2.218,0.65,5256,1.708,85.394,57.584,29.211,43.264,"{'Domains': 0.7073660881977312, 'end_of_stream': 0.28378784463977164, 'Events': 0.008846067162497183}"
100,3,1000,14,184462,9.76,2.06,5006,1.887,62.906,56.703,43.61,33.486,"{'Domains': 0.323128882913554, 'end_of_stream': 0.3043878956099359, 'Days': 0.20024720538647525, 'expired': 0.16309050102460126, 'Events': 0.009145515065433532}"
100,3,1000,31,160143,6.902,1.64,5006,2.026,67.527,52.916,37.926,29.109,"{'end_of_stream': 0.5816051903611148, 'Domains': 0.40473202075644893, 'Events': 0.013662788882436322}"
100,3,100,14,224085,4.915,6.12,5906,1.812,60.387,58.781,46.432,48.025,"{'Domains': 0.273454269585202, 'end_of_stream': 0.24454559653702837, 'Events': 0.2337059597920432, 'Days': 0.12728205814757793, 'expired': 0.12101211593814847}"
100,3,100,21,213563,4.25,6.29,5906,1.871,62.376,57.505,43.722,46.766,"{'Domains': 0.3056990208978147, 'end_of_stream': 0.29855358840248547, 'Events': 0.2515697943932235, 'expired': 0.09411274424876968, 'Days': 0.050064852057706624}"
100,3,100,31,207478,3.971,6.56,5906,1.902,63.386,56.415,42.437,46.169,"{'end_of_stream': 0.4145017785018171, 'Domains': 0.3228968854529155, 'Events': 0.2626013360452675}"
100,3,100,7,256203,5.882,5.6,5906,1.666,55.547,61.515,53.564,52.146,"{'Days': 0.3070807133405932, 'Domains': 0.20048945562698328, 'Events': 0.18821793655811994, 'end_of_stream': 0.15572807500302493, 'expired': 0.14848381947127864}"
100,3,2000,14,183669,9.962,1.5,4006,1.888,62.947,56.67,43.559,30.592,"{'Domains': 0.32386521405354196, 'end_of_stream': 0.30600700172593087, 'Days': 0.20388851684279874, 'expired': 0.16403421372142277, 'Events': 0.002205053656305637}"
100,3,250,14,195020,7.743,4.29,5756,1.867,62.235,57.272,44.243,41.386,"{'Domains': 0.30887088503743204, 'end_of_stream': 0.2864936929545688, 'Days': 0.17319249307763307, 'expired': 0.1495128704748231, 'Events': 0.08193005845554302}"
100,3,250,21,182611,6.913,4.31,5756,1.944,64.81,55.744,40.89,39.55,"{'end_of_stream': 0.3557945578305798, 'Domains': 0.3525307894924183, 'expired': 0.12155346611102288, 'Events': 0.09239311980110727, 'Days': 0.07772806676487178}"
100,3,250,31,174091,5.92,4.67,5756,1.988,66.26,54.127,39.123,38.783,"{'end_of_stream': 0.5205151328902701, 'Domains': 0.37839980240219195, 'Events': 0.10108506470753802}"
100,3,250,7,230978,7.108,4.06,5756,1.694,56.465,60.557,52.381,46.293,"{'Days': 0.37715280243140037, 'Domains': 0.2174449514672393, 'end_of_stream': 0.17479153858809063, 'expired': 0.17191680592956904, 'Events': 0.058693901583700615}"
100,3,25,14,378818,1.007,6.56,5981,1.596,53.186,64.18,56.697,60.479,"{'Events': 0.6258282341388213, 'Domains': 0.14867825710499502, 'end_of_stream': 0.12939723033224398, 'expired': 0.052618935742229776, 'Days': 0.04347734268170995}"
100,3,25,7,401452,1.072,6.4,5981,1.526,50.851,65.633,60.625,63.033,"{'Events': 0.5768037025597083, 'Days': 0.13560027101621117, 'Domains': 0.1207591443061686, 'end_of_stream': 0.09177435907655211, 'expired': 0.07506252304135987}"
100,3,500,14,187270,9.007,2.96,5506,1.883,62.76,56.864,43.746,37.022,"{'Domains': 0.3200405831152881, 'end_of_stream': 0.2992310567629626, 'Days': 0.19138676776846264, 'expired': 0.15920328936829178, 'Events': 0.030138302984994928}"
100,3,500,21,174049,7.977,2.74,5506,1.966,65.517,55.166,40.194,34.73,"{'end_of_stream': 0.37512999212865344, 'Domains': 0.3671782084355555, 'expired': 0.1318364368654804, 'Days': 0.0903825934076036, 'Events': 0.03547276916270705}"
100,3,500,31,164246,6.601,2.94,5506,2.015,67.176,53.282,38.22,33.173,"{'end_of_stream': 0.5626925465460346, 'Domains': 0.3970629421721077, 'Events': 0.0402445112818577}"
100,3,700,14,185519,9.31,2.45,5306,1.886,62.863,56.768,43.606,34.828,"{'Domains': 0.3217675817571246, 'end_of_stream': 0.30275605194077154, 'Days': 0.19686932335771537, 'expired': 0.16137969695826304, 'Events': 0.017227345986125412}"
100,3,700,7,223925,7.261,2.73,5306,1.7,56.682,60.282,52.217,41.106,"{'Days': 0.4058948308585464, 'Domains': 0.22253879647203303, 'end_of_stream': 0.1814536117003461, 'expired': 0.18007815116668527, 'Events': 0.010034609802389193}"
100,3,750,31,161324,6.864,2.1,5256,2.022,67.39,53.041,38.066,30.934,"{'end_of_stream': 0.5760209268304778, 'Domains': 0.4020418536609556, 'Events': 0.02193721950856661}"
100,5,1000,31,120038,12.777,7.11,5006,2.158,43.161,50.825,45.097,24.96,"{'end_of_stream': 0.8607774204835136, 'Domains': 0.1146220363551542, 'Events': 0.024600543161332245}"
100,5,100,14,191779,8.104,8.72,5906,1.868,37.351,58.118,50.855,43.251,"{'Events': 0.30198822603100445, 'end_of_stream': 0.29046454512746445, 'Days': 0.20265513950953962, 'expired': 0.15671163161764323, 'Domains': 0.048180457714348285}"
100,5,100,21,177164,6.533,9.77,5906,1.96,39.193,56.611,48.375,41.122,"{'end_of_stream': 0.3620600121920932, 'Events': 0.3401029554537039, 'expired': 0.13692398004109188, 'Days': 0.09801088257208011, 'Domains': 0.06290216974103091}"
100,5,100,31,167302,4.904,11.38,5906,2.012,40.248,55.157,47.146,40.188,"{'end_of_stream': 0.5571302196028739, 'Events': 0.3698282148450108, 'Domains': 0.07304156555211534}"
100,5,100,7,230838,7.236,6.96,5906,1.686,33.712,61.15,57.054,48.537,"{'Days': 0.40094351883138823, 'Events': 0.22592467444701478, 'expired': 0.17389684540673547, 'end_of_stream': 0.1730217728450255, 'Domains': 0.026213188469835988}"
100,5,250,14,163714,14.279,6.94,5756,1.925,38.494,56.455,49.731,36.973,"{'end_of_stream': 0.3451873388958794, 'Days': 0.28411131607559525, 'expired': 0.19993403129848394, 'Events': 0.11055254895732802, 'Domains': 0.06021476477271339}"
100,5,250,21,147460,16.905,8.05,5756,2.04,40.804,54.546,46.869,34.647,"{'end_of_stream': 0.43809168588091685, 'expired': 0.18594195035941952, 'Days': 0.1618879696188797, 'Events': 0.1318662688186627, 'Domains': 0.08221212532212126}"
100,5,250,31,133844,8.774,12.11,5756,2.121,42.417,52.334,45.329,33.211,"{'end_of_stream': 0.7436269089387645, 'Events': 0.15527031469471922, 'Domains': 0.10110277636651624}"
100,5,250,7,206536,7.984,5.26,5756,1.713,34.25,60.165,56.38,42.536,"{'Days': 0.49856683580586436, 'expired': 0.2043517837084092, 'end_of_stream': 0.19419374830538016, 'Events': 0.07192450710771972, 'Domains': 0.030963125072626566}"
100,5,25,14,349843,1.026,7.51,5981,1.626,32.52,63.934,58.543,57.289,"{'Events': 0.7244821248388563, 'end_of_stream': 0.14243246256177772, 'expired': 0.06110741103866592, 'Days': 0.05799172771786201, 'Domains': 0.013986273842838072}"
100,5,25,7,377867,1.158,7.08,5981,1.542,30.836,65.5,62.222,60.493,"{'Events': 0.6475241288601545, 'Days': 0.16250691380829763, 'end_of_stream': 0.09842087295265266, 'expired': 0.08254227016384072, 'Domains': 0.009005814215054503}"
100,5,500,14,156460,14.835,5.1,5506,1.936,38.726,55.973,49.641,33.483,"{'end_of_stream': 0.36169628019941197, 'Days': 0.3176786399079637, 'expired': 0.21472580851335804, 'Domains': 0.06408027610890962, 'Events': 0.04181899527035664}"
100,5,500,21,139624,21.091,5.73,5506,2.059,41.183,53.908,46.66,31.014,"{'end_of_stream': 0.46297914398670714, 'expired': 0.20305964590614795, 'Days': 0.19302555434595772, 'Domains': 0.0881008995588151, 'Events': 0.05283475620237209}"
100,5,500,31,124164,11.221,10.66,5506,2.147,42.948,51.297,45.139,29.039,"{'end_of_stream': 0.8230485486936632, 'Domains': 0.11019297058728778, 'Events': 0.066758480719049}"
100,5,700,14,154889,14.91,4.36,5306,1.939,38.786,55.862,49.601,31.733,"{'end_of_stream': 0.3656618610747051, 'Days': 0.3263111002072452, 'expired': 0.21799482209840595, 'Domains': 0.0652338126012822, 'Events': 0.024798404018361538}"
100,5,700,7,199808,8.101,3.62,5306,1.718,34.359,59.875,56.399,38.555,"{'Days': 0.5396530669442665, 'expired': 0.21447589686098656, 'end_of_stream': 0.20056754484304934, 'Domains': 0.03255124919923126, 'Events': 0.012752242152466368}"
100,5,750,31,121318,12.19,8.7,5256,2.155,43.107,50.971,45.077,26.806,"{'end_of_stream': 0.8483407243772565, 'Domains': 0.11356105441896504, 'Events': 0.0380982212037785}"
100,7,1000,31,113004,14.204,17.18,5006,2.149,30.703,50.549,46.887,24.876,"{'end_of_stream': 0.9366659587271247, 'Domains': 0.03475098226611447, 'Events': 0.028583059006760822}"
100,7,100,14,187920,9.022,9.22,5906,1.865,26.645,58.088,51.624,42.944,"{'Events': 0.3143358876117497, 'end_of_stream': 0.29598233290762027, 'Days': 0.21765644955300129, 'expired': 0.16207960834397617, 'Domains': 0.009945721583652619}"
100,7,100,21,172385,6.955,10.51,5906,1.961,28.007,56.559,49.3,40.657,"{'end_of_stream': 0.3708791368158482, 'Events': 0.35814601038373406, 'expired': 0.14406125823012442, 'Days': 0.11249238622850016, 'Domains': 0.01442120834179308}"
100,7,100,31,161226,4.809,12.79,5906,2.019,28.845,55.046,48.162,39.477,"{'end_of_stream': 0.5857367918325829, 'Events': 0.39616439035887513, 'Domains': 0.018098817808542045}"
100,7,250,14,159811,14.693,7.48,5756,1.918,27.405,56.411,50.652,36.474,"{'end_of_stream': 0.35344250395780014, 'Days': 0.30868338224527725, 'expired': 0.20740750010950434, 'Events': 0.11612467226911789, 'Domains': 0.014341941418300367}"
100,7,250,21,142577,21.036,9.07,5756,2.037,29.093,54.456,48.177,34.061,"{'end_of_stream': 0.45012168863140617, 'expired': 0.19795619209269377, 'Days': 0.1891819858742995, 'Events': 0.1409483998120314, 'Domains': 0.021791733589569144}"
100,7,250,31,126963,8.49,16.58,5756,2.121,30.305,52.135,46.873,32.439,"{'end_of_stream': 0.7993431157108764, 'Events': 0.17148303048919764, 'Domains': 0.029173853799925962}"
100,7,500,14,152636,15.01,5.61,5506,1.928,27.542,55.921,50.723,33.533,"{'end_of_stream': 0.3706334023428287, 'Days': 0.34543620115831125, 'expired': 0.2236235226289997, 'Events': 0.0445438821772059, 'Domains': 0.01576299169265442}"
100,7,500,21,134842,21.631,6.61,5506,2.052,29.318,53.83,48.07,30.41,"{'end_of_stream': 0.4758161403716943, 'Days': 0.22642055146022752, 'expired': 0.21723201969712702, 'Events': 0.05679981014817342, 'Domains': 0.02373147832277777}"
100,7,500,31,117074,11.798,18.78,5506,2.144,30.635,51.046,46.809,28.459,"{'end_of_stream': 0.8921109725472778, 'Events': 0.07508925978440986, 'Domains': 0.03279976766831235}"
100,7,700,14,150992,15.066,4.77,5306,1.931,27.587,55.811,50.659,31.648,"{'end_of_stream': 0.3742781074494013, 'Days': 0.3559195189149094, 'expired': 0.22707825580163188, 'Events': 0.026537829818798347, 'Domains': 0.016186288015259086}"
100,7,700,7,197631,8.183,3.72,5306,1.711,24.441,59.864,56.992,38.284,"{'Days': 0.5602967145842505, 'expired': 0.21740010423465955, 'end_of_stream': 0.20296916981647617, 'Events': 0.013302568928963573, 'Domains': 0.006031442435650278}"
100,7,750,31,114217,13.238,18.34,5256,2.149,30.704,50.713,46.804,26.639,"{'end_of_stream': 0.9223845837309682, 'Events': 0.04346988626911931, 'Domains': 0.034145529999912445}"
10,10,1000,31,49376,4.836,3.13,5046,7.756,77.56,89.921,6.424,1.335,"{'Domains': 0.5950259235255995, 'end_of_stream': 0.3698152948801037, 'Events': 0.03515878159429683}"
10,10,100,31,98429,1.884,11.16,5946,5.105,51.048,90.489,10.231,8.674,"{'Events': 0.7055136189537636, 'end_of_stream': 0.16867996220626036, 'Domains': 0.12580641883997604}"
10,10,250,31,61502,3.682,9.79,5796,6.785,67.852,90.084,7.284,3.994,"{'Domains': 0.37758121687099605, 'Events': 0.33452570648109003, 'end_of_stream': 0.2878930766479139}"
10,10,25,31,288543,0.289,7.75,5972,2.824,28.239,91.825,23.225,24.685,"{'Events': 0.9502084611305768, 'end_of_stream': 0.04773638591128532, 'Domains': 0.002055152958137955}"
10,10,500,31,52385,4.475,6.25,5546,7.484,74.835,89.967,6.718,2.284,"{'Domains': 0.5291400209983774, 'end_of_stream': 0.3455378448029016, 'Events': 0.125322134198721}"
10,10,50,31,164788,0.919,9.7,5938,3.807,38.065,91.113,15.07,15.125,"{'Events': 0.8803007500546156, 'end_of_stream': 0.09351409083185669, 'Domains': 0.026185159113527683}"
10,10,700,14,56877,6.078,3.97,5346,6.958,69.582,91.029,8.874,2.033,"{'Domains': 0.4659352638148988, 'end_of_stream': 0.23946410675668547, 'Days': 0.18153207799286178, 'expired': 0.05895177312446156, 'Events': 0.05411677831109236}"
10,10,700,7,70155,7.014,3.18,5346,5.924,59.236,91.816,11.767,2.847,"{'Days': 0.42769581640652843, 'Domains': 0.30570878768441306, 'end_of_stream': 0.16973843631957808, 'expired': 0.0618487634523555, 'Events': 0.035008196137124935}"
10,10,750,31,50236,4.769,4.49,5296,7.677,76.773,89.93,6.458,1.609,"{'Domains': 0.576339676725854, 'end_of_stream': 0.36266820606736205, 'Events': 0.06099211720678398}"
10,15,1000,31,34226,7.841,7.59,5046,9.503,63.355,89.907,7.737,1.416,"{'end_of_stream': 0.5449073803541168, 'Domains': 0.37240694209080816, 'Events': 0.08268567755507508}"
10,15,100,31,93606,1.942,12.24,5946,5.223,34.821,90.489,10.682,8.762,"{'Events': 0.8008460996089994, 'end_of_stream': 0.1782257547593103, 'Domains': 0.020928145631690275}"
10,15,250,31,50994,4.513,14.15,5796,7.475,49.834,90.079,8.387,3.992,"{'Events': 0.5073341961799427, 'end_of_stream': 0.35141389183041144, 'Domains': 0.14125191198964585}"
10,15,500,31,38704,6.821,12.16,5546,8.831,58.873,89.953,7.847,2.163,"{'end_of_stream': 0.4753772219925589, 'Domains': 0.2806428276147168, 'Events': 0.24397995039272427}"
10,15,750,31,35569,7.392,9.46,5296,9.296,61.975,89.916,7.776,1.649,"{'end_of_stream': 0.5226180100649442, 'Domains': 0.34187073013016955, 'Events': 0.13551125980488626}"
10,20,1000,31,28926,10.137,13.09,5046,10.32,51.602,89.902,8.539,1.338,"{'end_of_stream': 0.6510060153495125, 'Domains': 0.22232593514485238, 'Events': 0.12666804950563507}"
10,20,100,31,93078,1.944,12.36,5946,5.234,26.169,90.489,10.743,8.675,"{'Events': 0.8169384817035175, 'end_of_stream': 0.17972023464191322, 'Domains': 0.003341283654569286}"
10,20,250,31,48401,4.753,15.78,5796,7.641,38.206,90.074,8.595,3.951,"{'Events': 0.5796367843639594, 'end_of_stream': 0.3713559637197579, 'Domains': 0.04900725191628272}"
10,20,500,31,34468,7.711,16.25,5546,9.32,46.602,89.949,8.417,2.222,"{'end_of_stream': 0.5383254032726007, 'Events': 0.32444586282929094, 'Domains': 0.13722873389810838}"
10,20,750,31,30555,9.255,14.72,5296,10.014,50.069,89.912,8.539,1.611,"{'end_of_stream': 0.6126656848306333, 'Events': 0.1953853706431026, 'Domains': 0.19194894452626413}"
10,2,1000,31,571365,0.039,0.09,4988,1.98,99.009,92.314,1.981,4.324,"{'Domains': 0.979384456520788, 'end_of_stream': 0.020340762909873723, 'Events': 0.00027478056933833887}"
10,2,100,31,586850,0.039,0.91,5888,1.96,97.993,92.472,4.014,19.736,"{'Domains': 0.9560330578512397, 'Events': 0.024331600920166993, 'end_of_stream': 0.019635341228593336}"
10,2,250,31,573736,0.039,0.4,5738,1.977,98.831,92.374,2.339,10.268,"{'Domains': 0.9753893776928761, 'end_of_stream': 0.020209643459709693, 'Events': 0.004400978847414141}"
10,2,25,31,686724,0.029,2.4,5963,1.837,91.847,92.868,16.305,41.84,"{'Domains': 0.7980178354040343, 'Events': 0.18659024586296677, 'end_of_stream': 0.015391918732998992}"
10,2,500,31,572001,0.039,0.2,5488,1.979,98.974,92.332,2.052,6.258,"{'Domains': 0.9785996877627836, 'end_of_stream': 0.020337377032557634, 'Events': 0.0010629352046587332}"
10,2,50,31,617400,0.036,1.58,5938,1.92,95.992,92.635,8.017,30.392,"{'Domains': 0.9070019436345967, 'Events': 0.07485098801425331, 'end_of_stream': 0.018147068351149983}"
10,2,750,31,571471,0.039,0.13,5238,1.98,99.001,92.314,1.999,5.031,"{'Domains': 0.979176546141449, 'end_of_stream': 0.02032299101791692, 'Events': 0.0005004628406340829}"
10,30,1000,31,25448,12.132,21.98,5046,10.829,36.098,89.902,9.329,1.387,"{'end_of_stream': 0.7441842187991198, 'Events': 0.1815859792518076, 'Domains': 0.07422980194907262}"
10,30,100,31,92982,1.946,12.4,5946,5.235,17.45,90.489,10.735,8.69,"{'Events': 0.8200942117829257, 'end_of_stream': 0.1797767309801897, 'Domains': 0.0001290572368845583}"
10,30,250,31,47490,4.874,16.5,5796,7.674,25.579,90.074,8.836,4.006,"{'Events': 0.6146978311223416, 'end_of_stream': 0.37871130764371447, 'Domains': 0.006590861233943988}"
10,30,500,31,32219,8.152,19.82,5546,9.547,31.822,89.949,8.83,2.23,"{'end_of_stream': 0.5761507185201279, 'Events': 0.39163226667494333, 'Domains': 0.03221701480492877}"
10,30,750,31,27591,10.685,21.22,5296,10.388,34.627,89.912,9.166,1.627,"{'end_of_stream': 0.6818890217824652, 'Events': 0.26080968431734985, 'Domains': 0.05730129390018484}"
10,3,1000,31,268196,0.394,0.24,4997,2.919,97.301,91.043,2.761,2.656,"{'Domains': 0.9458493042401825, 'end_of_stream': 0.05314769795224388, 'Events': 0.0010029978075735656}"
10,3,100,31,289243,0.344,2.3,5897,2.815,93.84,91.299,5.364,12.529,"{'Domains': 0.8621712539283578, 'Events': 0.08939887914314262, 'end_of_stream': 0.048429866928499564}"
10,3,250,31,272343,0.388,1.03,5747,2.9,96.653,91.122,3.221,6.403,"{'Domains': 0.9302974557818633, 'end_of_stream': 0.051919821695435533, 'Events': 0.017782722522701154}"
10,3,25,31,412083,0.12,4.66,5972,2.36,78.663,92.123,19.47,29.666,"{'Domains': 0.5064149697997733, 'Events': 0.4628072499957533, 'end_of_stream': 0.03077778020447337}"
10,3,500,31,269147,0.393,0.52,5497,2.915,97.175,91.066,2.843,3.995,"{'Domains': 0.9427859125310704, 'end_of_stream': 0.05277785002247842, 'Events': 0.0044362374464511954}"
10,3,50,31,327475,0.24,3.62,5947,2.645,88.152,91.564,10.214,20.252,"{'Domains': 0.7261806244751507, 'Events': 0.23241468814413313, 'end_of_stream': 0.041404687380716086}"
10,3,750,31,268330,0.394,0.33,5247,2.918,97.266,91.052,2.785,3.056,"{'Domains': 0.944985651995677, 'end_of_stream': 0.05312115678455633, 'Events': 0.0018931912197667053}"
10,50,1000,31,24338,12.917,26.93,5046,10.899,21.799,89.902,9.672,1.376,"{'end_of_stream': 0.7800558796943052, 'Events': 0.20979538170761772, 'Domains': 0.010148738598077082}"
10,50,100,31,92984,1.946,12.39,5946,5.235,10.47,90.489,10.734,8.68,"{'Events': 0.8202593994665749, 'end_of_stream': 0.1797406005334251}"
10,50,250,31,47401,4.895,16.6,5796,7.676,15.351,90.074,8.816,3.97,"{'Events': 0.620240079323221, 'end_of_stream': 0.3796122444674163, 'Domains': 0.00014767620936267166}"
10,50,500,31,31728,8.311,20.96,5546,9.555,19.11,89.949,9.011,2.273,"{'end_of_stream': 0.5852559253656077, 'Events': 0.41260085728693896, 'Domains': 0.0021432173474533536}"
10,50,750,31,26719,10.995,23.96,5296,10.432,20.864,89.912,9.473,1.625,"{'end_of_stream': 0.7048167970358172, 'Events': 0.2890452486994274, 'Domains': 0.006137954264755417}"
10,5,1000,31,118888,1.315,0.76,5046,4.626,92.522,90.121,4.141,1.864,"{'Domains': 0.8556204158535765, 'end_of_stream': 0.13933281744162573, 'Events': 0.0050467667047977924}"
10,5,100,31,149391,1.032,5.8,5946,4.067,81.346,90.633,7.543,9.482,"{'Domains': 0.589807953625051, 'Events': 0.30406784879945914, 'end_of_stream': 0.10612419757548983}"
10,5,250,31,125201,1.254,3.08,5796,4.495,89.903,90.256,4.843,4.739,"{'Domains': 0.7894345891805976, 'end_of_stream': 0.13075774155158504, 'Events': 0.07980766926781735}"
10,5,25,31,306045,0.256,7.07,5972,2.745,54.904,91.83,22.277,25.345,"{'Events': 0.8233102975052689, 'Domains': 0.13264062474472707, 'end_of_stream': 0.044049077750004086}"
10,5,500,31,120112,1.317,1.58,5546,4.599,91.974,90.168,4.244,2.852,"{'Domains': 0.8408735180498201, 'end_of_stream': 0.13740508858398828, 'Events': 0.021721393366191555}"
10,5,50,31,199908,0.783,7.18,5938,3.45,69.005,91.159,13.197,16.028,"{'Events': 0.5796816535606379, 'Domains': 0.3454188926906377, 'end_of_stream': 0.0748994537487244}"
10,5,750,31,119257,1.315,1.05,5296,4.618,92.358,90.14,4.164,2.107,"{'Domains': 0.8514133342277602, 'end_of_stream': 0.13919518351124044, 'Events': 0.009391482260999354}"
10,7,1000,31,74887,2.753,1.54,5046,6.079,86.847,89.949,5.153,1.572,"{'Domains': 0.7529344211945999, 'end_of_stream': 0.23332487614672773, 'Events': 0.0137407026586724}"
10,7,100,31,113873,1.567,8.77,5946,4.734,67.627,90.507,9.166,8.884,"{'Events': 0.5159256364546468, 'Domains': 0.3398962001528018, 'end_of_stream': 0.14417816339255135}"
10,7,250,31,83729,2.315,5.77,5796,5.687,81.239,90.098,6.012,4.124,"{'Domains': 0.6161425551481565, 'end_of_stream': 0.20536492732506062, 'Events': 0.17849251752678283}"
10,7,25,31,291158,0.284,7.64,5972,2.813,40.183,91.825,23.091,25.065,"{'Events': 0.9249788774479836, 'end_of_stream': 0.04716683038075547, 'Domains': 0.027854292171260966}"
10,7,500,31,76817,2.707,3.22,5546,5.985,85.499,89.995,5.358,2.598,"{'Domains': 0.7179921111212362, 'end_of_stream': 0.2263431271723707, 'Events': 0.05566476170639312}"
10,7,50,31,173123,0.892,8.92,5938,3.717,53.103,91.113,14.61,15.447,"{'Events': 0.7805490893757617, 'Domains': 0.13121884440542272, 'end_of_stream': 0.08823206621881552}"
10,7,750,31,75414,2.747,2.09,5296,6.053,86.477,89.953,5.21,1.925,"{'Domains': 0.7436948046781765, 'end_of_stream': 0.23115071472140453, 'Events': 0.02515448060041902}"
150,10,700,14,174008,15.351,5.03,5306,1.637,16.371,46.149,60.437,42.51,"{'end_of_stream': 0.38022964461404074, 'Days': 0.3291342926761988, 'expired': 0.26716587743092274, 'Events': 0.023021930026205693, 'Domains': 0.0004482552526320629}"
150,10,700,7,223219,8.599,4.01,5306,1.49,14.897,50.534,66.334,50.12,"{'Days': 0.5227915186431262, 'expired': 0.26026010330661814, 'end_of_stream': 0.20500047039006536, 'Events': 0.01188518898480864, 'Domains': 6.271867538157595e-05}"
150,30,250,31,146621,7.615,19.54,5756,1.755,5.851,42.491,57.232,42.397,"{'end_of_stream': 0.8520198334481418, 'Events': 0.1479801665518582}"
150,30,500,31,136834,10.219,26.71,5506,1.755,5.851,41.333,57.486,39.139,"{'end_of_stream': 0.9353377084642706, 'Events': 0.06466229153572943}"
15,10,100,31,102097,2.433,11.56,5933,4.449,44.489,86.84,14.456,11.728,"{'Events': 0.6872190172091247, 'end_of_stream': 0.22920360049756605, 'Domains': 0.0835773822933093}"
15,10,250,31,63919,5.121,11.38,5783,5.796,57.956,86.151,11.18,5.884,"{'end_of_stream': 0.3952345937827563, 'Events': 0.34834712683239727, 'Domains': 0.25641827938484646}"
15,10,25,31,292248,0.49,7.76,5976,2.578,25.784,88.746,28.391,29.394,"{'Events': 0.9338678109003312, 'end_of_stream': 0.06472242752730557, 'Domains': 0.0014097615723631983}"
15,10,500,31,53580,6.871,8.15,5533,6.414,64.138,85.9,10.599,3.528,"{'end_of_stream': 0.4825121313923106, 'Domains': 0.37116461366181414, 'Events': 0.14632325494587534}"
15,10,50,31,168987,1.077,9.75,5983,3.391,33.907,87.719,19.687,18.842,"{'Events': 0.8550776095202589, 'end_of_stream': 0.12756010817400154, 'Domains': 0.017362282305739496}"
15,10,700,14,62340,12.055,4.72,5333,5.677,56.766,87.471,13.738,3.66,"{'end_of_stream': 0.29512351620147576, 'Domains': 0.28187359640680143, 'Days': 0.27771896053897976, 'expired': 0.08585178055822906, 'Events': 0.05943214629451395}"
15,10,700,7,82891,7.157,3.19,5333,4.632,46.316,88.669,17.401,4.897,"{'Days': 0.5503130617316717, 'end_of_stream': 0.18743892581824323, 'Domains': 0.1474828389089286, 'expired': 0.08228878889143575, 'Events': 0.03247638464972072}"
15,2,100,31,510829,0.091,1.14,5888,1.936,96.803,89.283,6.394,26.145,"{'Domains': 0.9315837589486893, 'Events': 0.03714941790697083, 'end_of_stream': 0.031266823144339886}"
15,2,250,31,492910,0.095,0.52,5738,1.961,98.072,89.115,3.856,14.496,"{'Domains': 0.9600839909922704, 'end_of_stream': 0.032582012943539386, 'Events': 0.007333996064190217}"
15,2,25,31,629364,0.055,2.72,5963,1.786,89.31,90.034,21.38,47.993,"{'Domains': 0.7464821629454497, 'Events': 0.2304945945430625, 'end_of_stream': 0.02302324251148779}"
15,2,500,31,489660,0.094,0.26,5488,1.966,98.304,89.053,3.392,9.192,"{'Domains': 0.9650839357921823, 'end_of_stream': 0.03307805416002941, 'Events': 0.0018380100477882611}"
15,2,50,31,548638,0.079,1.89,5938,1.884,94.192,89.541,11.615,37.186,"{'Domains': 0.8700727984572706, 'Events': 0.10210557781269253, 'end_of_stream': 0.027821623730036927}"
15,3,100,31,258191,0.765,2.83,5933,2.722,90.723,87.796,8.41,16.552,"{'Domains': 0.7986684276369045, 'Events': 0.12436142235786685, 'end_of_stream': 0.0769701500052287}"
15,3,250,31,236973,0.833,1.35,5783,2.833,94.427,87.452,5.445,9.262,"{'Domains': 0.8856325404159967, 'end_of_stream': 0.08576926485295794, 'Events': 0.028598194731045308}"
15,3,25,31,393575,0.234,5.06,5984,2.233,74.421,88.998,24.697,34.516,"{'Events': 0.5191666137330877, 'Domains': 0.4363895064473099, 'end_of_stream': 0.044443879819602364}"
15,3,500,31,232622,0.841,0.69,5533,2.858,95.259,87.346,4.819,5.802,"{'Domains': 0.9050777656455538, 'end_of_stream': 0.08740359897172237, 'Events': 0.007518635382723904}"
15,3,50,31,302212,0.573,4.16,5983,2.528,84.27,88.234,14.325,24.597,"{'Domains': 0.6513639431921963, 'Events': 0.28641152568395695, 'end_of_stream': 0.062224531123846835}"
15,5,100,31,142628,1.745,6.67,5933,3.747,74.931,86.989,11.619,12.804,"{'Domains': 0.48482766357237006, 'Events': 0.35786100905852986, 'end_of_stream': 0.15731132736910003}"
15,5,250,31,115162,2.181,3.92,5783,4.217,84.336,86.394,7.886,6.785,"{'Domains': 0.6851218283808895, 'end_of_stream': 0.2035740956218197, 'Events': 0.11130407599729077}"
15,5,25,31,305926,0.461,7.21,5976,2.526,50.522,88.759,27.601,30.049,"{'Events': 0.8372384171335552, 'Domains': 0.10157031438975439, 'end_of_stream': 0.061191268476690444}"
15,5,500,31,108893,2.368,2.12,5533,4.344,86.882,86.217,7.171,4.374,"{'Domains': 0.7472472978061032, 'end_of_stream': 0.21813156033904843, 'Events': 0.03462114185484834}"
15,5,50,31,196309,0.993,7.7,5983,3.159,63.171,87.778,17.75,19.806,"{'Events': 0.6215150604404281, 'Domains': 0.27161770474099506, 'end_of_stream': 0.10686723481857684}"
15,7,100,31,114000,2.129,9.56,5933,4.222,60.31,86.872,13.387,11.986,"{'Events': 0.5458333333333333, 'Domains': 0.25108771929824564, 'end_of_stream': 0.20307894736842105}"
15,7,250,31,81326,3.845,7.1,5783,5.113,73.049,86.189,9.736,6.041,"{'Domains': 0.48233037405011925, 'end_of_stream': 0.30244940117551583, 'Events': 0.2152202247743649}"
15,7,25,31,294084,0.486,7.68,5976,2.571,36.726,88.746,28.29,29.42,"{'Events': 0.9168060826158513, 'end_of_stream': 0.06434216074318902, 'Domains': 0.018851756640959727}"
15,7,500,31,73282,4.252,4.19,5533,5.423,77.469,85.975,8.92,3.896,"{'Domains': 0.5830081056739718, 'end_of_stream': 0.34098414344586664, 'Events': 0.07600775088016157}"
15,7,50,31,175107,1.055,9.19,5983,3.339,47.703,87.722,19.25,19.18,"{'Events': 0.7829669859000497, 'end_of_stream': 0.12229094210968151, 'Domains': 0.09474207199026881}"
200,10,1000,14,189146,15.666,4.4,5006,1.488,14.881,39.213,66.996,50.127,"{'end_of_stream': 0.3866748437714781, 'Days': 0.3066678650354752, 'expired': 0.2948621699639432, 'Events': 0.011668235119960242, 'Domains': 0.00012688610914320155}"
200,10,1000,7,239342,8.833,3.88,5006,1.375,13.746,43.603,72.427,57.226,"{'Days': 0.4922203374251072, 'expired': 0.29585279641684287, 'end_of_stream': 0.20645352675251313, 'Events': 0.005469161283853231, 'Domains': 4.178121683615914e-06}"
200,10,500,14,191675,15.271,5.87,5506,1.488,14.884,39.419,66.936,51.888,"{'end_of_stream': 0.38105647580539975, 'Days': 0.29419068736141907, 'expired': 0.2891665579757402, 'Events': 0.03547150123907656, 'Domains': 0.00011477761836441894}"
200,10,600,14,190682,15.39,5.4,5406,1.489,14.889,39.336,66.918,51.3,"{'end_of_stream': 0.3829359876653276, 'Days': 0.29851795135356246, 'expired': 0.29148530013320606, 'Events': 0.026913919509969478, 'Domains': 0.00014684133793436193}"
200,10,700,14,190071,15.505,5.07,5306,1.488,14.883,39.285,66.972,50.857,"{'end_of_stream': 0.3843563720925338, 'Days': 0.301592562779172, 'expired': 0.2927905887799822, 'Events': 0.02112368535968138, 'Domains': 0.00013679098863056437}"
200,10,700,7,239972,8.812,4.22,5306,1.374,13.742,43.641,72.429,57.56,"{'Days': 0.4883194706049039, 'expired': 0.29487190172186756, 'end_of_stream': 0.2056698281466171, 'Events': 0.011126298068107946, 'Domains': 1.2501458503492075e-05}"
200,10,800,14,189645,15.57,4.79,5206,1.488,14.877,39.245,67.022,50.705,"{'end_of_stream': 0.3854412191199346, 'Days': 0.30344063908882385, 'expired': 0.29412850325608375, 'Events': 0.01686308629281025, 'Domains': 0.0001265522423475441}"
200,10,900,14,189373,15.641,4.62,5106,1.488,14.879,39.225,67.019,50.139,"{'end_of_stream': 0.3860582025948789, 'Days': 0.3052019031224092, 'expired': 0.29465129664735734, 'Events': 0.013956583039820883, 'Domains': 0.0001320145955336822}"
200,15,1000,14,189151,15.666,4.4,5006,1.488,9.92,39.213,66.998,50.102,"{'end_of_stream': 0.38671220347764484, 'Days': 0.30678664136060607, 'expired': 0.2948173681344534, 'Events': 0.011683787027295653}"
200,15,1000,7,239341,8.833,3.88,5006,1.375,9.164,43.603,72.425,57.219,"{'Days': 0.4922140377118839, 'expired': 0.29585403253099135, 'end_of_stream': 0.20645438934407392, 'Events': 0.005477540413050835}"
200,15,700,14,190059,15.509,5.07,5306,1.488,9.922,39.285,66.971,50.82,"{'end_of_stream': 0.38434907055177603, 'Days': 0.301664220057982, 'expired': 0.2928669518412703, 'Events': 0.021119757548971635}"
200,15,700,7,239985,8.811,4.22,5306,1.374,9.162,43.641,72.429,57.546,"{'Days': 0.4883013521678438, 'expired': 0.29488509698522825, 'end_of_stream': 0.2056961893451674, 'Events': 0.011117361501760526}"
200,3,1000,14,204204,14.247,3.13,5006,1.501,50.048,39.783,63.569,52.449,"{'end_of_stream': 0.35932205049852106, 'expired': 0.25695872754696286, 'Days': 0.23683669271904567, 'Domains': 0.13709329885800475, 'Events': 0.009789230377465671}"
200,3,1000,7,250247,8.061,3.38,5006,1.383,46.088,43.875,70.474,59.094,"{'Days': 0.4331240734154655, 'expired': 0.27617114291080413, 'end_of_stream': 0.1983640163518444, 'Domains': 0.08730174587507543, 'Events': 0.0050390214468105515}"
200,3,700,14,205370,14.192,3.64,5306,1.501,50.04,39.871,63.583,53.787,"{'end_of_stream': 0.35715050883770755, 'expired': 0.25523202025612307, 'Days': 0.23261917514729513, 'Domains': 0.13696255538783658, 'Events': 0.01803574037103764}"
200,3,700,7,251141,8.044,3.7,5306,1.382,46.082,43.918,70.501,60.249,"{'Days': 0.42945596298493677, 'expired': 0.2751920236042701, 'end_of_stream': 0.19788883535543778, 'Domains': 0.08739313771944844, 'Events': 0.010070040335906921}"
205,10,1000,14,190523,15.701,4.42,5006,1.476,14.758,38.669,67.568,51.011,"{'end_of_stream': 0.3867669520215407, 'Days': 0.30411026490240023, 'expired': 0.297407662067047, 'Events': 0.011583903255774894, 'Domains': 0.00013121775323714197}"
205,10,500,14,193195,15.299,5.87,5506,1.476,14.757,38.867,67.534,53.203,"{'end_of_stream': 0.3809311835192422, 'Days': 0.2919174926887342, 'expired': 0.29188643598436814, 'Events': 0.035161365459768626, 'Domains': 0.00010352234788685007}"
205,10,600,14,192128,15.422,5.4,5406,1.477,14.766,38.796,67.489,52.313,"{'end_of_stream': 0.3830727431712192, 'Days': 0.296359718520986, 'expired': 0.2937885159893404, 'Events': 0.02667492504996669, 'Domains': 0.00010409726848767489}"
205,10,700,14,191483,15.543,5.07,5306,1.476,14.758,38.741,67.533,51.631,"{'end_of_stream': 0.38467122407733323, 'Days': 0.29923805246418744, 'expired': 0.2950601358867367, 'Events': 0.020905250074419138, 'Domains': 0.0001253374973235222}"
205,10,800,14,191063,15.631,4.78,5206,1.476,14.757,38.707,67.543,51.203,"{'end_of_stream': 0.38557439169279245, 'Days': 0.30147124246976126, 'expired': 0.2960541810816328, 'Events': 0.016795507241067084, 'Domains': 0.00010467751474644489}"
205,10,900,14,190778,15.678,4.65,5106,1.476,14.758,38.681,67.558,50.692,"{'end_of_stream': 0.3863757875646039, 'Days': 0.302833660065626, 'expired': 0.29686861168478546, 'Events': 0.01378041493253939, 'Domains': 0.00014152575244525051}"
210,10,1000,14,191729,15.693,4.4,5006,1.466,14.66,38.057,68.006,51.719,"{'end_of_stream': 0.38711931945610734, 'Days': 0.30241121583067765, 'expired': 0.2988593274882777, 'Events': 0.011511039018614815, 'Domains': 9.909820632246556e-05}"
210,10,500,14,194303,15.301,5.9,5506,1.466,14.663,38.263,67.973,53.829,"{'end_of_stream': 0.38164619177264375, 'expired': 0.2932584674451758, 'Days': 0.2900572816683222, 'Events': 0.0349351270953099, 'Domains': 0.00010293201854834974}"
210,10,600,14,193264,15.416,5.4,5406,1.467,14.668,38.185,67.937,52.931,"{'end_of_stream': 0.38357376438446894, 'expired': 0.29535764550045535, 'Days': 0.29441075420150675, 'Events': 0.026575047603278418, 'Domains': 8.278831029058697e-05}"
210,10,700,14,192744,15.536,5.08,5306,1.467,14.668,38.136,67.937,51.838,"{'end_of_stream': 0.3854179637239032, 'Days': 0.297954800149421, 'expired': 0.29576536753413857, 'Events': 0.020752915784667744, 'Domains': 0.00010895280786950566}"
210,10,800,14,192255,15.621,4.75,5206,1.466,14.66,38.096,68.016,51.91,"{'end_of_stream': 0.38619541754440717, 'Days': 0.2997477308782606, 'expired': 0.2973810824165821, 'Events': 0.016576942082130505, 'Domains': 9.882707861954175e-05}"
210,10,900,14,192014,15.669,4.62,5106,1.466,14.657,38.077,68.02,51.57,"{'end_of_stream': 0.3869092878644266, 'Days': 0.3009832616371723, 'expired': 0.29833762121511975, 'Events': 0.013650046350786921, 'Domains': 0.0001197829324945056}"
215,10,1000,14,193040,15.699,4.44,5006,1.455,14.551,37.527,68.571,52.178,"{'end_of_stream': 0.38695607128056364, 'expired': 0.30111893907998344, 'Days': 0.3003729796933278, 'Events': 0.011463945296311645, 'Domains': 8.806464981351016e-05}"
215,10,500,14,195643,15.295,5.91,5506,1.456,14.562,37.737,68.488,54.328,"{'end_of_stream': 0.3815009992690768, 'expired': 0.2951140597925814, 'Days': 0.2884948605367941, 'Events': 0.03476229663213097, 'Domains': 0.00012778376941674377}"
215,10,600,14,194635,15.435,5.42,5406,1.456,14.561,37.657,68.506,53.078,"{'end_of_stream': 0.383713104015208, 'expired': 0.29738227965165565, 'Days': 0.2923420761939014, 'Events': 0.02645978369769055, 'Domains': 0.00010275644154442932}"
215,10,700,14,194029,15.547,5.08,5306,1.455,14.552,37.603,68.527,52.794,"{'end_of_stream': 0.38510222698668756, 'expired': 0.29874915605399194, 'Days': 0.29539914136546597, 'Events': 0.02064124435007138, 'Domains': 0.00010823124378314583}"
215,10,800,14,193637,15.614,4.8,5206,1.455,14.552,37.573,68.548,52.942,"{'end_of_stream': 0.38604708810816113, 'expired': 0.29947272473752434, 'Days': 0.2977891621952416, 'Events': 0.01661356042491879, 'Domains': 7.746453415411311e-05}"
215,10,900,14,193261,15.663,4.64,5106,1.456,14.555,37.542,68.535,52.044,"{'end_of_stream': 0.3865290979556144, 'expired': 0.3005262313658731, 'Days': 0.2992067721889052, 'Events': 0.013634411495335324, 'Domains': 0.00010348699427199487}"
220,10,1000,14,194146,15.717,4.45,5006,1.446,14.459,36.998,69.008,52.983,"{'end_of_stream': 0.3873734200035025, 'expired': 0.3037507854913313, 'Days': 0.29743079950140616, 'Events': 0.011367733561340434, 'Domains': 7.726144241962234e-05}"
220,10,500,14,196804,15.311,5.92,5506,1.446,14.463,37.21,68.974,54.979,"{'end_of_stream': 0.3821416231377411, 'expired': 0.2973516798439056, 'Days': 0.28582752383081644, 'Events': 0.034592792829414035, 'Domains': 8.638035812280238e-05}"
220,10,600,14,195728,15.458,5.45,5406,1.446,14.464,37.133,68.97,54.29,"{'end_of_stream': 0.38398185236654947, 'expired': 0.29960966238862097, 'Days': 0.29007091473882124, 'Events': 0.026281370064579417, 'Domains': 5.620044142892177e-05}"
220,10,700,14,195150,15.577,5.11,5306,1.446,14.46,37.087,69.008,53.63,"{'end_of_stream': 0.3854983346143992, 'expired': 0.30100947988726623, 'Days': 0.2927747886241353, 'Events': 0.020635408660005124, 'Domains': 8.198821419420958e-05}"
220,10,800,14,194753,15.63,4.8,5206,1.446,14.461,37.049,69.019,53.229,"{'end_of_stream': 0.38640226337976824, 'expired': 0.30221870779910964, 'Days': 0.2947528407778057, 'Events': 0.01654916740692056, 'Domains': 7.702063639584499e-05}"
220,10,900,14,194404,15.679,4.66,5106,1.446,14.461,37.021,69.008,52.587,"{'end_of_stream': 0.3869879220592169, 'expired': 0.3030801835353182, 'Days': 0.2962850558630481, 'Events': 0.013574823563301166, 'Domains': 7.201497911565606e-05}"
225,10,1000,14,195482,15.708,4.46,5006,1.435,14.351,36.486,69.496,54.321,"{'end_of_stream': 0.3879027225013045, 'expired': 0.3049641399208111, 'Days': 0.2958226332859291, 'Events': 0.011259348686835617, 'Domains': 5.115560511965296e-05}"
225,10,1000,21,175036,22.045,4.7,5006,1.49,14.902,34.407,67.215,50.177,"{'end_of_stream': 0.5261489065106607, 'expired': 0.2721268767567815, 'Days': 0.18648163806302703, 'Events': 0.015059759135263603, 'Domains': 0.00018281953426723646}"
225,10,1000,31,154274,12.575,36.01,5006,1.505,15.052,31.718,67.142,47.865,"{'end_of_stream': 0.9785187393857682, 'Events': 0.021040486407301294, 'Domains': 0.0004407742069305262}"
225,10,1000,7,245783,8.878,3.95,5006,1.334,13.342,40.782,74.654,60.44,"{'Days': 0.4794269742008194, 'expired': 0.30812546026372856, 'end_of_stream': 0.20708104303389574, 'Events': 0.005362453871911401, 'Domains': 4.068629644849318e-06}"
225,10,100,14,233550,10.741,9.19,5906,1.425,14.247,39.32,69.713,62.279,"{'end_of_stream': 0.32221794048383645, 'Events': 0.24418754014129737, 'expired': 0.23327338899593233, 'Days': 0.20025690430314708, 'Domains': 6.422607578676943e-05}"
225,10,100,7,278100,7.753,7.29,5906,1.329,13.289,42.6,74.803,67.624,"{'Days': 0.3756742179072276, 'expired': 0.2582272563825962, 'Events': 0.18394822006472492, 'end_of_stream': 0.1821431139877742, 'Domains': 7.19165767709457e-06}"
225,10,1250,14,195100,15.757,4.05,4756,1.435,14.351,36.457,69.504,52.992,"{'end_of_stream': 0.3886109687339826, 'expired': 0.3060328036904152, 'Days': 0.29786263454638645, 'Events': 0.007442337262942081, 'Domains': 5.125576627370579e-05}"
225,10,1500,14,194861,15.776,3.92,4506,1.435,14.349,36.439,69.509,52.902,"{'end_of_stream': 0.3889798369093867, 'expired': 0.3067879154884764, 'Days': 0.2988797142578556, 'Events': 0.0052858191223487516, 'Domains': 6.671422193255705e-05}"
225,10,1750,14,194739,15.791,3.69,4256,1.435,14.35,36.427,69.508,52.722,"{'end_of_stream': 0.3891824441945373, 'expired': 0.3069698416855381, 'Days': 0.2998885688023457, 'Events': 0.003897524378783911, 'Domains': 6.162093879500255e-05}"
225,10,2000,14,194633,15.803,3.61,4006,1.435,14.351,36.421,69.493,52.237,"{'end_of_stream': 0.3892865033164982, 'expired': 0.3072243658577939, 'Days': 0.3004526467762404, 'Events': 0.002974829551001115, 'Domains': 6.165449846634435e-05}"
225,10,250,14,205548,14.954,7.7,5756,1.434,14.338,37.3,69.511,58.183,"{'end_of_stream': 0.3690330239165548, 'expired': 0.28257633253546616, 'Days': 0.25990522894895596, 'Events': 0.08845622433689454, 'Domains': 2.9190262128553916e-05}"
225,10,250,7,253376,8.408,5.79,5756,1.334,13.338,41.212,74.644,64.08,"{'Days': 0.445614422834049, 'expired': 0.2948385008840616, 'end_of_stream': 0.20095036625410456, 'Events': 0.05859671002778479}"
225,10,500,14,198136,15.305,5.93,5506,1.436,14.357,36.691,69.437,55.671,"{'end_of_stream': 0.3827774861711148, 'expired': 0.2988906609601486, 'Days': 0.28386562764969514, 'Events': 0.03438042556627771, 'Domains': 8.579965276375823e-05}"
225,10,600,14,197031,15.451,5.45,5406,1.436,14.358,36.608,69.444,54.756,"{'end_of_stream': 0.3845943024194162, 'expired': 0.3012876146393207, 'Days': 0.28810694763768135, 'Events': 0.025955306525369103, 'Domains': 5.582877821256554e-05}"
225,10,700,14,196418,15.557,5.13,5306,1.436,14.358,36.561,69.443,54.477,"{'end_of_stream': 0.38605423128226535, 'expired': 0.3028439348735859, 'Days': 0.2906556425582177, 'Events': 0.020369823539594132, 'Domains': 7.636774633689377e-05}"
225,10,700,21,176194,21.996,5.91,5306,1.491,14.909,34.514,67.192,51.55,"{'end_of_stream': 0.5223163104305482, 'expired': 0.2692543446428369, 'Days': 0.18156123364019205, 'Events': 0.02665243992417449, 'Domains': 0.0002156713622484307}"
225,10,700,31,155898,10.848,30.87,5306,1.508,15.077,31.91,67.029,49.175,"{'end_of_stream': 0.9644254576710414, 'Events': 0.035151188597672835, 'Domains': 0.00042335373128584076}"
225,10,700,7,246448,8.854,4.27,5306,1.334,13.34,40.819,74.671,60.938,"{'Days': 0.47596247484256315, 'expired': 0.30654336817503086, 'end_of_stream': 0.2067008050379796, 'Events': 0.01079335194442641}"
225,10,800,14,195962,15.637,4.81,5206,1.436,14.358,36.524,69.478,54.285,"{'end_of_stream': 0.3869831906185893, 'expired': 0.30376807748441026, 'Days': 0.29293434441371285, 'Events': 0.01625315112113573, 'Domains': 6.123636215184576e-05}"
225,10,900,14,195703,15.681,4.68,5106,1.435,14.353,36.505,69.475,53.727,"{'end_of_stream': 0.38758731342902253, 'expired': 0.3045686576087234, 'Days': 0.294303102149686, 'Events': 0.013489828975539466, 'Domains': 5.109783702855858e-05}"
225,15,1000,14,195469,15.708,4.46,5006,1.435,9.567,36.486,69.497,54.253,"{'end_of_stream': 0.38786712982621285, 'expired': 0.3050100015859292, 'Days': 0.2958576551780589, 'Events': 0.011265213409798996}"
225,15,1000,7,245782,8.878,3.95,5006,1.334,8.894,40.782,74.654,60.446,"{'Days': 0.4794329934657542, 'expired': 0.3081267139172112, 'end_of_stream': 0.20707781692719565, 'Events': 0.005362475689838963}"
225,15,700,14,196413,15.559,5.13,5306,1.436,9.571,36.561,69.448,54.479,"{'end_of_stream': 0.3860386023328395, 'expired': 0.3028669181775137, 'Days': 0.29071395477896067, 'Events': 0.020380524710686156}"
225,15,700,7,246448,8.854,4.27,5306,1.334,8.894,40.819,74.671,60.938,"{'Days': 0.47596247484256315, 'expired': 0.30654336817503086, 'end_of_stream': 0.2067008050379796, 'Events': 0.01079335194442641}"
225,20,1000,14,195469,15.708,4.46,5006,1.435,7.176,36.486,69.497,54.253,"{'end_of_stream': 0.38786712982621285, 'expired': 0.3050100015859292, 'Days': 0.2958576551780589, 'Events': 0.011265213409798996}"
225,20,2000,14,194633,15.803,3.61,4006,1.435,7.175,36.421,69.493,52.239,"{'end_of_stream': 0.3893019169411148, 'expired': 0.3072243658577939, 'Days': 0.3004988876500902, 'Events': 0.002974829551001115}"
225,20,500,14,198121,15.304,5.93,5506,1.436,7.178,36.691,69.438,55.635,"{'end_of_stream': 0.38273580286794434, 'expired': 0.2989789068296647, 'Days': 0.2839123565901646, 'Events': 0.03437293371222637}"
225,20,700,14,196413,15.559,5.13,5306,1.436,7.178,36.561,69.448,54.479,"{'end_of_stream': 0.3860386023328395, 'expired': 0.3028669181775137, 'Days': 0.29071395477896067, 'Events': 0.020380524710686156}"
225,30,700,14,196413,15.559,5.13,5306,1.436,4.786,36.561,69.448,54.479,"{'end_of_stream': 0.3860386023328395, 'expired': 0.3028669181775137, 'Days': 0.29071395477896067, 'Events': 0.020380524710686156}"
225,30,700,7,246448,8.854,4.27,5306,1.334,4.447,40.819,74.671,60.938,"{'Days': 0.47596247484256315, 'expired': 0.30654336817503086, 'end_of_stream': 0.2067008050379796, 'Events': 0.01079335194442641}"
225,3,1000,14,208341,14.469,3.3,5006,1.448,48.275,36.999,66.642,55.743,"{'end_of_stream': 0.3653001569542241, 'expired': 0.27246677322274543, 'Days': 0.23778324957641558, 'Domains': 0.11459098305182369, 'Events': 0.009858837194791232}"
225,3,1000,7,254913,8.13,3.51,5006,1.341,44.712,41.021,73.076,62.657,"{'Days': 0.43054296956216437, 'expired': 0.29172305845523766, 'end_of_stream': 0.20059000521746634, 'Domains': 0.07211872285838698, 'Events': 0.005025243906744654}"
225,3,2000,14,207532,14.538,2.59,4006,1.449,48.3,36.94,66.636,54.427,"{'end_of_stream': 0.3666808010330937, 'expired': 0.2738276506755585, 'Days': 0.2417554883102365, 'Domains': 0.11527378910240349, 'Events': 0.002462270878707862}"
225,3,500,14,211037,14.26,4.48,5506,1.447,48.219,37.188,66.708,58.255,"{'end_of_stream': 0.36024962447343356, 'expired': 0.267294360704521, 'Days': 0.2283722759516104, 'Domains': 0.1135677629989054, 'Events': 0.030515975871529637}"
225,3,700,14,209419,14.371,3.84,5306,1.448,48.268,37.068,66.65,56.826,"{'end_of_stream': 0.36335289539153565, 'expired': 0.2703670631604582, 'Days': 0.2337705747807028, 'Domains': 0.11449295431646603, 'Events': 0.018016512350837316}"
225,3,700,7,255546,8.113,3.8,5306,1.343,44.757,41.054,72.988,62.938,"{'Days': 0.427465113912955, 'expired': 0.2901943290053454, 'end_of_stream': 0.19977616554358119, 'Domains': 0.07255445203603265, 'Events': 0.01000993950208573}"
225,5,700,14,197238,15.39,5.04,5306,1.44,28.802,36.573,69.186,54.542,"{'end_of_stream': 0.38457092446688773, 'expired': 0.30057088390675224, 'Days': 0.2841338890071893, 'Events': 0.0200975471258074, 'Domains': 0.010626755493363348}"
225,7,700,14,196511,15.546,5.14,5306,1.436,20.521,36.561,69.417,54.514,"{'end_of_stream': 0.3859834818407112, 'expired': 0.30261410302731145, 'Days': 0.28980057096040424, 'Events': 0.020324561983807523, 'Domains': 0.0012772821877655705}"
230,10,1000,14,196541,15.73,4.45,5006,1.427,14.269,35.966,69.968,54.488,"{'end_of_stream': 0.38811240402765834, 'expired': 0.30672480551131825, 'Days': 0.2938623493316916, 'Events': 0.011269913147892807, 'Domains': 3.0527981438987284e-05}"
230,10,500,14,199204,15.323,5.91,5506,1.427,14.274,36.176,69.935,56.451,"{'end_of_stream': 0.3829641975060742, 'expired': 0.300546173771611, 'Days': 0.28220818859059055, 'Events': 0.034201120459428525, 'Domains': 8.031967229573704e-05}"
230,10,600,14,198148,15.44,5.44,5406,1.428,14.277,36.093,69.896,55.782,"{'end_of_stream': 0.38469225023719644, 'expired': 0.30323798372933364, 'Days': 0.28611946625754486, 'Events': 0.0259099259139633, 'Domains': 4.0373861961765955e-05}"
230,10,700,14,197568,15.591,5.14,5306,1.427,14.269,36.042,69.932,54.734,"{'end_of_stream': 0.38642391480401683, 'expired': 0.3040775834143181, 'Days': 0.28907515387107224, 'Events': 0.02037779397473275, 'Domains': 4.555393586005831e-05}"
230,10,800,14,197166,15.651,4.79,5206,1.427,14.27,36.013,69.965,54.803,"{'end_of_stream': 0.3871762880009738, 'expired': 0.3053416917724151, 'Days': 0.2910795979022752, 'Events': 0.016341559903837375, 'Domains': 6.0862420498463226e-05}"
230,10,900,14,196845,15.678,4.64,5106,1.427,14.27,35.988,69.951,54.542,"{'end_of_stream': 0.3879194289923544, 'expired': 0.30569229596890957, 'Days': 0.29307323020650766, 'Events': 0.013264243440270263, 'Domains': 5.0801391958139655e-05}"
235,10,1000,14,197375,15.739,4.49,5006,1.421,14.208,35.446,70.195,54.611,"{'end_of_stream': 0.3881241291956935, 'expired': 0.3085953134895503, 'Days': 0.29202786573780876, 'Events': 0.011186827105763141, 'Domains': 6.586447118429386e-05}"
235,10,500,14,199985,15.339,5.94,5506,1.421,14.21,35.652,70.174,56.517,"{'end_of_stream': 0.38296872265419907, 'expired': 0.3029477210790809, 'Days': 0.2801060079505963, 'Events': 0.03391254344075806, 'Domains': 6.500487536565242e-05}"
235,10,600,14,199012,15.498,5.48,5406,1.421,14.212,35.58,70.154,55.406,"{'end_of_stream': 0.3848863385122505, 'expired': 0.30478564106687034, 'Days': 0.2844652583763793, 'Events': 0.025817538640885977, 'Domains': 4.5223403613852434e-05}"
235,10,700,14,198338,15.612,5.16,5306,1.421,14.213,35.528,70.14,55.152,"{'end_of_stream': 0.38617914872591236, 'expired': 0.3061390152164487, 'Days': 0.2874033216025169, 'Events': 0.020223053575209995, 'Domains': 5.5460879912069294e-05}"
235,10,800,14,197920,15.675,4.83,5206,1.421,14.205,35.493,70.194,54.798,"{'end_of_stream': 0.3870553759094584, 'expired': 0.30726556184316894, 'Days': 0.2893997574777688, 'Events': 0.016223726758286178, 'Domains': 5.557801131770412e-05}"
235,10,900,14,197634,15.697,4.7,5106,1.421,14.205,35.466,70.205,54.555,"{'end_of_stream': 0.3877166884240566, 'expired': 0.308165599036603, 'Days': 0.2906837892265501, 'Events': 0.013378264873452948, 'Domains': 5.565843933736098e-05}"
240,10,1000,14,198530,15.754,4.49,5006,1.411,14.108,35.007,70.792,54.897,"{'end_of_stream': 0.38860625598146376, 'expired': 0.309958192716466, 'Days': 0.2902936583891603, 'Events': 0.011106633758122198, 'Domains': 3.525915478768952e-05}"
240,10,500,14,201121,15.334,5.94,5506,1.412,14.119,35.199,70.729,56.802,"{'end_of_stream': 0.3833861207929555, 'expired': 0.3042049313597287, 'Days': 0.27854376221279725, 'Events': 0.033795575797654145, 'Domains': 6.960983686437518e-05}"
240,10,600,14,200078,15.502,5.52,5406,1.412,14.115,35.124,70.731,56.359,"{'end_of_stream': 0.3850398344645588, 'expired': 0.3067603634582513, 'Days': 0.2824448465098612, 'Events': 0.025699977008966503, 'Domains': 5.497855836223873e-05}"
240,10,700,14,199538,15.601,5.12,5306,1.411,14.112,35.078,70.756,55.553,"{'end_of_stream': 0.3868285740059538, 'expired': 0.3074301636780964, 'Days': 0.28569495534685124, 'Events': 0.020011225931902694, 'Domains': 3.508103719592258e-05}"
240,10,800,14,199070,15.674,4.83,5206,1.411,14.11,35.044,70.778,55.757,"{'end_of_stream': 0.38750690711809915, 'expired': 0.3091475360425981, 'Days': 0.287145225297634, 'Events': 0.016155121314110614, 'Domains': 4.521022755814538e-05}"
240,10,900,14,198735,15.718,4.68,5106,1.411,14.109,35.021,70.785,55.039,"{'end_of_stream': 0.388059476186882, 'expired': 0.3094975721438096, 'Days': 0.28912370744961885, 'Events': 0.013273957782977332, 'Domains': 4.5286436712204695e-05}"
245,10,1000,14,199748,15.744,4.49,5006,1.403,14.025,34.546,71.236,56.022,"{'end_of_stream': 0.3888849950938182, 'expired': 0.31203316178384766, 'Days': 0.2880429340969622, 'Events': 0.011003864869735867, 'Domains': 3.5044155636101485e-05}"
245,10,500,14,202341,15.337,5.94,5506,1.403,14.032,34.742,71.186,57.666,"{'end_of_stream': 0.38394097093520346, 'expired': 0.3058351989957547, 'Days': 0.27653317913818753, 'Events': 0.03364617156186833, 'Domains': 4.447936898601865e-05}"
245,10,600,14,201297,15.483,5.52,5406,1.403,14.033,34.667,71.173,57.088,"{'end_of_stream': 0.3855596456976507, 'expired': 0.3078585373850579, 'Days': 0.2811070209690159, 'Events': 0.02544002146082654, 'Domains': 3.477448744889392e-05}"
245,10,700,14,200667,15.611,5.17,5306,1.403,14.029,34.618,71.228,56.62,"{'end_of_stream': 0.38707909123074546, 'expired': 0.3097170934932002, 'Days': 0.2831805927232679, 'Events': 0.019978372128949953, 'Domains': 4.485042383650525e-05}"
245,10,800,14,200256,15.681,4.86,5206,1.403,14.026,34.584,71.234,56.136,"{'end_of_stream': 0.38799336848833493, 'expired': 0.3106823266219239, 'Days': 0.28523489932885904, 'Events': 0.016059443911792905, 'Domains': 2.9961649089165866e-05}"
245,10,900,14,199942,15.716,4.7,5106,1.403,14.026,34.565,71.236,56.092,"{'end_of_stream': 0.38831261065709055, 'expired': 0.3114603234938132, 'Days': 0.28703323963949545, 'Events': 0.01315881605665643, 'Domains': 3.501015294435386e-05}"
250,10,1000,14,200549,15.761,4.49,5006,1.396,13.956,34.074,71.568,56.018,"{'end_of_stream': 0.38921660043181466, 'expired': 0.31344958090042835, 'Days': 0.2862542321327955, 'Events': 0.011049668659529591, 'Domains': 2.9917875431939327e-05}"
250,10,1000,7,251111,8.897,4.0,5006,1.302,13.022,38.28,76.636,63.416,"{'Days': 0.4678528618817973, 'expired': 0.3195837697273317, 'end_of_stream': 0.20723504744913604, 'Events': 0.00532832094173493}"
250,10,500,14,203155,15.344,5.96,5506,1.396,13.962,34.265,71.523,58.119,"{'end_of_stream': 0.38391868277915875, 'expired': 0.307445054268908, 'Days': 0.27502645763087297, 'Events': 0.03357042652162142, 'Domains': 3.937879943885211e-05}"
250,10,600,14,202164,15.503,5.52,5406,1.396,13.963,34.188,71.513,57.617,"{'end_of_stream': 0.3859688173957777, 'expired': 0.30993648720840505, 'Days': 0.2786153815713975, 'Events': 0.025449634949842703, 'Domains': 2.9678874577076036e-05}"
250,10,700,14,201589,15.629,5.17,5306,1.396,13.96,34.142,71.55,57.346,"{'end_of_stream': 0.3875161839187654, 'expired': 0.31069155559083084, 'Days': 0.28180605092539773, 'Events': 0.019956446036242057, 'Domains': 2.9763528763970258e-05}"
250,10,700,7,251838,8.875,4.34,5306,1.302,13.02,38.319,76.629,64.208,"{'Days': 0.46409993726125526, 'expired': 0.31839912959918676, 'end_of_stream': 0.2069107918582581, 'Events': 0.010586170474670224, 'Domains': 3.970806629658749e-06}"
250,10,800,14,201096,15.71,4.86,5206,1.396,13.96,34.11,71.546,56.83,"{'end_of_stream': 0.38815292198750845, 'expired': 0.3124129768866611, 'Days': 0.2834367665194733, 'Events': 0.015972470859688906, 'Domains': 2.4863746668257946e-05}"
250,10,900,14,200759,15.732,4.71,5106,1.396,13.955,34.083,71.582,56.527,"{'end_of_stream': 0.38875965710130056, 'expired': 0.3129722702344602, 'Days': 0.2851827315338291, 'Events': 0.013055454549982816, 'Domains': 2.9886580427278477e-05}"
250,15,1000,14,200551,15.761,4.49,5006,1.396,9.304,34.074,71.568,56.013,"{'end_of_stream': 0.3892177052221131, 'expired': 0.31344645501642976, 'Days': 0.2862862812950322, 'Events': 0.011049558466424999}"
250,15,1000,7,251111,8.897,4.0,5006,1.302,8.681,38.28,76.636,63.416,"{'Days': 0.4678528618817973, 'expired': 0.3195837697273317, 'end_of_stream': 0.20723504744913604, 'Events': 0.00532832094173493}"
250,15,700,14,201592,15.63,5.18,5306,1.396,9.307,34.142,71.549,57.334,"{'end_of_stream': 0.3875451406801857, 'expired': 0.3106720504781936, 'Days': 0.28182665978808685, 'Events': 0.01995614905353387}"
250,15,700,7,251838,8.875,4.34,5306,1.302,8.68,38.319,76.629,64.208,"{'Days': 0.46410390806788493, 'expired': 0.31839912959918676, 'end_of_stream': 0.2069107918582581, 'Events': 0.010586170474670224}"
250,3,1000,14,211713,14.669,3.45,5006,1.408,46.932,34.516,69.17,58.863,"{'end_of_stream': 0.36994894031070363, 'expired': 0.28404018647886525, 'Days': 0.23666000670719323, 'Domains': 0.09959237269322148, 'Events': 0.00975849381001639}"
250,3,1000,7,259216,8.237,3.64,5006,1.309,43.641,38.503,75.24,64.897,"{'Days': 0.4274581815937288, 'expired': 0.30392414048515526, 'end_of_stream': 0.20207857539658045, 'Domains': 0.06162042466514413, 'Events': 0.0049186778593913955}"
250,3,700,14,212853,14.564,4.0,5306,1.408,46.936,34.593,69.16,59.52,"{'end_of_stream': 0.367958168313343, 'expired': 0.28161219245206787, 'Days': 0.2329635945934518, 'Domains': 0.0996039520232273, 'Events': 0.017862092617910014}"
250,3,700,7,259903,8.204,3.91,5306,1.31,43.662,38.536,75.208,65.817,"{'Days': 0.4237734847231467, 'expired': 0.3030707610146863, 'end_of_stream': 0.20130202421672702, 'Domains': 0.06190001654463396, 'Events': 0.00995371350080607}"
25,10,100,14,120815,4.169,10.51,5906,3.43,34.303,82.406,23.485,17.536,"{'Events': 0.5532425609402806, 'end_of_stream': 0.21356619625046558, 'Days': 0.1350494557794976, 'expired': 0.06453668832512519, 'Domains': 0.03360509870463105}"
25,10,100,21,114498,3.87,11.31,5906,3.567,35.668,81.637,22.325,17.146,"{'Events': 0.5998620063232546, 'end_of_stream': 0.2408164334748205, 'Days': 0.06021939247847124, 'expired': 0.05855124106971301, 'Domains': 0.040550926653740674}"
25,10,100,31,110545,3.326,12.1,5906,3.655,36.549,80.842,21.416,16.825,"{'Events': 0.6313718395223664, 'end_of_stream': 0.32440182731014516, 'Domains': 0.044226333167488356}"
25,10,250,14,87147,12.575,8.95,5756,3.959,39.588,81.804,21.772,10.904,"{'end_of_stream': 0.3018577805317452, 'Days': 0.2767278276934375, 'Events': 0.23844768035617978, 'expired': 0.10202301857780531, 'Domains': 0.08094369284083215}"
25,10,250,21,78992,10.189,10.53,5756,4.237,42.367,80.873,20.446,10.281,"{'end_of_stream': 0.3585932752683816, 'Events': 0.2798891026939437, 'Days': 0.15702855985416245, 'Domains': 0.1060487137938019, 'expired': 0.09844034838971034}"
25,10,250,31,71548,7.13,13.57,5756,4.531,45.314,79.691,18.329,9.608,"{'end_of_stream': 0.5429921171800749, 'Events': 0.32504053223011126, 'Domains': 0.13196735058981382}"
25,10,25,31,299042,0.729,7.78,5981,2.296,22.965,83.924,35.51,35.882,"{'Events': 0.9050701908093177, 'end_of_stream': 0.09424094274382863, 'Domains': 0.0006888664468536192}"
25,10,500,14,79034,14.106,6.03,5506,4.113,41.126,81.601,21.788,7.969,"{'Days': 0.3544930030113622, 'end_of_stream': 0.331616772528279, 'expired': 0.11810107042538655, 'Domains': 0.10353771794417592, 'Events': 0.09225143609079636}"
25,10,500,21,70176,18.826,7.36,5506,4.459,44.594,80.657,20.346,7.17,"{'end_of_stream': 0.4056372549019608, 'Days': 0.2213719790241678, 'Domains': 0.14192886456908343, 'expired': 0.11627906976744186, 'Events': 0.1147828317373461}"
25,10,500,31,60509,9.962,11.64,5506,4.924,49.243,79.272,17.797,6.486,"{'end_of_stream': 0.6622816440529508, 'Domains': 0.19101290717083408, 'Events': 0.1467054487762151}"
25,10,50,31,176639,1.613,9.9,5956,2.917,29.175,82.196,26.776,25.019,"{'Events': 0.8077095092250296, 'end_of_stream': 0.1827342772547399, 'Domains': 0.009556213520230526}"
25,10,700,14,77256,14.164,4.82,5306,4.143,41.432,81.557,21.802,7.047,"{'Days': 0.37843015429222326, 'end_of_stream': 0.3376177902039971, 'expired': 0.12176400538469503, 'Domains': 0.10889769079424252, 'Events': 0.053290359324842086}"
25,10,700,21,68371,21.011,5.8,5306,4.499,44.993,80.613,20.484,6.261,"{'end_of_stream': 0.4173991897149376, 'Days': 0.24315864913486712, 'Domains': 0.1505755364116365, 'expired': 0.1199777683520791, 'Events': 0.06888885638647965}"
25,10,700,7,107376,7.555,3.18,5306,3.364,33.644,83.454,26.046,9.698,"{'Days': 0.6212095812844584, 'end_of_stream': 0.19656161525853078, 'expired': 0.1099407688869021, 'Domains': 0.0466119058262554, 'Events': 0.025676128743853374}"
25,2,100,31,435387,0.314,1.5,5906,1.89,94.499,84.127,11.002,35.503,"{'Domains': 0.8852606991021781, 'Events': 0.05899808675959549, 'end_of_stream': 0.05574121413822645}"
25,2,250,31,410192,0.359,0.71,5756,1.927,96.325,83.767,7.35,22.649,"{'Domains': 0.9251838163591684, 'end_of_stream': 0.06101045364122167, 'Events': 0.01380572999960994}"
25,2,25,31,575245,0.123,3.14,5981,1.715,85.727,85.49,28.546,55.799,"{'Domains': 0.6763326930264496, 'Events': 0.28604855322514755, 'end_of_stream': 0.03761875374840285}"
25,2,500,31,404552,0.364,0.36,5506,1.935,96.745,83.667,6.509,15.076,"{'Domains': 0.9339516304455299, 'end_of_stream': 0.062318317546322846, 'Events': 0.003730052008147284}"
25,2,50,31,482594,0.228,2.33,5956,1.823,91.168,84.613,17.664,46.2,"{'Domains': 0.8088766126391956, 'Events': 0.14279290666688768, 'end_of_stream': 0.04833048069391663}"
25,3,100,14,234651,1.176,3.59,5906,2.528,84.277,83.056,15.534,24.035,"{'Domains': 0.6774571597819741, 'Events': 0.1673804927317591, 'end_of_stream': 0.10141444102092043, 'Days': 0.027964935159023402, 'expired': 0.025782971306323007}"
25,3,100,21,232125,1.154,3.59,5906,2.55,84.985,82.499,14.752,23.756,"{'Domains': 0.6906968228325255, 'Events': 0.17053311793214862, 'end_of_stream': 0.11079375336564351, 'expired': 0.01911470113085622, 'Days': 0.008861604738826063}"
25,3,100,31,231014,1.141,3.6,5906,2.558,85.271,81.972,14.42,23.61,"{'Domains': 0.6958496021886119, 'Events': 0.17191165903365163, 'end_of_stream': 0.13223873877773643}"
25,3,100,7,244688,1.261,3.58,5906,2.446,81.522,84.212,18.707,25.457,"{'Domains': 0.6273294971555614, 'Events': 0.1557738834761002, 'Days': 0.09861946642254626, 'end_of_stream': 0.08211273131498072, 'expired': 0.03616442163081148}"
25,3,250,14,209316,1.58,1.91,5756,2.654,88.455,82.644,11.794,15.22,"{'Domains': 0.7702277895621931, 'end_of_stream': 0.11637906323453534, 'Events': 0.04584933784326091, 'Days': 0.03712568556632078, 'expired': 0.030418123793689925}"
25,3,250,21,206285,1.514,1.86,5756,2.684,89.462,81.95,10.721,14.768,"{'Domains': 0.7895435926024674, 'end_of_stream': 0.1273190004120513, 'Events': 0.04741013646169135, 'expired': 0.022842184356594034, 'Days': 0.01288508616719587}"
25,3,250,31,204778,1.463,1.85,5756,2.696,89.881,81.291,10.267,14.562,"{'Domains': 0.797522194767016, 'end_of_stream': 0.15414741817968727, 'Events': 0.04833038705329674}"
25,3,250,7,221167,1.757,1.97,5756,2.549,84.978,83.985,15.458,16.841,"{'Domains': 0.7027856777909905, 'Days': 0.12358986648098495, 'end_of_stream': 0.09193957507223048, 'expired': 0.04148901056667586, 'Events': 0.04019587008911818}"
25,3,25,14,379941,0.534,5.5,5981,2.059,68.623,84.797,32.583,41.367,"{'Events': 0.5723678150028557, 'Domains': 0.3495937527142372, 'end_of_stream': 0.05509013241529606, 'expired': 0.012446669351294017, 'Days': 0.010501630516317008}"
25,3,25,31,377899,0.526,5.51,5981,2.068,68.933,84.246,32.185,41.201,"{'Events': 0.5769504550157581, 'Domains': 0.35416341403390855, 'end_of_stream': 0.06888613095033329}"
25,3,25,7,386462,0.555,5.47,5981,2.03,67.655,85.475,33.909,42.038,"{'Events': 0.5586137835026471, 'Domains': 0.33586225812628406, 'end_of_stream': 0.046700581169688095, 'Days': 0.04025492803949677, 'expired': 0.018568449161883962}"
25,3,500,14,203412,1.663,1.08,5506,2.685,89.49,82.51,10.986,11.186,"{'Domains': 0.793812557764537, 'end_of_stream': 0.12025347570448154, 'Days': 0.04048925333805282, 'expired': 0.03167463079857629, 'Events': 0.013770082394352349}"
25,3,500,21,200174,1.589,1.01,5506,2.717,90.577,81.831,9.86,10.669,"{'Domains': 0.8151058579036239, 'end_of_stream': 0.13192522505420284, 'expired': 0.024009112072496928, 'Days': 0.01455233946466574, 'Events': 0.01440746550501064}"
25,3,500,31,198466,1.53,0.99,5506,2.732,91.062,81.089,9.354,10.352,"{'Domains': 0.8245442544314895, 'end_of_stream': 0.16070258885652958, 'Events': 0.014753156711980894}"
25,3,50,31,279698,0.938,4.88,5956,2.35,78.334,82.898,21.337,31.616,"{'Domains': 0.5452702557758725, 'Events': 0.35193673176068474, 'end_of_stream': 0.10279301246344272}"
25,5,100,14,146701,2.99,7.43,5906,3.177,63.55,82.451,20.228,18.563,"{'Events': 0.37603015657698313, 'Domains': 0.3193161600807084, 'end_of_stream': 0.17386384550889222, 'Days': 0.08198308123325676, 'expired': 0.048806756600159505}"
25,5,100,21,142391,2.888,7.62,5906,3.251,65.025,81.698,19.154,18.323,"{'Events': 0.393416718753292, 'Domains': 0.34070271295236354, 'end_of_stream': 0.19195033393964506, 'expired': 0.0419478759191241, 'Days': 0.03198235843557528}"
25,5,100,31,139967,2.761,7.82,5906,3.292,65.832,80.959,18.45,18.114,"{'Events': 0.4033879414433402, 'Domains': 0.3514256931991112, 'end_of_stream': 0.24518636535754856}"
25,5,100,7,162743,3.483,6.68,5906,2.938,58.75,83.885,24.184,20.145,"{'Events': 0.32026569499148966, 'Domains': 0.25253927972324464, 'Days': 0.23668606330226186, 'end_of_stream': 0.12782731054484678, 'expired': 0.0626816514381571}"
25,5,250,14,118090,4.923,4.88,5756,3.521,70.43,81.89,17.114,11.646,"{'Domains': 0.45216360403082395, 'end_of_stream': 0.22021339656194427, 'Days': 0.1306715217207215, 'Events': 0.1298670505546617, 'expired': 0.06708442713184859}"
25,5,250,21,112773,4.386,5.03,5756,3.646,72.918,81.006,15.554,11.13,"{'Domains': 0.49371746783361264, 'end_of_stream': 0.2485080648736843, 'Events': 0.14060989775921542, 'expired': 0.05943798604275846, 'Days': 0.057726583490729164}"
25,5,250,31,109182,4.033,5.27,5756,3.729,74.584,79.994,14.301,10.805,"{'Domains': 0.5196552545291349, 'end_of_stream': 0.3316663918961001, 'Events': 0.14867835357476508}"
25,5,250,7,137547,5.951,4.22,5756,3.15,63.003,83.575,22.176,13.576,"{'Days': 0.3369248329661861, 'Domains': 0.3323300399136295, 'end_of_stream': 0.15372927072200776, 'Events': 0.09772659527288854, 'expired': 0.07928926112528809}"
25,5,25,14,311555,0.737,7.33,5981,2.251,45.021,84.587,35.331,36.573,"{'Events': 0.8284347867952689, 'end_of_stream': 0.0699908523374685, 'Domains': 0.06715989151193208, 'Days': 0.017563512060470864, 'expired': 0.016850957294859657}"
25,5,25,31,308504,0.719,7.39,5981,2.269,45.38,83.94,34.833,36.224,"{'Events': 0.8401576640821513, 'end_of_stream': 0.09026463190104504, 'Domains': 0.06957770401680367}"
25,5,25,7,320689,0.77,7.16,5981,2.199,43.978,85.317,36.762,37.484,"{'Events': 0.7939311919024351, 'Days': 0.062462385675841704, 'Domains': 0.06079722098356975, 'end_of_stream': 0.058346248234270585, 'expired': 0.02446295320388289}"
25,5,500,14,111200,5.726,2.96,5506,3.616,72.329,81.706,16.606,8.566,"{'Domains': 0.4953956834532374, 'end_of_stream': 0.23641187050359713, 'Days': 0.1527068345323741, 'expired': 0.07223021582733813, 'Events': 0.04325539568345324}"
25,5,500,21,105403,5.051,2.99,5506,3.761,75.216,80.803,14.9,7.966,"{'Domains': 0.5463981101107179, 'end_of_stream': 0.2687399789379809, 'Days': 0.07126931871009363, 'expired': 0.06514046089769741, 'Events': 0.048452131343510146}"
25,5,500,31,101134,4.538,3.12,5506,3.868,77.365,79.685,13.459,7.52,"{'Domains': 0.5823363062867087, 'end_of_stream': 0.3653370775406886, 'Events': 0.05232661617260269}"
25,5,50,31,196476,1.407,8.27,5956,2.791,55.816,82.244,25.043,25.93,"{'Events': 0.6473665994828885, 'Domains': 0.192013273885869, 'end_of_stream': 0.1606201266312425}"
25,7,100,14,127537,3.924,9.48,5906,3.37,48.141,82.413,22.448,17.767,"{'Events': 0.49103397445447206, 'end_of_stream': 0.20145526396261476, 'Domains': 0.13107568783960732, 'Days': 0.11657793424653237, 'expired': 0.05985713949677349}"
25,7,100,21,122022,3.544,10.02,5906,3.486,49.799,81.646,21.213,17.315,"{'Events': 0.5243562636245923, 'end_of_stream': 0.2255331005884185, 'Domains': 0.14711281572175508, 'expired': 0.053170739702676564, 'Days': 0.04982708036255757}"
25,7,100,31,118700,3.158,10.53,5906,3.555,50.79,80.864,20.373,17.009,"{'Events': 0.5453833192923336, 'end_of_stream': 0.2981128896377422, 'Domains': 0.15650379106992418}"
25,7,250,14,96326,8.175,7.22,5756,3.838,54.83,81.816,20.09,10.978,"{'end_of_stream': 0.2741419762058011, 'Domains': 0.23116292589747317, 'Days': 0.2138259659904906, 'Events': 0.1924091107281523, 'expired': 0.08846002117808276}"
25,7,250,21,89358,7.149,7.95,5756,4.059,57.983,80.885,18.539,10.589,"{'end_of_stream': 0.3161440497773003, 'Domains': 0.2751628281743101, 'Events': 0.21726090557084984, 'Days': 0.10845139774838292, 'expired': 0.08298081872915687}"
25,7,250,31,83866,6.0,9.08,5756,4.241,60.582,79.741,16.784,10.068,"{'end_of_stream': 0.4524360289032504, 'Domains': 0.3075501395082632, 'Events': 0.24001383158848638}"
25,7,25,31,300312,0.731,7.72,5981,2.293,32.758,83.926,35.297,35.722,"{'Events': 0.8946062761394816, 'end_of_stream': 0.09392898052691867, 'Domains': 0.011464743333599724}"
25,7,500,14,88633,11.559,4.61,5506,3.981,56.875,81.616,19.72,7.973,"{'end_of_stream': 0.2982297789762278, 'Domains': 0.2708359189015378, 'Days': 0.26171967551589137, 'expired': 0.09942120880484695, 'Events': 0.06979341780149606}"
25,7,500,21,81074,9.679,5.12,5506,4.247,60.668,80.676,18.023,7.339,"{'end_of_stream': 0.3502109184202087, 'Domains': 0.3287120408515677, 'Days': 0.14268446110960356, 'expired': 0.09588770752645731, 'Events': 0.08250487209216271}"
25,7,500,31,74371,7.149,6.15,5506,4.506,64.374,79.35,15.856,6.807,"{'end_of_stream': 0.5230936789877775, 'Domains': 0.38034986755590217, 'Events': 0.09655645345632034}"
25,7,50,31,180827,1.6,9.49,5956,2.892,41.315,82.194,26.34,25.094,"{'Events': 0.7636912629198074, 'end_of_stream': 0.17804310197039158, 'Domains': 0.05826563510980108}"
35,10,700,14,91594,14.508,4.76,5306,3.348,33.484,76.679,28.095,10.873,"{'Days': 0.4026027905758019, 'end_of_stream': 0.3552416097124266, 'expired': 0.1466908312771579, 'Domains': 0.04995960434089569, 'Events': 0.04550516409371793}"
35,10,700,7,127387,7.782,3.17,5306,2.768,27.679,79.078,32.771,14.763,"{'Days': 0.628188119666842, 'end_of_stream': 0.19936100230007772, 'expired': 0.13153618501102937, 'Events': 0.020991152943392967, 'Domains': 0.019923540078657948}"
3,10,100,31,98646,0.655,9.43,5889,7.089,70.889,97.719,3.073,3.46,"{'Events': 0.6183018064594611, 'Domains': 0.32235468239969184, 'end_of_stream': 0.05934351114084707}"
3,10,250,31,69558,0.926,5.77,5847,8.92,89.202,97.703,1.548,1.443,"{'Domains': 0.7341642945455591, 'Events': 0.18018056873400615, 'end_of_stream': 0.08565513672043475}"
3,10,25,31,282974,0.059,7.72,5967,3.722,37.218,97.983,10.693,12.977,"{'Events': 0.9741460346180214, 'end_of_stream': 0.018648356386099078, 'Domains': 0.00720560899587948}"
3,10,500,31,64400,0.957,2.89,5597,9.378,93.781,97.688,1.23,0.677,"{'Domains': 0.8636956521739131, 'end_of_stream': 0.09299689440993789, 'Events': 0.04330745341614907}"
3,10,50,31,160522,0.212,9.36,5975,5.216,52.164,97.843,5.693,6.621,"{'Events': 0.8868877786222449, 'Domains': 0.07802045825494325, 'end_of_stream': 0.03509176312281183}"
3,2,100,31,904805,0.005,0.49,5888,1.991,99.527,98.277,0.946,9.127,"{'Domains': 0.9877432153889512, 'Events': 0.007464591818126557, 'end_of_stream': 0.004792192792922232}"
3,2,250,31,899661,0.004,0.21,5738,1.995,99.75,98.277,0.5,4.473,"{'Domains': 0.9938543518058469, 'end_of_stream': 0.00484071222382653, 'Events': 0.0013049359703266009}"
3,2,25,31,949990,0.004,1.51,5963,1.941,97.043,98.293,5.913,24.521,"{'Domains': 0.9102653712144338, 'Events': 0.08518931778229244, 'end_of_stream': 0.004545311003273719}"
3,2,500,31,898930,0.004,0.11,5488,1.996,99.785,98.277,0.431,2.646,"{'Domains': 0.994771561745631, 'end_of_stream': 0.004879134081630382, 'Events': 0.00034930417273870045}"
3,2,50,31,916486,0.005,0.88,5938,1.978,98.88,98.293,2.24,15.408,"{'Domains': 0.9685003371573597, 'Events': 0.026781642054543114, 'end_of_stream': 0.004718020788097145}"
3,3,100,31,437184,0.022,1.19,5895,2.953,98.434,97.905,1.228,5.734,"{'Domains': 0.9608928963548529, 'Events': 0.027565052700922268, 'end_of_stream': 0.011542050944224858}"
3,3,250,31,430324,0.022,0.5,5745,2.979,99.291,97.905,0.639,2.571,"{'Domains': 0.9838563500989952, 'end_of_stream': 0.011726048279900725, 'Events': 0.004417601621104098}"
3,3,25,31,513748,0.017,3.33,5970,2.698,89.935,98.014,7.429,16.537,"{'Domains': 0.720748304616271, 'Events': 0.26985214540981184, 'end_of_stream': 0.009399549973917173}"
3,3,500,31,429135,0.022,0.25,5495,2.983,99.422,97.905,0.549,1.549,"{'Domains': 0.9872114835657777, 'end_of_stream': 0.011723583487713657, 'Events': 0.0010649329465086744}"
3,3,50,31,457483,0.021,2.13,5945,2.879,95.973,97.936,2.928,9.967,"{'Domains': 0.8915828566307382, 'Events': 0.09747466026059985, 'end_of_stream': 0.01094248310866196}"
3,5,100,31,196331,0.126,3.42,5928,4.687,93.737,97.75,1.842,3.945,"{'Domains': 0.8365617248422307, 'Events': 0.13525627639038154, 'end_of_stream': 0.02818199876738773}"
3,5,250,31,183286,0.138,1.45,5778,4.886,97.72,97.734,0.916,1.588,"{'Domains': 0.9475955610357584, 'end_of_stream': 0.030787948888622154, 'Events': 0.021616490075619523}"
3,5,25,31,322016,0.046,6.33,5985,3.477,69.549,97.983,9.683,13.325,"{'Events': 0.7023067176786246, 'Domains': 0.2814704859385869, 'end_of_stream': 0.016222796382788434}"
3,5,500,31,181293,0.138,0.7,5528,4.916,98.326,97.734,0.752,0.882,"{'Domains': 0.9639588952689845, 'end_of_stream': 0.031198115757365148, 'Events': 0.004842988973650389}"
3,5,50,31,232328,0.092,5.34,5978,4.229,84.572,97.843,4.306,7.408,"{'Domains': 0.5999147756619951, 'Events': 0.37650218656382356, 'end_of_stream': 0.02358303777418133}"
3,7,100,31,130426,0.364,6.14,5899,6.001,85.736,97.719,2.454,3.504,"{'Domains': 0.6327112692254612, 'Events': 0.3232177633293975, 'end_of_stream': 0.04407096744514131}"
3,7,250,31,110729,0.492,2.89,5749,6.662,95.175,97.703,1.23,1.497,"{'Domains': 0.8841044351524894, 'Events': 0.06323546677022279, 'end_of_stream': 0.05266009807728779}"
3,7,25,31,289701,0.057,7.43,5968,3.678,52.544,97.983,10.469,12.823,"{'Events': 0.908930241870066, 'Domains': 0.07286823310930925, 'end_of_stream': 0.018201525020624713}"
3,7,500,31,107669,0.501,1.39,5499,6.777,96.814,97.688,1.007,0.766,"{'Domains': 0.932162460875461, 'end_of_stream': 0.05425888603033371, 'Events': 0.01357865309420539}"
3,7,50,31,179464,0.164,7.82,5946,4.908,70.11,97.843,5.112,6.623,"{'Events': 0.6672535996077208, 'Domains': 0.30177082868987654, 'end_of_stream': 0.03097557170240271}"
400,10,1000,14,221632,15.835,4.64,5006,1.252,12.515,24.421,80.013,68.779,"{'end_of_stream': 0.39586792520935604, 'expired': 0.34696253248628356, 'Days': 0.24717549812301473, 'Events': 0.009994044181345654}"
400,10,1000,21,201045,22.067,5.01,5006,1.283,12.834,22.819,78.19,65.826,"{'end_of_stream': 0.5478673928722425, 'expired': 0.290129075580094, 'Days': 0.1486881046531871, 'Events': 0.013310452883682758, 'Domains': 4.974010793603422e-06}"
400,10,1000,31,179849,11.037,37.17,5006,1.288,12.881,20.858,78.18,64.027,"{'end_of_stream': 0.9821850552407854, 'Events': 0.017809384539252373, 'Domains': 5.560219962301709e-06}"
400,10,1000,7,272008,8.949,4.18,5006,1.191,11.91,27.908,83.976,74.537,"{'Days': 0.4162046704508691, 'expired': 0.3698825034557807, 'end_of_stream': 0.2089276785976883, 'Events': 0.004985147495661892}"
400,10,1250,14,221261,15.863,4.26,4756,1.251,12.513,24.398,80.037,68.45,"{'end_of_stream': 0.3965316978590895, 'expired': 0.3478425931366124, 'Days': 0.248954854221937, 'Events': 0.006670854782361103}"
400,10,1500,14,221010,15.885,4.13,4506,1.252,12.516,24.383,80.02,67.49,"{'end_of_stream': 0.39696846296547666, 'expired': 0.3481652413917922, 'Days': 0.2501515768517262, 'Events': 0.004714718791004932}"
400,10,1750,14,220847,15.89,3.85,4256,1.251,12.514,24.372,80.022,67.297,"{'end_of_stream': 0.3970531635023342, 'expired': 0.34878445258482116, 'Days': 0.25070297536303415, 'Events': 0.0034594085498105024}"
400,10,2000,14,220804,15.898,3.75,4006,1.251,12.513,24.369,80.037,66.839,"{'end_of_stream': 0.39737957645694827, 'expired': 0.34888407818698935, 'Days': 0.2510371188927737, 'Events': 0.0026992264632887085}"
400,10,500,14,224422,15.409,6.17,5506,1.252,12.518,24.598,79.989,69.957,"{'end_of_stream': 0.3909732557414157, 'expired': 0.34142374633502953, 'Days': 0.23723609984760852, 'Events': 0.030366898075946207}"
400,10,700,14,222625,15.713,5.36,5306,1.252,12.521,24.484,79.964,69.168,"{'end_of_stream': 0.3939943851768669, 'expired': 0.34478158338012355, 'Days': 0.2431892195395845, 'Events': 0.01803481190342504}"
400,10,700,21,202302,22.008,6.28,5306,1.283,12.834,22.914,78.196,66.858,"{'end_of_stream': 0.5444236834040197, 'expired': 0.2874168322606796, 'Days': 0.14500598115688426, 'Events': 0.0231485600735534, 'Domains': 4.943104863026564e-06}"
400,10,700,31,181596,9.319,31.68,5306,1.289,12.893,21.008,78.081,64.73,"{'end_of_stream': 0.9702196083614176, 'Events': 0.029769378180136127, 'Domains': 1.1013458446221282e-05}"
400,10,700,7,272674,8.929,4.53,5306,1.191,11.912,27.946,83.97,74.542,"{'Days': 0.4131233634303234, 'expired': 0.36841796430902835, 'end_of_stream': 0.20857874238101176, 'Events': 0.00987992987963649}"
400,20,1000,14,221632,15.835,4.64,5006,1.252,6.258,24.421,80.013,68.779,"{'end_of_stream': 0.39586792520935604, 'expired': 0.34696253248628356, 'Days': 0.24717549812301473, 'Events': 0.009994044181345654}"
400,20,2000,14,220804,15.898,3.75,4006,1.251,6.257,24.369,80.037,66.839,"{'end_of_stream': 0.39737957645694827, 'expired': 0.34888407818698935, 'Days': 0.2510371188927737, 'Events': 0.0026992264632887085}"
400,20,500,14,224422,15.409,6.17,5506,1.252,6.259,24.598,79.989,69.957,"{'end_of_stream': 0.3909732557414157, 'expired': 0.34142374633502953, 'Days': 0.23723609984760852, 'Events': 0.030366898075946207}"
400,20,700,14,222625,15.713,5.36,5306,1.252,6.261,24.484,79.964,69.168,"{'end_of_stream': 0.3939943851768669, 'expired': 0.34478158338012355, 'Days': 0.2431892195395845, 'Events': 0.01803481190342504}"
400,3,1000,14,227238,15.017,4.01,5006,1.259,41.981,24.64,78.842,69.958,"{'end_of_stream': 0.3867310925109357, 'expired': 0.33182390269233136, 'Days': 0.22413504783530924, 'Domains': 0.04784411058009664, 'Events': 0.009465846381327067}"
400,3,2000,14,226361,15.047,3.19,4006,1.259,41.982,24.586,78.852,68.6,"{'end_of_stream': 0.38805712998263836, 'expired': 0.3336307932903636, 'Days': 0.22780867728981583, 'Domains': 0.04796762693220122, 'Events': 0.002535772504980982}"
400,3,500,14,230188,14.936,5.39,5506,1.259,41.974,24.819,78.857,71.707,"{'end_of_stream': 0.38167497871305195, 'expired': 0.326372356508593, 'Days': 0.2151415364832224, 'Domains': 0.047765304881227516, 'Events': 0.029045823413905155}"
400,3,700,14,228369,14.988,4.66,5306,1.259,41.983,24.708,78.83,70.225,"{'end_of_stream': 0.38512232395815543, 'expired': 0.3293923430938525, 'Days': 0.22052467716721622, 'Domains': 0.04775166506837618, 'Events': 0.017208990712399667}"
50,10,1000,31,76822,14.218,17.03,5006,3.246,32.458,66.415,31.063,11.361,"{'end_of_stream': 0.9042201452708859, 'Domains': 0.05213350342349848, 'Events': 0.04364635130561558}"
50,10,100,14,149229,6.903,9.84,5906,2.499,24.99,71.977,36.509,28.37,"{'Events': 0.4214261303097923, 'end_of_stream': 0.2650222141808898, 'Days': 0.19760904381856073, 'expired': 0.10760643038551487, 'Domains': 0.00833618130524228}"
50,10,100,21,137883,5.753,11.09,5906,2.629,26.286,70.815,34.84,27.155,"{'Events': 0.4755626146805625, 'end_of_stream': 0.3162463828028111, 'expired': 0.09858358173233829, 'Days': 0.09806139988250909, 'Domains': 0.011546020901779044}"
50,10,100,31,130137,4.402,12.72,5906,2.716,27.157,69.594,33.92,26.574,"{'Events': 0.5195985768843603, 'end_of_stream': 0.46630089828411597, 'Domains': 0.014100524831523702}"
50,10,250,14,118910,14.206,8.04,5756,2.671,26.706,70.894,35.116,20.996,"{'end_of_stream': 0.33793625430998236, 'Days': 0.32879488688924396, 'Events': 0.16515011353124212, 'expired': 0.15144226726095367, 'Domains': 0.016676478008577918}"
50,10,250,21,105571,19.43,9.89,5756,2.87,28.704,69.445,33.347,19.513,"{'end_of_stream': 0.41579600458459237, 'Days': 0.2073201920982088, 'Events': 0.20154209015733487, 'expired': 0.1501738166731394, 'Domains': 0.025167896486724572}"
50,10,250,31,92297,8.705,16.51,5756,3.075,30.753,67.576,31.535,18.371,"{'end_of_stream': 0.7138043490037596, 'Events': 0.25073404336002253, 'Domains': 0.03546160763621786}"
50,10,500,14,111290,14.77,5.72,5506,2.712,27.12,70.581,35.138,17.614,"{'Days': 0.38875909785245755, 'end_of_stream': 0.3607062629167041, 'expired': 0.1669961362206847, 'Events': 0.06387815616856861, 'Domains': 0.019660346841585047}"
50,10,500,21,97642,21.315,7.13,5506,2.924,29.245,69.023,33.451,15.912,"{'end_of_stream': 0.44962208885520577, 'Days': 0.2687572970647877, 'expired': 0.1692406956023023, 'Events': 0.08221871735523648, 'Domains': 0.03016120112246779}"
50,10,500,31,81379,12.012,18.55,5506,3.196,31.961,66.803,31.201,14.462,"{'end_of_stream': 0.839319726219295, 'Events': 0.11389916317477482, 'Domains': 0.04678111060593028}"
50,10,700,14,109739,14.844,4.75,5306,2.718,27.177,70.515,35.099,16.219,"{'Days': 0.4044323349037261, 'end_of_stream': 0.3655582791897138, 'expired': 0.17144315147759684, 'Events': 0.03799014024184656, 'Domains': 0.020576094187116704}"
50,10,700,21,96022,21.522,5.58,5306,2.932,29.32,68.922,33.552,14.624,"{'end_of_stream': 0.4581762512757493, 'Days': 0.28727791547770304, 'expired': 0.17308533461081835, 'Events': 0.049842744371081625, 'Domains': 0.031617754264647684}"
50,10,700,7,150505,7.945,3.33,5306,2.299,22.986,73.473,40.714,21.605,"{'Days': 0.616437992093286, 'end_of_stream': 0.2012690608285439, 'expired': 0.15678548885419089, 'Events': 0.0177469187070197, 'Domains': 0.007760539516959569}"
50,10,750,31,78192,13.567,18.12,5256,3.231,32.313,66.549,31.122,12.254,"{'end_of_stream': 0.8831594024964191, 'Events': 0.06655412318395744, 'Domains': 0.05028647431962349}"
50,15,1000,31,74453,14.617,28.37,5006,3.227,21.515,66.412,31.64,11.314,"{'end_of_stream': 0.9404725128604623, 'Events': 0.047439324137375255, 'Domains': 0.012088163002162438}"
50,15,100,31,129228,4.409,12.98,5906,2.718,18.118,69.593,34.04,26.449,"{'Events': 0.5289488346178847, 'end_of_stream': 0.46980530535178133, 'Domains': 0.0012458600303339833}"
50,15,250,31,90484,8.693,18.07,5756,3.07,20.466,67.575,32.017,18.32,"{'end_of_stream': 0.7311016312276204, 'Events': 0.2626541709031431, 'Domains': 0.00624419786923655}"
50,15,500,31,79141,12.013,23.61,5506,3.185,21.232,66.792,31.671,14.339,"{'end_of_stream': 0.8681972681669425, 'Events': 0.12165628435324295, 'Domains': 0.010146447479814509}"
50,15,750,31,75878,13.796,26.53,5256,3.216,21.439,66.546,31.671,12.163,"{'end_of_stream': 0.9167479374785841, 'Events': 0.07166767706054455, 'Domains': 0.0115843854608714}"
50,20,1000,31,73959,15.141,32.68,5006,3.216,16.08,66.412,31.741,11.277,"{'end_of_stream': 0.9477007531199719, 'Events': 0.048540407523087116, 'Domains': 0.003758839356941008}"
50,20,100,31,129175,4.415,13.01,5906,2.718,13.588,69.593,34.02,26.405,"{'Events': 0.5297929165860267, 'end_of_stream': 0.47007547900135477, 'Domains': 0.00013160441261854074}"
50,20,250,31,90208,8.721,18.4,5756,3.065,15.325,67.575,32.086,18.362,"{'end_of_stream': 0.7337597552323519, 'Events': 0.26482130188009934, 'Domains': 0.001418942887548776}"
50,20,500,31,78680,12.06,24.94,5506,3.179,15.893,66.792,31.767,14.318,"{'end_of_stream': 0.8736781901372649, 'Events': 0.12358922216573462, 'Domains': 0.0027325876970005084}"
50,20,750,31,75389,13.987,29.18,5256,3.206,16.031,66.546,31.774,12.163,"{'end_of_stream': 0.9236758678321771, 'Events': 0.07308758572205494, 'Domains': 0.00323654644576795}"
50,2,1000,31,318242,1.01,0.28,5006,1.858,92.878,72.707,14.244,22.395,"{'Domains': 0.8567788035520139, 'end_of_stream': 0.14075766240785315, 'Events': 0.0024635340401329806}"
50,2,100,31,362622,0.938,2.13,5906,1.789,89.435,74.035,21.13,50.159,"{'Domains': 0.7837196860642763, 'end_of_stream': 0.11788584255781502, 'Events': 0.09839447137790867}"
50,2,250,31,330002,1.0,1.09,5756,1.839,91.942,73.088,16.116,37.803,"{'Domains': 0.8374737122805316, 'end_of_stream': 0.1339719153217253, 'Events': 0.028554372397743045}"
50,2,500,31,321467,1.009,0.57,5506,1.853,92.651,72.827,14.699,28.765,"{'Domains': 0.852134122631561, 'end_of_stream': 0.13890383771895715, 'Events': 0.008962039649481906}"
50,2,750,31,319019,1.009,0.4,5256,1.856,92.804,72.748,14.392,24.754,"{'Domains': 0.8552531353931897, 'end_of_stream': 0.14044304571201088, 'Events': 0.004303818894799369}"
50,30,1000,31,73759,15.295,34.53,5006,3.207,10.69,66.412,31.825,11.311,"{'end_of_stream': 0.9504196098103282, 'Events': 0.048997410485500076, 'Domains': 0.0005829797041716943}"
50,30,100,31,129168,4.408,13.01,5906,2.717,9.057,69.593,34.032,26.432,"{'Events': 0.5299145299145299, 'end_of_stream': 0.4700854700854701}"
50,30,250,31,90161,8.724,18.45,5756,3.064,10.213,67.575,32.099,18.34,"{'end_of_stream': 0.7342309867902973, 'Events': 0.2656913743192733, 'Domains': 7.763889042934307e-05}"
50,30,500,31,78569,12.043,25.25,5506,3.171,10.57,66.792,31.824,14.355,"{'end_of_stream': 0.8751925059501839, 'Events': 0.12438748106759663, 'Domains': 0.0004200129822194504}"
50,30,750,31,75248,14.008,30.17,5256,3.199,10.662,66.546,31.829,12.143,"{'end_of_stream': 0.9256990219009144, 'Events': 0.073663087391027, 'Domains': 0.0006378907080586859}"
50,3,1000,31,168161,3.658,0.84,5006,2.453,81.783,69.007,20.11,15.252,"{'Domains': 0.6539744649472826, 'end_of_stream': 0.33783695387158735, 'Events': 0.008188581181129988}"
50,3,100,14,219101,2.79,4.79,5906,2.198,73.257,72.744,28.717,34.471,"{'Domains': 0.48037206585090897, 'Events': 0.2167539171432353, 'end_of_stream': 0.17341317474589343, 'Days': 0.06957065462960005, 'expired': 0.05989018763036225}"
50,3,100,21,213474,2.629,4.8,5906,2.242,74.722,71.858,26.949,33.649,"{'Domains': 0.5063661148430254, 'Events': 0.2262195864601778, 'end_of_stream': 0.1977992636105568, 'expired': 0.045546530256612046, 'Days': 0.024068504829627965}"
50,3,100,31,210612,2.473,4.87,5906,2.261,75.366,71.045,26.17,33.418,"{'Domains': 0.5176200786279984, 'end_of_stream': 0.25114903234383607, 'Events': 0.23123088902816555}"
50,3,100,7,239340,3.013,4.59,5906,2.063,68.76,74.694,34.287,37.129,"{'Domains': 0.40191777387816496, 'Days': 0.2077463023314114, 'Events': 0.18762012200217265, 'end_of_stream': 0.1225912927216512, 'expired': 0.08012450906659982}"
50,3,250,14,190564,3.839,2.96,5756,2.308,76.942,71.843,24.991,26.067,"{'Domains': 0.5569677378728406, 'end_of_stream': 0.20245166978023132, 'Days': 0.09636132742805567, 'expired': 0.07416930794903549, 'Events': 0.0700499569698369}"
50,3,250,21,183693,3.491,2.89,5756,2.368,78.941,70.747,22.795,25.197,"{'Domains': 0.59494918151481, 'end_of_stream': 0.23433119389416038, 'Events': 0.07521244685426227, 'expired': 0.058331019690461804, 'Days': 0.03717615804630552}"
50,3,250,31,179772,3.204,2.93,5756,2.399,79.957,69.642,21.667,24.743,"{'Domains': 0.6139443294840131, 'end_of_stream': 0.30739492245733485, 'Events': 0.07866074805865207}"
50,3,250,7,214349,4.149,2.95,5756,2.133,71.084,74.154,31.8,29.326,"{'Domains': 0.4497804981595436, 'Days': 0.2617600268720638, 'end_of_stream': 0.1388203350610453, 'expired': 0.09479400417076823, 'Events': 0.05484513573657913}"
50,3,25,14,372407,0.873,6.05,5981,1.827,60.915,76.167,43.977,50.496,"{'Events': 0.6184147988625348, 'Domains': 0.2431774912931282, 'end_of_stream': 0.0889268998703032, 'expired': 0.026535484026884566, 'Days': 0.022945325947149223}"
50,3,25,7,385696,0.903,5.96,5981,1.775,59.157,77.232,46.633,51.927,"{'Events': 0.5884556749357006, 'Domains': 0.21989598025387871, 'Days': 0.08246909483116237, 'end_of_stream': 0.06988146104704224, 'expired': 0.03929778893221605}"
50,3,500,14,183170,4.063,1.84,5506,2.335,77.837,71.606,24.251,21.366,"{'Domains': 0.5770377245182071, 'end_of_stream': 0.2131899328492657, 'Days': 0.10724463613037069, 'expired': 0.07845717093410493, 'Events': 0.024070535568051537}"
50,3,500,21,175614,3.911,1.67,5506,2.402,80.07,70.458,21.839,20.078,"{'Domains': 0.6198936303483777, 'end_of_stream': 0.2475941553634676, 'expired': 0.06267154099331489, 'Days': 0.043077431184301934, 'Events': 0.026763242110537884}"
50,3,500,31,171083,3.585,1.66,5506,2.437,81.227,69.185,20.579,19.472,"{'Domains': 0.6419106515550932, 'end_of_stream': 0.3296528585540352, 'Events': 0.02843648989087168}"
50,3,750,31,169059,3.641,1.1,5256,2.449,81.637,69.058,20.254,16.535,"{'Domains': 0.6509739203473344, 'end_of_stream': 0.3350250504261826, 'Events': 0.014001029226483061}"
50,50,1000,31,73720,15.135,34.92,5006,3.205,6.41,66.412,31.823,11.297,"{'end_of_stream': 0.9509495387954422, 'Events': 0.049050461204557784}"
50,50,100,31,129168,4.408,13.01,5906,2.717,5.434,69.593,34.032,26.432,"{'Events': 0.5299145299145299, 'end_of_stream': 0.4700854700854701}"
50,50,250,31,90156,8.726,18.44,5756,3.064,6.127,67.575,32.104,18.336,"{'end_of_stream': 0.734327166245175, 'Events': 0.265672833754825}"
50,50,500,31,78540,12.053,25.32,5506,3.17,6.34,66.792,31.835,14.364,"{'end_of_stream': 0.875388337153043, 'Events': 0.12461166284695696}"
50,50,750,31,75212,13.967,30.54,5256,3.196,6.392,66.546,31.845,12.15,"{'end_of_stream': 0.9261819922352816, 'Events': 0.07381800776471839}"
50,5,1000,31,100825,9.01,3.21,5006,3.04,60.791,66.885,26.855,12.286,"{'end_of_stream': 0.644006942722539, 'Domains': 0.33270518224646667, 'Events': 0.023287875030994297}"
50,5,100,14,161480,5.452,8.34,5906,2.465,49.302,72.034,34.273,28.978,"{'Events': 0.35942531582858556, 'end_of_stream': 0.24240772851127074, 'Days': 0.15412434976467673, 'Domains': 0.1481855338122368, 'expired': 0.09585707208323012}"
50,5,100,21,152569,4.868,8.92,5906,2.565,51.292,70.883,32.431,28.026,"{'Events': 0.3908657722079846, 'end_of_stream': 0.28715531988805065, 'Domains': 0.17246622839502126, 'expired': 0.08342454889263219, 'Days': 0.0660881306163113}"
50,5,100,31,147124,4.119,9.58,5906,2.623,52.468,69.738,31.428,27.587,"{'Events': 0.41220331149234657, 'end_of_stream': 0.4002813952856094, 'Domains': 0.187515293222044}"
50,5,100,7,190272,6.909,6.88,5906,2.209,44.174,74.233,39.858,32.414,"{'Days': 0.35779305415405316, 'Events': 0.27848553649512275, 'end_of_stream': 0.15754814160780356, 'expired': 0.11224457618567103, 'Domains': 0.09392869155734948}"
50,5,250,14,132786,10.935,6.18,5756,2.634,52.678,70.975,32.114,21.827,"{'end_of_stream': 0.3026072025665356, 'Days': 0.23628997032819726, 'Domains': 0.20065368337023481, 'Events': 0.13160272920337987, 'expired': 0.12884641453165244}"
50,5,250,21,122113,9.137,6.73,5756,2.79,55.798,69.585,29.649,20.379,"{'end_of_stream': 0.3639661624888423, 'Domains': 0.24533014502960374, 'Events': 0.15146626485304596, 'Days': 0.12070786894106278, 'expired': 0.11852955868744523}"
50,5,250,31,113929,7.058,7.99,5756,2.905,58.101,67.899,27.86,19.637,"{'end_of_stream': 0.5509483976862783, 'Domains': 0.27870866943447237, 'Events': 0.17034293287924937}"
50,5,250,7,165881,7.368,4.78,5756,2.292,45.842,73.654,38.636,25.838,"{'Days': 0.47420138533044776, 'end_of_stream': 0.1829082293933603, 'expired': 0.13745395795781312, 'Domains': 0.11738535456140245, 'Events': 0.08805107275697639}"
50,5,25,14,325423,0.949,7.45,5981,1.918,38.359,75.882,46.551,46.452,"{'Events': 0.7917448981786782, 'end_of_stream': 0.10551497589291477, 'Days': 0.034886901048788804, 'Domains': 0.03464414008843874, 'expired': 0.03320908479117948}"
50,5,25,7,343341,0.994,7.14,5981,1.841,36.825,77.067,49.055,48.301,"{'Events': 0.7320186054097821, 'Days': 0.11304213595230397, 'end_of_stream': 0.0804943190588948, 'expired': 0.046924194896618816, 'Domains': 0.027520744682400296}"
50,5,500,14,125681,14.002,4.15,5506,2.682,53.645,70.678,31.8,18.339,"{'end_of_stream': 0.32038255583580655, 'Days': 0.27240394331681, 'Domains': 0.2194842498070512, 'expired': 0.13974268186917674, 'Events': 0.04798656917115555}"
50,5,500,21,114303,12.169,4.38,5506,2.856,57.125,69.196,29.204,16.816,"{'end_of_stream': 0.3900685021390515, 'Domains': 0.27217133408571953, 'Days': 0.1489374732071774, 'expired': 0.13091519907613974, 'Events': 0.05790749149191185}"
50,5,500,31,104662,8.422,5.43,5506,3.0,60.005,67.221,27.185,15.554,"{'end_of_stream': 0.6146643480919531, 'Domains': 0.3164758938296612, 'Events': 0.06885975807838567}"
50,5,750,31,101945,8.939,3.98,5256,3.026,60.525,67.014,26.935,13.153,"{'end_of_stream': 0.6345970866643779, 'Domains': 0.32740203050664574, 'Events': 0.03800088282897641}"
50,7,1000,31,84074,12.592,7.47,5006,3.207,45.82,66.493,29.77,11.774,"{'end_of_stream': 0.8076694340699859, 'Domains': 0.15738516069177153, 'Events': 0.0349454052382425}"
50,7,100,14,151826,6.405,9.49,5906,2.499,35.705,71.983,36.016,28.517,"{'Events': 0.4044827631630946, 'end_of_stream': 0.2602913861920883, 'Days': 0.18644369212124406, 'expired': 0.10504129727451161, 'Domains': 0.04374086124906142}"
50,7,100,21,141199,5.418,10.5,5906,2.624,37.489,70.824,34.164,27.343,"{'Events': 0.45088846238287805, 'end_of_stream': 0.30876280993491456, 'expired': 0.09495817959050701, 'Days': 0.08888164930346532, 'Domains': 0.05650889878823504}"
50,7,100,31,134248,4.372,11.79,5906,2.704,38.632,69.604,33.203,26.81,"{'Events': 0.48613759609081697, 'end_of_stream': 0.44840146594362673, 'Domains': 0.06546093796555628}"
50,7,250,14,122148,14.075,7.5,5756,2.674,38.202,70.908,34.267,21.011,"{'end_of_stream': 0.32989488161901953, 'Days': 0.3020516095228739, 'Events': 0.15531977600943117, 'expired': 0.1449716737073059, 'Domains': 0.06776205914136949}"
50,7,250,21,109624,14.671,8.87,5756,2.867,40.958,69.459,32.125,19.479,"{'end_of_stream': 0.40174596803619644, 'Events': 0.18619098007735532, 'Days': 0.17721484346493468, 'expired': 0.14156571553674377, 'Domains': 0.09328249288476975}"
50,7,250,31,98450,8.473,12.71,5756,3.04,43.422,67.626,30.406,18.541,"{'end_of_stream': 0.6596343321482986, 'Events': 0.22132046724225496, 'Domains': 0.11904520060944641}"
50,7,500,14,114799,14.451,5.27,5506,2.718,38.834,70.592,34.239,17.702,"{'Days': 0.35339158006602844, 'end_of_stream': 0.35110061934337405, 'expired': 0.1598445979494595, 'Domains': 0.07682122666573751, 'Events': 0.05884197597540048}"
50,7,500,21,101720,21.041,6.13,5506,2.93,41.864,69.041,32.203,16.128,"{'end_of_stream': 0.43345458120330316, 'Days': 0.22493118364136847, 'expired': 0.1591230829728667, 'Domains': 0.10813016122689736, 'Events': 0.0743609909555643}"
50,7,500,31,88219,11.11,10.71,5506,3.16,45.142,66.871,29.87,14.897,"{'end_of_stream': 0.758918146884458, 'Domains': 0.14470805608769086, 'Events': 0.09637379702785115}"
50,7,750,31,85273,12.137,8.86,5256,3.195,45.649,66.623,29.719,12.575,"{'end_of_stream': 0.7921264644142929, 'Domains': 0.1530144359879446, 'Events': 0.05485909959776248}"
5,10,100,31,96709,0.988,10.26,5968,6.262,62.623,95.261,5.276,5.102,"{'Events': 0.6808776846001924, 'Domains': 0.22492218924815685, 'end_of_stream': 0.09420012615165083}"
5,10,250,31,63672,1.759,7.38,5818,8.192,81.918,95.13,3.201,2.028,"{'Domains': 0.5936675461741425, 'Events': 0.2576485739414499, 'end_of_stream': 0.1486838798844076}"
5,10,25,31,284687,0.112,7.73,5974,3.305,33.051,95.94,15.459,17.648,"{'Events': 0.9673922588667554, 'end_of_stream': 0.028044835204979503, 'Domains': 0.004562905928265077}"
5,10,500,31,56693,1.941,4.07,5568,8.817,88.17,95.112,2.718,1.168,"{'Domains': 0.7556664843984267, 'end_of_stream': 0.16958001869719366, 'Events': 0.07475349690437973}"
5,10,50,31,161179,0.512,9.51,5957,4.581,45.811,95.559,9.033,9.894,"{'Events': 0.8964691430025004, 'end_of_stream': 0.05347470824362975, 'Domains': 0.05005614875386992}"
5,2,100,31,751989,0.011,0.63,5892,1.983,99.136,96.387,1.728,12.35,"{'Domains': 0.9795236366489404, 'Events': 0.011977568820820517, 'end_of_stream': 0.00849879453023914}"
5,2,250,31,745253,0.011,0.27,5742,1.991,99.528,96.341,0.945,5.906,"{'Domains': 0.9893472418091575, 'end_of_stream': 0.008653437154899074, 'Events': 0.0019993210359434983}"
5,2,25,31,819284,0.01,1.86,5967,1.906,95.297,96.443,9.405,31.121,"{'Domains': 0.8711142900386191, 'Events': 0.12134986158645841, 'end_of_stream': 0.007535848374922494}"
5,2,500,31,744636,0.01,0.14,5492,1.992,99.583,96.313,0.833,3.477,"{'Domains': 0.9907068688594158, 'end_of_stream': 0.008789529380798135, 'Events': 0.0005036017597859894}"
5,2,50,31,771379,0.01,1.13,5942,1.961,98.032,96.415,3.937,20.728,"{'Domains': 0.9501567971127034, 'Events': 0.04153729878568123, 'end_of_stream': 0.008305904101615419}"
5,3,100,31,362273,0.063,1.58,5890,2.915,97.15,95.801,2.338,7.847,"{'Domains': 0.9323576418888517, 'Events': 0.04613095648861494, 'end_of_stream': 0.02151140162253328}"
5,3,200,14,353737,0.064,0.84,5790,2.951,98.352,96.043,1.508,4.539,"{'Domains': 0.9639280030078844, 'end_of_stream': 0.01940424665782771, 'Events': 0.01193259398931975, 'expired': 0.0025216474386337874, 'Days': 0.0022135089063343672}"
5,3,200,7,355259,0.064,0.85,5790,2.941,98.02,96.266,1.834,4.69,"{'Domains': 0.9573297228219412, 'end_of_stream': 0.01799250687526565, 'Events': 0.011785767566761151, 'Days': 0.009176403694206199, 'expired': 0.0037155990418258227}"
5,3,250,31,352261,0.064,0.68,5740,2.959,98.617,95.773,1.285,3.586,"{'Domains': 0.9699058368652789, 'end_of_stream': 0.022446424668072822, 'Events': 0.007647738466648309}"
5,3,25,31,459657,0.039,3.93,5965,2.567,85.566,96.127,11.746,21.781,"{'Domains': 0.63133597443311, 'Events': 0.3527782672732059, 'end_of_stream': 0.015885758293684205}"
5,3,500,14,351106,0.064,0.34,5490,2.962,98.742,96.006,1.233,2.393,"{'Domains': 0.9736660723542178, 'end_of_stream': 0.019666425523915853, 'expired': 0.002537695168980308, 'Days': 0.0023554140345080975, 'Events': 0.0017743929183779259}"
5,3,500,31,350648,0.064,0.33,5490,2.965,98.847,95.754,1.131,2.314,"{'Domains': 0.9757591658871575, 'end_of_stream': 0.02245271611416577, 'Events': 0.0017881179986767356}"
5,3,500,7,352633,0.065,0.36,5490,2.952,98.4,96.248,1.559,2.552,"{'Domains': 0.9667841637056089, 'end_of_stream': 0.018203060972739365, 'Days': 0.009525484001780889, 'expired': 0.0037546117351467388, 'Events': 0.0017326795847240615}"
5,3,50,31,390516,0.055,2.71,5940,2.802,93.405,95.968,5.136,13.672,"{'Domains': 0.8340708191213676, 'Events': 0.14648567536285326, 'end_of_stream': 0.019443505515779124}"
5,3,600,14,350813,0.064,0.29,5390,2.963,98.766,96.006,1.215,2.024,"{'Domains': 0.9742170330061884, 'end_of_stream': 0.01968000045608344, 'expired': 0.002545515702097699, 'Days': 0.0023744844119231614, 'Events': 0.0011829664237072172}"
5,3,600,7,352401,0.065,0.31,5390,2.953,98.419,96.248,1.548,2.205,"{'Domains': 0.9672674027599241, 'end_of_stream': 0.018257609938677814, 'Days': 0.009579995516471292, 'expired': 0.0037514081969120404, 'Events': 0.00114358358801479}"
5,3,700,14,350664,0.064,0.25,5290,2.963,98.776,96.006,1.206,1.924,"{'Domains': 0.9744541783587708, 'end_of_stream': 0.019676955718294437, 'expired': 0.002549449045239888, 'Days': 0.0023869002806104988, 'Events': 0.0009325165970843884}"
5,3,700,7,352221,0.065,0.27,5290,2.953,98.43,96.248,1.538,2.093,"{'Domains': 0.9675033572671703, 'end_of_stream': 0.018258422978754817, 'Days': 0.009573534797754819, 'expired': 0.0037590035801386063, 'Events': 0.0009056813761814316}"
5,5,100,31,171145,0.468,4.34,5917,4.482,89.636,95.317,3.453,5.562,"{'Domains': 0.7478395512577054, 'Events': 0.2015016506471121, 'end_of_stream': 0.05065879809518245}"
5,5,250,31,153496,0.552,2.01,5767,4.782,95.645,95.27,1.931,2.528,"{'Domains': 0.9037173607129827, 'end_of_stream': 0.05731745452650232, 'Events': 0.03896518476051493}"
5,5,25,31,312161,0.094,6.71,5963,3.155,63.095,95.95,14.394,17.877,"{'Events': 0.7684047654896031, 'Domains': 0.2066369597739628, 'end_of_stream': 0.024958274736434083}"
5,5,500,31,150655,0.561,1.0,5517,4.835,96.707,95.223,1.662,1.453,"{'Domains': 0.9324416713683582, 'end_of_stream': 0.05869702299956855, 'Events': 0.00886130563207328}"
5,5,50,31,213888,0.257,6.18,5957,3.923,78.453,95.577,7.166,10.331,"{'Domains': 0.48701189407540396, 'Events': 0.4737479428485937, 'end_of_stream': 0.03924016307600239}"
5,7,100,31,120113,0.835,7.31,5968,5.525,78.933,95.261,4.423,5.244,"{'Domains': 0.5069143223464571, 'Events': 0.4182478166393313, 'end_of_stream': 0.07483786101421162}"
5,7,250,31,95510,0.984,3.9,5818,6.375,91.078,95.149,2.418,2.289,"{'Domains': 0.7982514919903675, 'Events': 0.1053397549994765, 'end_of_stream': 0.096408753010156}"
5,7,25,31,289083,0.109,7.53,5974,3.282,46.883,95.94,15.276,17.72,"{'Events': 0.9236689808809234, 'Domains': 0.04898939059024571, 'end_of_stream': 0.02734162852883082}"
5,7,500,31,91125,1.0,1.95,5568,6.569,93.837,95.13,2.055,1.178,"{'Domains': 0.8717695473251029, 'end_of_stream': 0.10182716049382716, 'Events': 0.02640329218106996}"
5,7,50,31,174577,0.442,8.36,5957,4.396,62.795,95.559,8.428,9.909,"{'Events': 0.734386545764906, 'Domains': 0.2166837555920883, 'end_of_stream': 0.04892969864300566}"
600,10,1000,14,235622,15.793,4.78,5006,1.17,11.702,17.66,85.569,76.819,"{'end_of_stream': 0.40062472943952604, 'expired': 0.3694731391805519, 'Days': 0.22039962312517508, 'Events': 0.00950250825474701}"
600,10,1250,14,235184,15.838,4.33,4756,1.17,11.703,17.638,85.568,76.62,"{'end_of_stream': 0.4010944622083135, 'expired': 0.3705821824613919, 'Days': 0.22201340227226343, 'Events': 0.006309953058031159}"
600,10,1500,14,234931,15.861,4.18,4506,1.17,11.704,17.626,85.556,75.837,"{'end_of_stream': 0.4015221490565315, 'expired': 0.37094295771950064, 'Days': 0.22311657465383453, 'Events': 0.004418318570133358}"
600,10,1750,14,234869,15.864,3.89,4256,1.17,11.702,17.621,85.574,75.793,"{'end_of_stream': 0.4018537993519792, 'expired': 0.3710536511842772, 'Days': 0.22378006463177347, 'Events': 0.003312484831970162}"
600,10,2000,14,234776,15.869,3.77,4006,1.17,11.701,17.617,85.576,75.491,"{'end_of_stream': 0.4019618700378233, 'expired': 0.371319896411899, 'Days': 0.22418816233345829, 'Events': 0.0025300712168194366}"
600,10,500,14,238476,15.342,6.34,5506,1.171,11.708,17.813,85.534,77.84,"{'end_of_stream': 0.39584276824502257, 'expired': 0.3636550428554655, 'Days': 0.21192488971636558, 'Events': 0.02857729918314631}"
600,10,700,14,236640,15.665,5.52,5306,1.171,11.707,17.717,85.538,77.273,"{'end_of_stream': 0.3988378972278567, 'expired': 0.36723292765382015, 'Days': 0.2168737322515213, 'Events': 0.017055442866801895}"
600,10,700,7,285988,8.935,4.63,5306,1.128,11.282,20.421,88.707,81.881,"{'expired': 0.4039400254556135, 'Days': 0.3762640390505895, 'end_of_stream': 0.2102885435752549, 'Events': 0.009507391918542036}"
600,20,1000,14,235622,15.793,4.78,5006,1.17,5.851,17.66,85.569,76.819,"{'end_of_stream': 0.40062472943952604, 'expired': 0.3694731391805519, 'Days': 0.22039962312517508, 'Events': 0.00950250825474701}"
600,20,2000,14,234776,15.869,3.77,4006,1.17,5.851,17.617,85.576,75.491,"{'end_of_stream': 0.4019618700378233, 'expired': 0.371319896411899, 'Days': 0.22418816233345829, 'Events': 0.0025300712168194366}"
600,20,500,14,238476,15.342,6.34,5506,1.171,5.854,17.813,85.534,77.84,"{'end_of_stream': 0.39584276824502257, 'expired': 0.3636550428554655, 'Days': 0.21192488971636558, 'Events': 0.02857729918314631}"
600,20,700,14,236640,15.665,5.52,5306,1.171,5.853,17.717,85.538,77.273,"{'end_of_stream': 0.3988378972278567, 'expired': 0.36723292765382015, 'Days': 0.2168737322515213, 'Events': 0.017055442866801895}"
600,3,1000,14,238694,15.179,4.39,5006,1.174,39.138,17.771,85.035,77.831,"{'end_of_stream': 0.39627724199183895, 'expired': 0.3608888367533327, 'Days': 0.20911711228602312, 'Domains': 0.024491608502936815, 'Events': 0.009225200465868433}"
600,3,2000,14,237877,15.246,3.44,4006,1.174,39.139,17.73,85.034,76.604,"{'end_of_stream': 0.39771394460162185, 'expired': 0.362174569210138, 'Days': 0.21315217528386518, 'Domains': 0.0245000567520189, 'Events': 0.0024592541523560493}"
600,3,500,14,241623,15.03,5.86,5506,1.174,39.148,17.922,85.007,78.683,"{'end_of_stream': 0.39153557401406325, 'expired': 0.355566316120568, 'Days': 0.20053554504331128, 'Events': 0.02786986338221113, 'Domains': 0.024492701439846373}"
600,3,700,14,239729,15.111,5.09,5306,1.174,39.15,17.826,85.009,78.315,"{'end_of_stream': 0.39455385038939805, 'expired': 0.35880932219297623, 'Days': 0.20540276729139986, 'Domains': 0.024581923755574, 'Events': 0.01665213637065186}"
75,10,700,14,133022,15.016,4.8,5306,2.195,21.948,62.333,44.178,24.309,"{'Days': 0.3851167476056592, 'end_of_stream': 0.37305107425839334, 'expired': 0.20419930537805778, 'Events': 0.03061147780066455, 'Domains': 0.007021394957225121}"
75,10,700,21,116530,21.818,5.52,5306,2.347,23.473,60.4,42.162,22.046,"{'end_of_stream': 0.47322577876941563, 'Days': 0.2705397751651935, 'expired': 0.20465116279069767, 'Events': 0.040427357761949716, 'Domains': 0.0111559255127435}"
75,10,700,7,177892,8.063,3.52,5306,1.912,19.117,65.973,50.219,30.596,"{'Days': 0.5910271400625099, 'end_of_stream': 0.20231938479526904, 'expired': 0.18948013401389607, 'Events': 0.015245204955815888, 'Domains': 0.0019281361725091628}"
