Anzahl_Slots,Max_Domains,Max_Events,Max_Days,Run_Seed,Incl_Avg_Chord_Distance,Incl_Avg_Max_Cosine_Own,Incl_Avg_Max_Cosine_Other,Incl_Identification_Rate,Incl_Valid_Segments,Incl_Share_Single_Segment_Users,Excl_Avg_Chord_Distance,Excl_Avg_Max_Cosine_Own,Excl_Avg_Max_Cosine_Other,Excl_Identification_Rate,Excl_Valid_Segments,Excl_Share_Single_Segment_Users,INCL (%),EXCL (%),Incl_Tie_Share,Incl_No_Own_Share,Incl_Tie_Single_Domain_Share,Incl_Random_Baseline,Incl_Users_Linked_Share,Incl_Visit_Weighted_Rate,Excl_Tie_Share,Excl_No_Own_Share,Excl_Tie_Single_Domain_Share,Excl_Random_Baseline,Excl_Users_Linked_Share,Excl_Visit_Weighted_Rate
25,10,700,7,0,1.002427006063305,0.424591901510427,0.7187593383394723,0.1090187751452838,107376,0.0125698324022346,1.0398027430429535,0.3961981881767638,0.6984718983942957,0.1115219659209458,86270,0.0133779264214046,10.901877514528389,11.152196592094588,,,,,,,,,,,,
25,10,700,7,1,1.000010780996475,0.4263594337649838,0.7198309091856369,0.1098267511177347,107360,0.0125698324022346,1.038647177204674,0.3974989549841434,0.6990062914668822,0.1131269515153625,86151,0.0143334925943621,10.982675111773473,11.312695151536255,,,,,,,,,,,,
25,10,700,7,2,1.000990646228376,0.4262191308029633,0.7195835785581087,0.1106078820580204,107307,0.0135009310986964,1.0390487180818948,0.397723720837614,0.6988126264856365,0.1125767120268216,86199,0.0124282982791587,11.060788205802044,11.257671202682165,,,,,,,,,,,,
25,10,700,7,3,1.0001496190896992,0.4268214396697919,0.7188843040969112,0.1095103551813205,107241,0.0125698324022346,1.0376504657152916,0.3983999176439964,0.6992429236865775,0.1125620084343088,86077,0.0138557095078834,10.951035518132056,11.256200843430882,,,,,,,,,,,,
25,10,700,7,4,1.0016663088825342,0.425499421533822,0.7191288570436699,0.1114610510622437,107320,0.0125698324022346,1.039535806758994,0.3971292097500434,0.6985141042641774,0.1130024134410099,86184,0.0143334925943621,11.146105106224375,11.300241344100993,,,,,,,,,,,,
50,10,700,7,0,0.9457036418591236,0.4446125008725831,0.7799535276744801,0.0803827115378226,150505,0.0125698324022346,0.9924096935039116,0.4121457214322887,0.7643656840707352,0.0813722309567184,120213,0.0129001433349259,8.038271153782265,8.137223095671848,,,,,,,,,,,,
50,10,700,7,1,0.9449187599091295,0.4449573319433305,0.7799851150768623,0.0801405765231891,150523,0.0125698324022346,0.9914548246199572,0.4124292162355319,0.7647380417641892,0.0808263020075647,120295,0.0129001433349259,8.014057652318915,8.082630200756475,,,,,,,,,,,,
50,10,700,7,2,0.9473418209429384,0.443879429520418,0.7802782611851589,0.0803520425107937,150550,0.0130353817504655,0.994044958018412,0.4111865294082024,0.7648218953730683,0.0807594831526029,120345,0.0129001433349259,8.035204251079374,8.075948315260293,,,,,,,,,,,,
50,10,700,7,3,0.9461756993280998,0.4449045194736687,0.7792249373015926,0.0816901408450704,150165,0.0125698324022346,0.991666799657972,0.4131078836573303,0.7636671455232391,0.08233872312052,119980,0.0133779264214046,8.169014084507042,8.233872312052009,,,,,,,,,,,,
50,10,700,7,4,0.9472804643333322,0.443887997808333,0.7794012720830219,0.0805053455123642,150313,0.0125698324022346,0.9939408678370156,0.4111453809221512,0.76358931033894,0.0816775020602508,120131,0.0129001433349259,8.050534551236419,8.167750206025088,,,,,,,,,,,,
75,10,700,7,0,0.9162277301290338,0.4501631070011044,0.8053981259374654,0.0690643761383311,177892,0.0125698324022346,0.9672217556316915,0.4153214710573649,0.7916724726011877,0.0691749881959958,141901,0.0133779264214046,6.906437613833112,6.9174988195995795,,,,,,,,,,,,
75,10,700,7,1,0.9164270100153228,0.4494829539690739,0.8056383918108287,0.0685327100703418,177988,0.0125698324022346,0.965737938260268,0.4156705490733636,0.7919175569274993,0.068880567599527,142072,0.0129001433349259,6.8532710070341825,6.8880567599527005,,,,,,,,,,,,
75,10,700,7,2,0.916239618495738,0.4499120395588449,0.8058052533194643,0.0688036737312458,177694,0.0130353817504655,0.9679590887242636,0.4143950635036145,0.7913500622034285,0.0692900276539308,141752,0.0129001433349259,6.880367373124585,6.92900276539308,,,,,,,,,,,,
75,10,700,7,3,0.9167980057133196,0.4499967700830437,0.8051418972436893,0.0693536489918185,177597,0.0125698324022346,0.9673506867740288,0.4157433844211841,0.7909220539866346,0.0697653066269272,141589,0.0124223602484472,6.935364899181856,6.976530662692723,,,,,,,,,,,,
75,10,700,7,4,0.9165665509557744,0.4496300977986691,0.8053245027913863,0.0694588092454357,177904,0.0125698324022346,0.9677056553411912,0.4144625199754682,0.7915751956409103,0.0691490111501106,141882,0.0124223602484472,6.945880924543574,6.914901115011066,,,,,,,,,,,,
100,10,700,7,0,0.8965789260352397,0.4520112951708437,0.8198023446991821,0.0629328088087682,197258,0.0125698324022346,0.9511884943298629,0.4151528404427909,0.8066144499426392,0.0627469695523527,157155,0.0129001433349259,6.2932808808768215,6.274696955235277,,,,,,,,,,,,
100,10,700,7,1,0.896665837718308,0.4518626697478889,0.8201892277916651,0.0628456434353725,197277,0.0125698324022346,0.9506575552562492,0.4151434492562343,0.8070061081356937,0.0627714022316177,157285,0.0129001433349259,6.28456434353726,6.277140223161777,,,,,,,,,,,,
100,10,700,7,2,0.8963605202967966,0.4520915138054774,0.8203103794265436,0.0616248345395254,197177,0.0125698324022346,0.9506666465537796,0.4152608489290064,0.8071120330824696,0.0617503897178124,157165,0.0129001433349259,6.16248345395254,6.175038971781249,,,,,,,,,,,,
100,10,700,7,3,0.8962627527442855,0.4524346140143444,0.8196532374693077,0.0623877142944143,197042,0.0125698324022346,0.951888772851312,0.4148604577086593,0.8065292089721608,0.0621855696363752,157030,0.0124223602484472,6.238771429441439,6.218556963637521,,,,,,,,,,,,
100,10,700,7,4,0.8971792928691684,0.451351939084728,0.8195478126950794,0.0623188920634759,197051,0.0125698324022346,0.95201262231209,0.4141325649954583,0.8064894118703757,0.0616397366846199,157074,0.0129001433349259,6.231889206347596,6.163973668461999,,,,,,,,,,,,
150,10,700,7,0,0.8721237625032282,0.4522585009454614,0.8368099200773632,0.0541665360027596,223219,0.0125698324022346,0.9305994899428152,0.4129058729507943,0.8245414864257432,0.0540913675834981,177459,0.0129001433349259,5.416653600275962,5.409136758349816,,,,,,,,,,,,
150,10,700,7,1,0.870811911276926,0.4530269538642972,0.836815130036988,0.0540774340448038,223106,0.0125698324022346,0.9297919848820084,0.413067238420774,0.8246310744048263,0.053498915828898,177555,0.0124223602484472,5.407743404480382,5.349891582889809,,,,,,,,,,,,
150,10,700,7,2,0.8719753216226089,0.4518000513933889,0.8368751367134891,0.0542274757921056,223171,0.0130353817504655,0.9310265824763476,0.4120510813171536,0.8244616417314296,0.0537413549574289,177703,0.0129001433349259,5.422747579210561,5.374135495742896,,,,,,,,,,,,
150,10,700,7,3,0.8705703320472945,0.4531986931374335,0.8363711538184153,0.0547959967133178,222717,0.0125698324022346,0.9293546443867244,0.4134835941291275,0.8244682331915342,0.0537763634517079,177234,0.0124223602484472,5.47959967133178,5.377636345170791,,,,,,,,,,,,
150,10,700,7,4,0.8713494439155958,0.4524022808200502,0.8365204455345814,0.053906954015001,223051,0.0125698324022346,0.9297429288760992,0.4128938794349843,0.8244973999461598,0.0529445551914045,177582,0.0124223602484472,5.390695401500105,5.294455519140453,,,,,,,,,,,,
225,10,700,7,0,0.8498430113437742,0.4519857440387623,0.8496953862355061,0.048614717912095,246448,0.0125698324022346,0.9129344154726664,0.4092042532063048,0.8379685988629714,0.0477169615410189,195507,0.0129001433349259,4.861471791209505,4.771696154101899,,,,,,,,,,,,
225,10,700,7,1,0.8504474765821556,0.4515502512428142,0.8495570722944867,0.0483433997977229,246197,0.0125698324022346,0.9124759585110238,0.4096205077638545,0.8381387402545932,0.0473471768190677,195471,0.0124223602484472,4.834339979772296,4.734717681906779,,,,,,,,,,,,
225,10,700,7,2,0.8505127936224086,0.4514623231507781,0.8490578234519124,0.0485815818864859,246225,0.0125698324022346,0.9129862298523036,0.4090039071593903,0.8375543870421586,0.0475993208133873,195528,0.0124223602484472,4.858158188648594,4.759932081338734,,,,,,,,,,,,
225,10,700,7,3,0.8497057009274213,0.4520674027043382,0.8489953458995193,0.0485965647255969,245861,0.0125698324022346,0.9128998563713348,0.4093929876137036,0.8373398187370912,0.0471598536630355,195166,0.0124223602484472,4.859656472559699,4.715985366303557,,,,,,,,,,,,
225,10,700,7,4,0.8508188699910891,0.4512325195930538,0.849484681706541,0.048477466504263,246300,0.0125698324022346,0.91276927217443,0.4090691076732531,0.8375340388443759,0.0473584153558397,195678,0.0124223602484472,4.847746650426309,4.73584153558397,,,,,,,,,,,,
25,10,700,7,5,0.9999496004121866,0.4265013086250675,0.7198415627124054,0.1090471661164885,107238,0.0135009310986964,1.0374388409912407,0.3982378722741124,0.6991116845738715,0.1121160052940766,86134,0.0129124820659971,10.904716611648857,11.211600529407669,,,,,,,,,,,,
25,10,700,7,6,1.0014552119634006,0.4255454457354706,0.7184382586418425,0.1119666974677755,107139,0.0139664804469273,1.0395113120286694,0.3967071732997028,0.698103177579857,0.1144676302458521,86068,0.0110047846889952,11.19666974677755,11.446763024585213,,,,,,,,,,,,
25,10,700,7,7,1.0007014657025266,0.4261389924098661,0.7191869261253766,0.1107905634916942,107455,0.0130353817504655,1.0386523496547242,0.3979053951520639,0.6982230720966683,0.1112258633494244,86176,0.0133843212237093,11.07905634916942,11.122586334942444,,,,,,,,,,,,
25,10,700,7,8,0.999711778737438,0.426927000734386,0.7205647254437286,0.1101539264770322,107259,0.0125698324022346,1.0378260574611369,0.3980172551763231,0.6998268925377384,0.1116251496588359,86029,0.0138557095078834,11.015392647703225,11.1625149658836,,,,,,,,,,,,
25,10,700,7,9,1.0005414735288354,0.4265054567815069,0.7200282554424201,0.1096756178154232,107435,0.0125698324022346,1.038543628164072,0.3977902219236434,0.6998149605705593,0.1121632899068107,86276,0.0138557095078834,10.967561781542328,11.21632899068107,,,,,,,,,,,,
25,10,700,7,10,1.0006949731392745,0.4254338351700849,0.7196822565612228,0.109060480684301,107555,0.0125698324022346,1.038577836385175,0.3971933249500086,0.6996591929737513,0.1099005430189072,86369,0.0148112756808408,10.906048068430106,10.990054301890725,,,,,,,,,,,,
25,10,700,7,11,0.99969537653888,0.4270101167554275,0.7193505448135227,0.1116077248263403,107394,0.0125698324022346,1.0387340372169491,0.3977489526512266,0.6993866035876473,0.1135775536963761,86179,0.0143266475644699,11.16077248263404,11.357755369637616,,,,,,,,,,,,
25,10,700,7,12,1.0008701132472284,0.4252172078915271,0.7191435255183493,0.1095968199886428,107421,0.0135009310986964,1.0387165340097704,0.3965957149532545,0.6989306760341302,0.1122213592683181,86267,0.0133907221425155,10.959681998864282,11.222135926831813,,,,,,,,,,,,
25,10,700,7,13,1.0010026849196132,0.4261858208286013,0.7183666767756326,0.1116832237302364,107205,0.0125698324022346,1.0382115598097,0.3980545468196525,0.69763994627239,0.1139538935021195,86105,0.0138557095078834,11.168322373023647,11.39538935021195,,,,,,,,,,,,
25,10,700,7,14,0.9993666860002336,0.4271659729479291,0.7196827365432547,0.1101685445572213,107390,0.0125698324022346,1.0376364330132748,0.3983626314015087,0.6987251674374706,0.1123710144927536,86250,0.0152890587673196,11.016854455722134,11.237101449275364,,,,,,,,,,,,
25,10,700,7,15,1.0011547543198172,0.4260511596600458,0.7184578126518516,0.1108543312956612,107312,0.0125698324022346,1.038554728498694,0.3978660479232053,0.6986346378745301,0.1120065961375434,86111,0.0143334925943621,11.085433129566123,11.20065961375434,,,,,,,,,,,,
25,10,700,7,16,0.9986974376649176,0.4279609204641771,0.7188969456887572,0.1107005918921937,107452,0.0125698324022346,1.0367752947841418,0.3993481025467281,0.6986726714486761,0.1130144527763934,86281,0.0138557095078834,11.070059189219371,11.30144527763934,,,,,,,,,,,,
25,10,700,7,17,1.0003296456288442,0.4264629138584692,0.7197629595838497,0.1092008558935715,107490,0.0135009310986964,1.038810849511556,0.3976995751376506,0.698574844494782,0.1124628873631471,86224,0.0133907221425155,10.92008558935715,11.246288736314716,,,,,,,,,,,,
25,10,700,7,18,0.9993212416190492,0.4271916419294567,0.7193314808203275,0.1112311719281249,107353,0.0135009310986964,1.036385246214699,0.3990598908281397,0.6989381707152791,0.113374082278848,86219,0.0129124820659971,11.123117192812495,11.337408227884804,,,,,,,,,,,,
25,10,700,7,19,1.0007755589971976,0.4261726715088679,0.7187807641302127,0.1107329037311971,107231,0.0125698324022346,1.03886822556944,0.396969742960821,0.6981474298658725,0.1127922651420071,86052,0.0148112756808408,11.073290373119711,11.279226514200715,,,,,,,,,,,,
50,10,700,7,5,0.9455454442914454,0.4448925973588648,0.7797408443644221,0.0819709189066998,150407,0.0130353817504655,0.9906481358128748,0.4133770337565255,0.7639373561809807,0.0832099668989836,120238,0.0119502868068833,8.19709189066998,8.320996689898367,,,,,,,,,,,,
50,10,700,7,6,0.9459247848055936,0.4442044663908967,0.7794693910258368,0.0811692843517158,150451,0.0139664804469273,0.992184953068933,0.4117675340103183,0.7630877314183296,0.0819833006220684,120244,0.0110047846889952,8.116928435171584,8.198330062206846,,,,,,,,,,,,
50,10,700,7,7,0.9464137637438264,0.4443139834213915,0.7793975534888796,0.0820406779210244,150401,0.0125698324022346,0.9929443262942236,0.4116028807249067,0.7639525367260677,0.0820168290817175,120268,0.0129001433349259,8.204067792102446,8.20168290817175,,,,,,,,,,,,
50,10,700,7,8,0.9454237161920432,0.4449919045261745,0.7796592445405309,0.0804939553018357,150297,0.0125698324022346,0.9915659635521132,0.4128280973642676,0.764148329446743,0.0812264300164001,120121,0.0129001433349259,8.04939553018357,8.122643001640013,,,,,,,,,,,,
50,10,700,7,9,0.9460796101492848,0.4447264444086969,0.7801951430627909,0.0811654457424835,150569,0.0125698324022346,0.9924424987433724,0.4124315669514571,0.7647855210331241,0.081880722511175,120358,0.0133779264214046,8.116544574248351,8.1880722511175,,,,,,,,,,,,
50,10,700,7,10,0.9447508028049626,0.445039836355536,0.7792089850190402,0.0813348829486966,150575,0.0125698324022346,0.990976798692226,0.4127460917803143,0.7635685530930524,0.082519389188605,120299,0.0143334925943621,8.133488294869666,8.251938918860507,,,,,,,,,,,,
50,10,700,7,11,0.9469607434325332,0.4441840569849116,0.7797422319285198,0.0812026279253605,150537,0.0125698324022346,0.9940405515786124,0.4108547659278179,0.7641309384428423,0.0816314656426368,120309,0.0128939828080229,8.120262792536053,8.163146564263688,,,,,,,,,,,,
50,10,700,7,12,0.9475198472706914,0.443369861672479,0.7793106176995587,0.0813223360383131,150340,0.0125698324022346,0.9931485584469284,0.4111977621795576,0.7636878152607189,0.0816839302799617,120195,0.0143334925943621,8.132233603831315,8.168393027996173,,,,,,,,,,,,
50,10,700,7,13,0.943971394962282,0.4461555648323725,0.7795635795696182,0.0819345188632208,150425,0.0125698324022346,0.991148811495171,0.4130662750826508,0.7633915057291115,0.0827525334532404,120093,0.0133779264214046,8.193451886322087,8.27525334532404,,,,,,,,,,,,
50,10,700,7,14,0.9468452495670616,0.4442928472578237,0.7800782451235471,0.0812934099896979,150455,0.0125698324022346,0.9936734538505928,0.4115659926803384,0.7639880621601409,0.0815944800066506,120290,0.0129001433349259,8.129340998969791,8.159448000665058,,,,,,,,,,,,
50,10,700,7,15,0.9451675192977168,0.4446818207914052,0.7794233276269981,0.0806654299563162,150399,0.0125698324022346,0.992266239746508,0.4115232201453643,0.7634926641679318,0.081608697823879,120122,0.0133779264214046,8.06654299563162,8.160869782387906,,,,,,,,,,,,
50,10,700,7,16,0.9444020404792172,0.4459010682838538,0.7791271374669434,0.0818863509453027,150428,0.0125698324022346,0.9910710336631928,0.4131534355122276,0.7636062834246027,0.0830227605483828,120208,0.0129001433349259,8.188635094530273,8.30227605483828,,,,,,,,,,,,
50,10,700,7,17,0.9477189336032616,0.4435018947468597,0.7803547132539347,0.0809392540436414,150545,0.0135009310986964,0.995053291180138,0.4102111049956038,0.76410504145019,0.0820245924127667,120281,0.0129124820659971,8.093925404364144,8.202459241276678,,,,,,,,,,,,
50,10,700,7,18,0.9456425183576934,0.444881652602544,0.7796325352194851,0.082095901519482,150446,0.0130353817504655,0.9926578883306258,0.4116891561215479,0.7639434245875115,0.0824930798580227,120301,0.012906309751434,8.209590151948207,8.249307985802279,,,,,,,,,,,,
50,10,700,7,19,0.9448440319501928,0.4455430666983853,0.7799066310737569,0.081399436246062,150775,0.0125698324022346,0.9910281026239738,0.4134199734106231,0.7639490351278214,0.0820257664736811,120389,0.0138557095078834,8.1399436246062,8.202576647368115,,,,,,,,,,,,
75,10,700,7,5,0.9161245526062152,0.4499816210689208,0.805099648299209,0.0688434347982708,177664,0.0125698324022346,0.9662205186085682,0.4158941482412567,0.790787105395398,0.0700041589420779,141863,0.0124223602484472,6.884343479827089,7.0004158942077925,,,,,,,,,,,,
75,10,700,7,6,0.9136640428445828,0.4516179755482251,0.8049823319901653,0.0691859615189987,177854,0.0130353817504655,0.9658585210443932,0.4159302976676238,0.7910964545660741,0.0691861120505016,141936,0.0119502868068833,6.918596151899872,6.918611205050164,,,,,,,,,,,,
75,10,700,7,7,0.9170768181617084,0.4494437939582142,0.8054118244155919,0.0681724892180181,177843,0.0125698324022346,0.9694024018692186,0.4136618843574385,0.7912350271470745,0.0691378739063921,141847,0.0129001433349259,6.817248921801814,6.91378739063921,,,,,,,,,,,,
75,10,700,7,8,0.9163707144626752,0.4500176378557027,0.805273135563976,0.0687466948704389,177754,0.0125698324022346,0.9666625434872138,0.4154490721599882,0.7912074229052242,0.0692308235277509,141671,0.0129001433349259,6.874669487043892,6.923082352775091,,,,,,,,,,,,
75,10,700,7,9,0.9154200337623534,0.4506532311821484,0.8053296395744692,0.0693119374304689,177978,0.0125698324022346,0.9665861057171456,0.4157462983469084,0.7915283303038347,0.0690909602651336,142117,0.0133779264214046,6.931193743046893,6.909096026513366,,,,,,,,,,,,
75,10,700,7,10,0.9149990771796506,0.4505006537712998,0.805339067745333,0.0686917830537421,177998,0.0125698324022346,0.9675322852948656,0.4144181203270083,0.7915024260553153,0.0681381349667335,142035,0.0133779264214046,6.869178305374218,6.8138134966733555,,,,,,,,,,,,
75,10,700,7,11,0.9150760959791518,0.4502477481172939,0.8054922628020856,0.0693999932621365,178098,0.0125698324022346,0.9676621799360016,0.4142982268296254,0.7914681034092825,0.0697309543241493,142132,0.0129001433349259,6.939999326213658,6.973095432414938,,,,,,,,,,,,
75,10,700,7,12,0.9177639596283158,0.4484467628442158,0.8053287238583078,0.0691863145231108,177882,0.0125698324022346,0.968840602801208,0.413628078004541,0.7909886688338031,0.0692121246283274,141926,0.0129001433349259,6.918631452311083,6.921212462832743,,,,,,,,,,,,
75,10,700,7,13,0.9158788449635126,0.4505179500857485,0.8050816302362918,0.0696488030957523,177792,0.0125698324022346,0.966693595176282,0.4157739248127398,0.7913810892825481,0.0699067158921173,141932,0.0129001433349259,6.964880309575235,6.990671589211734,,,,,,,,,,,,
75,10,700,7,14,0.9161895408573236,0.4504136472919079,0.8057320476010896,0.0689984763211307,177859,0.0125698324022346,0.9678886100205472,0.4149704033915112,0.791981827646768,0.0687618913395814,141910,0.0129001433349259,6.899847632113078,6.8761891339581425,,,,,,,,,,,,
75,10,700,7,15,0.9163741610583904,0.4501111419369963,0.8058443506817135,0.0681301873636384,177836,0.0125698324022346,0.9664468867566852,0.4159146861640816,0.7918668653370705,0.0687158518100743,141845,0.0138557095078834,6.813018736363841,6.871585181007438,,,,,,,,,,,,
75,10,700,7,16,0.9166682022863664,0.4494031611800971,0.8048545176657346,0.0697194580311463,177870,0.0125698324022346,0.9675680390554254,0.4147209310685911,0.7908850810193238,0.0694566803160261,141887,0.0124223602484472,6.971945803114635,6.9456680316026125,,,,,,,,,,,,
75,10,700,7,17,0.9166997670114216,0.4499045394321594,0.8054847257809088,0.0686838039050428,177975,0.0130353817504655,0.9682973556153872,0.4145581511448248,0.7912371029359542,0.0692653799843682,142019,0.0119502868068833,6.868380390504285,6.926537998436828,,,,,,,,,,,,
75,10,700,7,18,0.9170777157647004,0.4493538977717527,0.8052286808116366,0.069736568243057,177769,0.0130353817504655,0.9680651021927488,0.414603209951155,0.7910943734270861,0.0702183788054058,141772,0.0124282982791587,6.9736568243057,7.021837880540587,,,,,,,,,,,,
75,10,700,7,19,0.9148269757133912,0.4507260097833356,0.8051053650023674,0.0694551229887702,178187,0.0125698324022346,0.9652886474608262,0.4162452620122034,0.7909899538400234,0.070153716275634,142145,0.0129001433349259,6.945512298877023,7.015371627563403,,,,,,,,,,,,
100,10,700,7,5,0.8956378753453619,0.4524851742212272,0.8203518104634528,0.0623978975779529,197106,0.0125698324022346,0.9500370440527584,0.4158024670662285,0.807383086810024,0.0619589658005872,156991,0.0124223602484472,6.239789757795298,6.195896580058729,,,,,,,,,,,,
100,10,700,7,6,0.8965083623908597,0.4515279971874945,0.8198390195547541,0.0619686732809868,197148,0.0125698324022346,0.951397731293944,0.4142245111721276,0.8068150671953472,0.0619231307846057,157098,0.0124223602484472,6.196867328098687,6.192313078460579,,,,,,,,,,,,
100,10,700,7,7,0.8972394174163318,0.4515672837147845,0.8200425530001714,0.0613452751053611,197179,0.0125698324022346,0.952749008798254,0.4139143869405748,0.8069250086145859,0.0614354456806782,157108,0.0129001433349259,6.134527510536112,6.143544568067826,,,,,,,,,,,,
100,10,700,7,8,0.8971318558496402,0.4513396887011021,0.8195978136582817,0.0619495038566404,197322,0.0125698324022346,0.9511990087370208,0.4149895528320818,0.8063216081266996,0.0625600071213749,157273,0.0129001433349259,6.1949503856640415,6.256000712137494,,,,,,,,,,,,
100,10,700,7,9,0.8956031331026536,0.4521304440771811,0.820561732653744,0.0621746176440798,197460,0.0125698324022346,0.9503259812289704,0.4149199367549683,0.8071566677225132,0.0626282649994599,157389,0.0129001433349259,6.2174617644079815,6.2628264999459935,,,,,,,,,,,,
100,10,700,7,10,0.896863142780197,0.4515062787968733,0.8201263009506755,0.0620549648539599,197035,0.0125698324022346,0.951933648349134,0.4143245179154826,0.8070848112070743,0.0622454175152749,157120,0.0133779264214046,6.2054964853959955,6.224541751527495,,,,,,,,,,,,
100,10,700,7,11,0.8974291260600944,0.4514676310018199,0.81986256448744,0.0624191346968597,197087,0.0125698324022346,0.9520953520300608,0.4143212747512674,0.8066798067384003,0.062621349952574,157087,0.0128939828080229,6.241913469685977,6.262134995257405,,,,,,,,,,,,
100,10,700,7,12,0.8982720716423269,0.4507731281726099,0.8208335227082527,0.0608584143461027,197294,0.0125698324022346,0.9522202288896596,0.4139775050034407,0.8078981751363209,0.061030922588566,157199,0.0129001433349259,6.085841434610277,6.103092258856608,,,,,,,,,,,,
100,10,700,7,13,0.8963768791196941,0.4519452022332609,0.8197172520935069,0.0621733024401867,197239,0.0125698324022346,0.9508832991129652,0.4151299979839132,0.8064315551318343,0.0624038253659405,157266,0.0129001433349259,6.217330244018678,6.240382536594051,,,,,,,,,,,,
100,10,700,7,14,0.8971152101066562,0.4515339760064362,0.8200092217878023,0.062071414079935,197160,0.0125698324022346,0.9521427998488166,0.4144091638600933,0.8071584518865139,0.0619577661875079,157220,0.0129001433349259,6.207141407993507,6.195776618750795,,,,,,,,,,,,
100,10,700,7,15,0.8961209461782398,0.4521061325691602,0.8197075899598567,0.0624439069654238,197217,0.0125698324022346,0.9514622527544532,0.4144520978126944,0.8066627617485709,0.0622636945756368,157106,0.0129001433349259,6.244390696542387,6.226369457563683,,,,,,,,,,,,
100,10,700,7,16,0.8962772048415145,0.4517949437894656,0.8198723349848743,0.0623988473031866,197103,0.0125698324022346,0.9510698338481895,0.4147791244190446,0.8064120966576553,0.0623849939830762,157057,0.0124223602484472,6.239884730318666,6.238499398307621,,,,,,,,,,,,
100,10,700,7,17,0.8967293198936515,0.4512878203335908,0.8205481016003707,0.061690267771708,197519,0.0135009310986964,0.9522142388456588,0.4138777060903117,0.8075809170321168,0.0611403636917956,157441,0.0119560019129603,6.169026777170804,6.114036369179566,,,,,,,,,,,,
100,10,700,7,18,0.8978468650091774,0.450912074978418,0.8200244127578201,0.0626957815268547,196967,0.0125698324022346,0.9530977575734796,0.4134026092236533,0.8068147148554294,0.0620579351829431,156934,0.0129001433349259,6.269578152685475,6.205793518294315,,,,,,,,,,,,
100,10,700,7,19,0.8957965959052825,0.4522283561264902,0.820115227908058,0.0624493599092529,197472,0.0125698324022346,0.9493905815266648,0.4159082657501042,0.8069158270874556,0.06280893022783,157398,0.0129001433349259,6.244935990925296,6.280893022783009,,,,,,,,,,,,
150,10,700,7,5,0.8716883575405122,0.4526518340553931,0.8370620814786596,0.0544211890592556,222983,0.0125698324022346,0.929921825708835,0.4130989524428636,0.8246943131295097,0.0538337614348159,177528,0.0124223602484472,5.442118905925564,5.383376143481591,,,,,,,,,,,,
150,10,700,7,6,0.8708873994229152,0.4527384059243978,0.8369037182752989,0.0543555724882902,223105,0.0130353817504655,0.9292383307405702,0.413374784602062,0.8247503870597914,0.053927619305276,177423,0.0119502868068833,5.435557248829027,5.392761930527609,,,,,,,,,,,,
150,10,700,7,7,0.8733310327072583,0.4510810701573192,0.8368643534014273,0.0544618305910593,223294,0.0125698324022346,0.9325059457011644,0.4109559166163547,0.8248377478788959,0.0540916645539311,177495,0.0129001433349259,5.446183059105932,5.40916645539311,,,,,,,,,,,,
150,10,700,7,8,0.8716966289802406,0.4526401541481357,0.837108302520182,0.054099212499664,223238,0.0125698324022346,0.9313460326372696,0.4122427560161576,0.8247440356236021,0.053600085588959,177593,0.0129001433349259,5.409921249966403,5.3600085588959026,,,,,,,,,,,,
150,10,700,7,9,0.8713892210320487,0.4525852262686564,0.8368136755622176,0.0543437365629926,223264,0.0125698324022346,0.9302799533124948,0.412854831600233,0.8247133276554665,0.0538509987403275,177824,0.0129001433349259,5.434373656299269,5.385099874032751,,,,,,,,,,,,
150,10,700,7,10,0.8720934721177395,0.4522221594738067,0.8365959989571158,0.0551073099887042,223092,0.0125698324022346,0.930933511442228,0.4123041238840303,0.824278824034817,0.0540201146512597,177582,0.0129001433349259,5.510730998870421,5.40201146512597,,,,,,,,,,,,
150,10,700,7,11,0.8716605807865171,0.452407131858849,0.8366476555476334,0.0542588418746163,223171,0.0125698324022346,0.9299554720688634,0.4129508848355806,0.8241361610526928,0.0540615064291944,177705,0.0124223602484472,5.425884187461633,5.406150642919445,,,,,,,,,,,,
150,10,700,7,12,0.8715851543640216,0.4523629505888229,0.8363230951130494,0.054411705375274,223077,0.0125698324022346,0.9300879632462402,0.4127424769744363,0.823791542680599,0.0540133807540342,177419,0.0129001433349259,5.441170537527401,5.401338075403424,,,,,,,,,,,,
150,10,700,7,13,0.8709572519646661,0.4532161047677249,0.8359550501372188,0.0546147978642257,222870,0.0125698324022346,0.9291412160297996,0.4141329055118303,0.8239929252209002,0.0536789175249024,177593,0.0124223602484472,5.461479786422578,5.3678917524902445,,,,,,,,,,,,
150,10,700,7,14,0.8719902569476853,0.4521224049308846,0.8369674260231129,0.0538727939923019,222914,0.0125698324022346,0.9301030190022924,0.4130311832987617,0.8246984883192745,0.0538074615419317,177336,0.0124223602484472,5.387279399230197,5.3807461541931705,,,,,,,,,,,,
150,10,700,7,15,0.8705172585920382,0.453036650793768,0.8361172405563355,0.0545074878339502,223162,0.0125698324022346,0.9293300231623616,0.4132183107091834,0.8237920904084094,0.0539269849144248,177388,0.0133779264214046,5.450748783395023,5.392698491442487,,,,,,,,,,,,
150,10,700,7,16,0.8706503228998886,0.4529825298179987,0.8368850322032925,0.0544918470589816,223171,0.0125698324022346,0.9285247667104508,0.4137747880207976,0.8249800375798433,0.0536813356983979,177585,0.0124223602484472,5.449184705898167,5.368133569839795,,,,,,,,,,,,
150,10,700,7,17,0.8710857053737576,0.452524237348532,0.8368298231134477,0.0540058152538582,223550,0.0130353817504655,0.9300966769000306,0.4125812187769811,0.824685832146669,0.0537017668162443,177834,0.0119502868068833,5.40058152538582,5.370176681624436,,,,,,,,,,,,
150,10,700,7,18,0.8712789496559181,0.4524074227221806,0.8365799178578818,0.0543172803262891,223115,0.0125698324022346,0.9307519183891042,0.4123238968173793,0.8242957189640256,0.0539706147467099,177504,0.0124223602484472,5.431728032628913,5.397061474670993,,,,,,,,,,,,
150,10,700,7,19,0.8721701871632829,0.4518727916906224,0.8370631449537506,0.0539592329895061,223465,0.0125698324022346,0.9301023371883036,0.4126764646868574,0.8251212563551609,0.0537149413134318,177809,0.0129001433349259,5.395923298950619,5.371494131343183,,,,,,,,,,,,
225,10,700,7,5,0.8483926179798894,0.4530282521040251,0.8490860892487546,0.0490751686958923,246153,0.0125698324022346,0.9106784862166027,0.4108087935093006,0.8371351756719854,0.0483696903050916,195515,0.0124223602484472,4.907516869589239,4.836969030509168,,,,,,,,,,,,
225,10,700,7,6,0.8498933070923361,0.4518559746056854,0.8492989655295885,0.0488071485751205,246091,0.0125698324022346,0.9124364399586764,0.409623043596453,0.837449825704563,0.0478689095246383,195346,0.0124223602484472,4.880714857512059,4.786890952463834,,,,,,,,,,,,
225,10,700,7,7,0.8496995039903202,0.4518691172753165,0.8500782514301457,0.0482200962373313,246474,0.0125698324022346,0.9126084150511324,0.4091452115560345,0.8383939295150765,0.0474686778261491,195708,0.0129001433349259,4.822009623733132,4.746867782614917,,,,,,,,,,,,
225,10,700,7,8,0.850289434879935,0.4518481548224303,0.8492883995639746,0.0486668697329678,246225,0.0125698324022346,0.9135634082747462,0.4090295180606562,0.8375908110044388,0.0472686334211805,195415,0.0129001433349259,4.8666869732967815,4.726863342118056,,,,,,,,,,,,
225,10,700,7,9,0.8486616344723675,0.4528575160145211,0.8497312200562394,0.048462743125147,246478,0.0125698324022346,0.91062600301247,0.4106646415427024,0.8384775121705007,0.0477814305841994,195892,0.0129001433349259,4.846274312514707,4.778143058419946,,,,,,,,,,,,
225,10,700,7,10,0.8494159258622838,0.4521680622614447,0.8493129992005043,0.0483622006304227,246184,0.0125698324022346,0.9119740897348946,0.4099561634263292,0.8374173545265343,0.0475459337734786,195390,0.0129001433349259,4.836220063042277,4.754593377347868,,,,,,,,,,,,
225,10,700,7,11,0.8494809307333016,0.4522688564103994,0.8499541302886814,0.0482486954049828,246245,0.0125698324022346,0.9118157238549728,0.4098157350245926,0.8383941940426626,0.0475301888528747,195602,0.0124223602484472,4.824869540498284,4.753018885287472,,,,,,,,,,,,
225,10,700,7,12,0.8506580427971546,0.451429700136963,0.8494971015120447,0.0486773647207905,246213,0.0125698324022346,0.9128465600385564,0.4092490532311683,0.8378482046654567,0.0482073792129658,195468,0.0129001433349259,4.867736472079053,4.820737921296581,,,,,,,,,,,,
225,10,700,7,13,0.8497695800022567,0.4519757070680815,0.8497957820224408,0.0481994257331649,246227,0.0125698324022346,0.9121278648652263,0.4099082149082634,0.8380545634256431,0.0472178312538048,195477,0.0124223602484472,4.819942573316492,4.72178312538048,,,,,,,,,,,,
225,10,700,7,14,0.8497889309653719,0.4521671911339679,0.8493392984683313,0.0483042137718396,246169,0.0125698324022346,0.912123682777348,0.4100373970647666,0.8380660730202847,0.0474269861905883,195374,0.0124223602484472,4.830421377183967,4.742698619058831,,,,,,,,,,,,
225,10,700,7,15,0.8504280752869978,0.4518121898385071,0.8490968576178888,0.04875719348441,246056,0.0125698324022346,0.9128874163098276,0.4094384716648372,0.8373521428588175,0.0479980753677787,195362,0.0124223602484472,4.875719348441005,4.7998075367778785,,,,,,,,,,,,
225,10,700,7,16,0.8504273969318463,0.4514009294456227,0.8494658993845976,0.0485553120688255,246420,0.0125698324022346,0.9124351581661166,0.4093761614919532,0.8379459947371886,0.0476066344654859,195645,0.0124223602484472,4.855531206882558,4.7606634465485955,,,,,,,,,,,,
225,10,700,7,17,0.8500002548393004,0.4514986753966957,0.8492414404730375,0.0486636962008878,246426,0.0130353817504655,0.9120249848899332,0.4095499210156795,0.8374407518262835,0.0476638476720285,195578,0.0119502868068833,4.86636962008879,4.766384767202855,,,,,,,,,,,,
225,10,700,7,18,0.850157837110807,0.4517488176312402,0.8492627536968712,0.0486527341511879,246091,0.0125698324022346,0.9124723707365446,0.4094321015042373,0.8374072040465612,0.047364541098415,195336,0.0129001433349259,4.865273415118797,4.736454109841503,,,,,,,,,,,,
225,10,700,7,19,0.8508778875825652,0.4512295135021288,0.8492382871206987,0.048482414832301,246543,0.0125698324022346,0.9118859674028852,0.4097505371816186,0.8379186056999843,0.0475015958125877,195825,0.0124223602484472,4.8482414832301055,4.750159581258777,,,,,,,,,,,,
100,10,500,7,0,0.8917569367283065,0.4552175555772581,0.8203985254771117,0.0624253089750248,198317,0.0125698324022346,0.9444730524486914,0.4200079090863691,0.8071544897287718,0.062375199049617,158252,0.0133715377268385,6.242530897502483,6.237519904961706,0.2608702229259216,0.3920137960941321,0.6213781772494443,0.0007615069636908,0.5772811918063314,0.0973182550173785,0.2130399615802644,0.4164876273285646,0.5935813015364537,0.0007712146972551,0.5458452722063037,0.0995228377154048
100,10,500,7,1,0.8914128640613737,0.4558906310374905,0.8207976361738846,0.062694692272796,198390,0.0125698324022346,0.9445901390243292,0.4198270094494014,0.8080002078873805,0.0629709398902271,158327,0.0133715377268385,6.2694692272796,6.297093989022719,0.2607238268057866,0.3913957356721609,0.6168970517158048,0.0007624603844636,0.5777467411545624,0.0985219166401766,0.2132295818148515,0.417553544247033,0.5897215639810427,0.0007716538665329,0.5448901623686724,0.1025561109810106
100,10,500,7,2,0.8908526524956855,0.4560658929637163,0.8204827801498437,0.0630257186081694,198300,0.0125698324022346,0.9436040062657846,0.4204694026303952,0.8076142590971993,0.0630519016706383,158203,0.0133715377268385,6.302571860816944,6.305190167063836,0.2609480584972264,0.3919667170953101,0.6165307463378812,0.0007620816557682,0.5810055865921788,0.097658208835674,0.213580020606436,0.4172803297029765,0.5908431738139631,0.0007719450241758,0.5468003820439351,0.1012353829433582
100,10,500,7,3,0.8908133107882289,0.4563446762138217,0.8204574025289241,0.0622927988616237,198177,0.0125698324022346,0.944278086174244,0.4202925983976934,0.8075384400173977,0.0623565779741698,158187,0.0128939828080229,6.22927988616237,6.235657797416981,0.26102928190456,0.3902975622801838,0.6177266576454669,0.0007622036219742,0.574487895716946,0.0979311772182205,0.2135257638111855,0.416658764626676,0.5874411581845634,0.0007720276586004,0.5396370582617,0.1022065343660896
100,10,500,7,4,0.8916913768734686,0.4552237287229877,0.8200909765091389,0.0629061553985872,198200,0.0125698324022346,0.9451210791211568,0.4191738860715807,0.8071263828157987,0.0626931902224413,158199,0.0133715377268385,6.290615539858728,6.269319022244135,0.260832492431887,0.3922653884964682,0.6196104222682167,0.0007616331279111,0.5786778398510242,0.0998578007381073,0.2131239767634435,0.4180051707027225,0.5914106062403607,0.0007711988221401,0.5415472779369628,0.1018251244430725
100,10,500,7,5,0.8905153438607556,0.4561900043381105,0.8205669099260476,0.0626803478822366,198228,0.0125698324022346,0.9432280860834724,0.4206404904011549,0.8079059378367824,0.0625272537681296,158235,0.0128939828080229,6.268034788223662,6.252725376812967,0.2608360070222168,0.3913069798413947,0.6190890629532927,0.0007622354035872,0.5828677839851024,0.0975798588235499,0.2141435207128637,0.4162859038771447,0.5930647779253357,0.0007725946445549,0.5487106017191977,0.1012807618741108
100,10,500,7,6,0.8918862252548981,0.4550439877024615,0.8203275603613019,0.062300061558334,198186,0.0125698324022346,0.945332863080688,0.4186165091225242,0.8071839562976011,0.0619296081965657,158115,0.0128939828080229,6.230006155833409,6.192960819656578,0.2615169588164653,0.3923687848788512,0.6173377838661753,0.0007616264217616,0.574487895716946,0.0967141840731363,0.2140530626442779,0.4188913132846346,0.5918451765401094,0.0007711475016564,0.5482330468003821,0.0984069884438863
100,10,500,7,7,0.8920000769472538,0.4552738752686042,0.82084205998766,0.0620167160143856,198253,0.0125698324022346,0.944869152228448,0.4194399174886705,0.8077442032620077,0.0623020664108674,158197,0.0133715377268385,6.201671601438566,6.230206641086746,0.2604147226019278,0.3918830988686174,0.6195669016812583,0.0007618248790795,0.5726256983240223,0.0993941478769605,0.2124629417751284,0.4174289019387219,0.5960251108268126,0.0007711539892802,0.5444126074498568,0.1025934617612366
100,10,500,7,8,0.8915435852606852,0.4553142490204794,0.8205345786956597,0.0622724843449061,198338,0.0125698324022346,0.9449993160085588,0.4192059576824828,0.807410627049606,0.0627049568761254,158265,0.0133715377268385,6.227248434490617,6.270495687612549,0.2609535237826337,0.3924260605632809,0.6227563421372955,0.0007617683117832,0.5782122905027933,0.0980287595903638,0.2127381290872903,0.4180014532587748,0.5978793548961953,0.0007715679709564,0.5487106017191977,0.1000536206627065
100,10,500,7,9,0.8907827157296175,0.4558760286605082,0.8209999584025512,0.0624323276274506,198567,0.0125698324022346,0.943633028313736,0.4199535605350808,0.8077620653156791,0.0622654007507176,158515,0.0133715377268385,6.243232762745069,6.226540075071759,0.2606122870366174,0.3919684539727145,0.6204564339407524,0.0007621525020178,0.5828677839851024,0.0999353858268215,0.213260574709018,0.4178784342175819,0.5974855790563526,0.0007717146613658,0.5520534861509073,0.1015922256755906
100,10,500,7,10,0.8926921698386673,0.4545524543582229,0.8209204331731457,0.0625738375321856,198070,0.0125698324022346,0.946094593990783,0.4184924059499851,0.8078998198628834,0.0630401658985009,158169,0.0138490926456542,6.257383753218559,6.3040165898500975,0.2597061644873025,0.392931791790781,0.6190513219284604,0.0007612171743762,0.5772811918063314,0.0965012075408772,0.211830383956401,0.418931649058918,0.5924190419340397,0.0007708888545495,0.5534861509073543,0.1020461866156515
100,10,500,7,11,0.8920745810256969,0.4550593812319621,0.8201345924672557,0.0626387039502885,198264,0.0125698324022346,0.9454239851940528,0.4188863498225355,0.8070849566095374,0.0629140747483942,158184,0.0128939828080229,6.26387039502885,6.291407474839428,0.2607533389823669,0.3922093773957955,0.6187666834306936,0.0007623990351847,0.5768156424581006,0.0975424868512397,0.2129861427198705,0.418038486825469,0.5947879255587546,0.0007716913443884,0.5458452722063037,0.1010588521805911
100,10,500,7,12,0.8935174688530693,0.4541247141081024,0.8206543932558821,0.0619133082608213,198358,0.0125698324022346,0.946052168936679,0.418468971729931,0.8079390368338585,0.0618747473726758,158336,0.0133715377268385,6.191330826082134,6.187474737267583,0.2598029824862118,0.3929208804283164,0.6181550044630729,0.0007604448686493,0.5810055865921788,0.0976318736154203,0.2124785266774454,0.4190645210185933,0.5903456885533395,0.0007702572570886,0.5448901623686724,0.1013375596812645
100,10,500,7,13,0.8922951204433197,0.4548796438851062,0.8201815680257157,0.0629580498237154,198259,0.0125698324022346,0.9446901005099124,0.4196662823887148,0.807081919588367,0.0635806404777385,158413,0.0133715377268385,6.2958049823715445,6.358064047773857,0.2594787626286827,0.3926580886618009,0.6178368711608739,0.0007614426914682,0.5772811918063314,0.1018364390498645,0.2122111190369477,0.4171311697903581,0.589285183091888,0.0007712511687685,0.5506208213944603,0.106459981521559
100,10,500,7,14,0.8922343561467946,0.4551320350035528,0.8207681073802547,0.0624051162814156,198269,0.0125698324022346,0.9452932131026164,0.4193444431324207,0.8082726084752041,0.0621881434508545,158326,0.0133715377268385,6.240511628141565,6.218814345085456,0.2610292077934523,0.392270097695555,0.6165513776712911,0.0007628710838749,0.5749534450651769,0.0988145544818337,0.2127066937837121,0.4184151687025504,0.590640496481278,0.0007726626183622,0.5420248328557784,0.1011410847758665
100,10,500,7,15,0.8915305972494149,0.455115459148344,0.8203108866442407,0.0625910412854903,198399,0.0125698324022346,0.9444946995685398,0.4194396240107896,0.8074578065801067,0.0628858878026276,158239,0.0133715377268385,6.259104128549035,6.288588780262767,0.2613470834026381,0.3926884712120524,0.6190430271354458,0.0007618940302105,0.5721601489757915,0.1017354691597633,0.2137589342703126,0.4182154841726755,0.5908943089430895,0.0007711144977658,0.5472779369627507,0.1067820807693277
100,10,500,7,16,0.8919051560630312,0.4552367265603402,0.8200869699089695,0.0628013476164538,198276,0.0125698324022346,0.9452854538248588,0.4191620637017922,0.8069089480391728,0.0628394741667667,158149,0.0128939828080229,6.280134761645383,6.283947416676678,0.261070427081442,0.3919536403800762,0.6171084151147516,0.0007620508605131,0.5791433891992551,0.1014545237187997,0.2127234443467869,0.4178654307014271,0.5912252541466024,0.0007714830305465,0.55396370582617,0.1048657966901711
100,10,500,7,17,0.8914226086754544,0.4549647342785625,0.8209698417154879,0.0622341897979213,198685,0.0135009310986964,0.9459930601335428,0.4184236778321786,0.8079556536047592,0.0621271550908701,158578,0.0124282982791587,6.223418979792133,6.212715509087011,0.2614439942622744,0.3929587034753504,0.6239484069689094,0.0007610770416259,0.5800744878957169,0.0980835062515551,0.212709203042036,0.418683550051079,0.5944087041593786,0.0007716091853657,0.5458891013384322,0.1012676731034991
100,10,500,7,18,0.8922556221719143,0.4549513162622743,0.8206595174393319,0.0632901805549945,198056,0.0125698324022346,0.9461077974353708,0.4185432461476273,0.8076995311631712,0.063022259894868,158087,0.0133715377268385,6.329018055499455,6.302225989486801,0.2596033445086238,0.39238397220988,0.6191846895907889,0.0007619200126326,0.5833333333333334,0.0968847619935346,0.2118580275417966,0.4185986197473543,0.5895736295234683,0.0007717897822288,0.5515759312320917,0.1019384265372958
100,10,500,7,19,0.8908813727165265,0.4553948197966564,0.8206420928767458,0.063030034445944,198572,0.0125698324022346,0.9439677738824596,0.4196456344514319,0.807861343245449,0.0627951016285822,158420,0.0133715377268385,6.303003444594404,6.279510162858225,0.2602733517313619,0.3931420341236428,0.6237834491031867,0.0007614734007355,0.5810055865921788,0.1009906523081072,0.2135399570761267,0.4188170685519505,0.5937804841999468,0.0007707450273184,0.5506208213944603,0.1038896726196176
100,10,1000,7,0,0.8999221396563519,0.4496135002753744,0.8193022789917899,0.0621500531436098,196637,0.0125698324022346,0.9555880925372574,0.4120024250436175,0.8061012016707347,0.0619506898313745,156560,0.0129001433349259,6.2150053143609805,6.195068983137456,0.2529686681550268,0.3963292767892106,0.6234646080855598,0.000756201512691,0.5796089385474861,0.0948160812689598,0.2030595298926929,0.4231349003576903,0.5956717309930484,0.0007648483556669,0.5508838987099857,0.096781296910462
100,10,1000,7,1,0.899775681668636,0.4498790304619105,0.8199797086455738,0.0619985560447829,196682,0.0125698324022346,0.954825479144524,0.4123414252426259,0.8065418456214862,0.0619879533447334,156724,0.0129001433349259,6.199855604478295,6.198795334473341,0.2539378285760771,0.3961826705036556,0.6167384122534788,0.0007575083129564,0.5772811918063314,0.0949684103022944,0.2043783976927592,0.4237832112503509,0.591146077237676,0.0007659269742864,0.5441949354992833,0.0996915627377021
100,10,1000,7,2,0.8980173511757343,0.4507114328461235,0.8200791963505479,0.0617547714971716,196584,0.0125698324022346,0.9535817561309088,0.4132132956035323,0.8069990981186007,0.0613428735705615,156530,0.0129001433349259,6.175477149717169,6.134287357056156,0.2544510234810564,0.3965683880682049,0.6196197597009256,0.0007569792506197,0.574487895716946,0.0946307512542285,0.2053536063374433,0.4232287740369258,0.5909034345445495,0.0007657722983907,0.544672718585762,0.0963432971935306
100,10,1000,7,3,0.8982161957258858,0.4511830845827943,0.8193773800486962,0.0624589521273616,196417,0.0125698324022346,0.9546524554556424,0.4129143758789878,0.80614120695714,0.062198847151749,156482,0.0124223602484472,6.245895212736168,6.219884715174908,0.2543517109007876,0.3944923300936273,0.6174062731439781,0.0007576746807289,0.5786778398510242,0.0955600239224332,0.2044644112421876,0.4224639255633236,0.5883419284263166,0.0007663114276656,0.5441949354992833,0.0975309955205711
100,10,1000,7,4,0.9002016587939022,0.4490856280432814,0.8190962514802751,0.0619773082424322,196459,0.0125698324022346,0.9558334271253516,0.4113455404149809,0.8058268968139783,0.0612320530596857,156503,0.0129001433349259,6.1977308242432265,6.123205305968575,0.2526226846313989,0.3971871993647529,0.6231714688696353,0.0007566403180942,0.5796089385474861,0.0958266543681552,0.2036893861459524,0.4241516137070855,0.5930735930735931,0.0007654218396765,0.5461060678451983,0.0991302799806592
100,10,1000,7,5,0.8983824273063022,0.4505320858976463,0.8200969941032146,0.061872194913443,196518,0.0125698324022346,0.9538782414224396,0.4130379381012481,0.807056254530456,0.0617058267072328,156452,0.0124223602484472,6.187219491344305,6.170582670723289,0.2548010869233352,0.3953073000946478,0.6206538453857369,0.0007565205031756,0.5791433891992551,0.0961702142539543,0.2051044409787027,0.4222381305448316,0.5935990526348593,0.0007657009838972,0.5480172001911132,0.0980392495194504
100,10,1000,7,6,0.8983477674139516,0.4501322834874317,0.8197960015455342,0.0616902926640769,196676,0.0125698324022346,0.9541980090925308,0.4122874391581095,0.806499921127743,0.0617354141779364,156539,0.0124223602484472,6.169029266407696,6.173541417793649,0.2551963635624072,0.3970845451402306,0.6221434121655277,0.0007572246568656,0.5768156424581006,0.0957730004546923,0.2057059263186809,0.4246673352966353,0.5942672587807832,0.000765351325403,0.5537505972288581,0.0984496601699458
100,10,1000,7,7,0.8991368056772774,0.4500841971768105,0.8194888126760586,0.0611092457495192,196566,0.0125698324022346,0.9553369727249408,0.4119138591803629,0.8064392546100987,0.0608167255579765,156503,0.0129001433349259,6.110924574951924,6.0816725557976525,0.2546879928370115,0.3958924737747118,0.6187803367756627,0.0007569265797054,0.5730912476722533,0.0948931199838098,0.2046733928423097,0.4237937930902283,0.5902847152847153,0.000765101503679,0.5422838031533683,0.098238506346644
100,10,1000,7,8,0.8991906443797608,0.4499195742982881,0.8194757376735455,0.0618298294226809,196685,0.0125698324022346,0.9537923404432233,0.4131547116835352,0.8059356944221644,0.0619500670455271,156610,0.0129001433349259,6.182982942268094,6.195006704552711,0.2550270737473625,0.3969443526450924,0.6193979266347688,0.0007569420973299,0.5772811918063314,0.0934006451364038,0.2056190537002745,0.4230317348828299,0.592106080367679,0.0007657688958009,0.5437171524128046,0.095294103877752
100,10,1000,7,9,0.898613489547759,0.4500028270100329,0.8202053709090985,0.0615701010511349,196930,0.0125698324022346,0.9535532097318432,0.4126496086577449,0.8069072428885832,0.0618005114437124,156811,0.0129001433349259,6.157010105113492,6.180051144371249,0.2544457421418778,0.3972426750622048,0.6236728666081265,0.0007570195565419,0.5875232774674115,0.095778573468107,0.2048963401802169,0.4240199985970372,0.599035169623405,0.0007652765129323,0.557572861920688,0.1011263241780982
100,10,1000,7,10,0.8998648935249121,0.4494061000370114,0.8204744180579269,0.0622102343571083,196495,0.0125698324022346,0.9561816970154268,0.4112258043266963,0.8069596626164958,0.0622240397702221,156499,0.0133779264214046,6.2210234357108325,6.222403977022218,0.252769790579913,0.3972772844092725,0.6249697994684706,0.0007565533028318,0.5740223463687151,0.0965454638238761,0.2031258985680419,0.4246672502699697,0.597250621284092,0.0007652364840714,0.5513616817964644,0.1007809268675457
100,10,1000,7,11,0.8997474302987348,0.449527105072187,0.8193888823790713,0.0618079866482129,196528,0.0125698324022346,0.9550537159000212,0.4120034327228639,0.8063703331538048,0.0618159513906193,156513,0.0124223602484472,6.180798664821298,6.181595139061931,0.254818651795164,0.3967119189123178,0.6179236805846762,0.0007578299938341,0.5791433891992551,0.0966656660739967,0.2041811223348859,0.4234408643371477,0.5958631911631255,0.0007661489786606,0.5475394171046345,0.0998456903067804
100,10,1000,7,12,0.9009407353823684,0.448495059190328,0.8203503986818822,0.0610038178222653,196709,0.0125698324022346,0.955845510811528,0.4110457586430482,0.8071831807800505,0.0612066322620203,156568,0.0129001433349259,6.100381782226537,6.1206632262020335,0.2528455739188344,0.3978414815793888,0.6236805597442547,0.0007564176621555,0.5768156424581006,0.0931612241091182,0.2037517244903173,0.4254700832864953,0.5979436381304661,0.0007642316330403,0.5461060678451983,0.0975454267055325
100,10,1000,7,13,0.8996455987591678,0.4495235149146179,0.819209241683234,0.0619392509104225,196612,0.0125698324022346,0.9542106544677516,0.4125297694817413,0.8061340635775082,0.0620180276798937,156648,0.0129001433349259,6.193925091042256,6.201802767989378,0.2540231521982382,0.3971578540475657,0.6190132948902771,0.0007566239654461,0.5772811918063314,0.0986551225882647,0.2041072978908125,0.4240590368214085,0.5931254495980984,0.0007647953402501,0.5499283325370282,0.102084902485537
100,10,1000,7,14,0.8996588733365887,0.4494842991951383,0.8204030751015253,0.0614744509211503,196602,0.0125698324022346,0.956497486870743,0.4111167716273093,0.8073496299063293,0.0613845701802572,156554,0.0129001433349259,6.147445092115034,6.138457018025729,0.2547685171056245,0.3972543514308094,0.6204480114997605,0.000757844832695,0.5702979515828678,0.0990782345086891,0.2035208298733983,0.425188752762625,0.5896051723055677,0.0007662205416405,0.5427615862398472,0.1042063378159574
100,10,1000,7,15,0.8988489136870488,0.4499509679246891,0.8195059775398472,0.0620347015987958,196648,0.0125698324022346,0.954445413750324,0.4122724269760928,0.8061086434258555,0.0620115408947708,156487,0.0129001433349259,6.203470159879582,6.201154089477081,0.2551411659411741,0.3968308856433831,0.6198553006597174,0.0007569231678714,0.5730912476722533,0.0964376096230861,0.2047773936493127,0.4238754656936359,0.5940708378842253,0.0007652324041381,0.5470616340181558,0.1011812816667711
100,10,1000,7,16,0.8995197755443036,0.4494232058520086,0.8199517844337507,0.0609362204283846,196599,0.0125698324022346,0.9544065055430856,0.4122758163395095,0.8062491170327735,0.0607943142743925,156462,0.0124223602484472,6.093622042838468,6.079431427439251,0.2549911240647206,0.3974333541879664,0.6183798448066067,0.0007576082527026,0.5777467411545624,0.0941026262771079,0.2056537689662665,0.4244992394319387,0.5912919165863816,0.0007655557245538,0.5499283325370282,0.0955648303144678
100,10,1000,7,17,0.8999764585496738,0.4490855961322775,0.8201816633058108,0.061341781663468,196962,0.0135009310986964,0.956603620873763,0.4107595421377886,0.8066606943385696,0.0611708909174358,156872,0.0119560019129603,6.134178166346808,6.117089091743587,0.2540540814979539,0.3976553853027487,0.6234736905213933,0.0007565482480654,0.5791433891992551,0.0962480178922142,0.2037648528736804,0.4250854199602223,0.5960581886438292,0.0007655261298001,0.5451936872309899,0.1000347378315419
100,10,1000,7,18,0.9004520922772853,0.4488252670193008,0.8201890683560794,0.0619703255032703,196465,0.0125698324022346,0.956048027000667,0.4110559415528033,0.8067140645991667,0.0611522060186813,156413,0.0129001433349259,6.19703255032703,6.115220601868131,0.2525742498663884,0.3979487440511032,0.6225867558744106,0.000757379371158,0.5824022346368715,0.0950793241967238,0.2034421691291644,0.4252843433729933,0.5939788190188869,0.0007659688312469,0.5547061634018156,0.0956461181802228
100,10,1000,7,19,0.8988817758276854,0.4497035859081725,0.8203342674191265,0.0619259996749024,196864,0.0125698324022346,0.9534463525795448,0.4129788900690663,0.8070679504623395,0.0630094523745742,156786,0.0129001433349259,6.1925999674902465,6.300945237457426,0.2537792587776333,0.397396171976593,0.6273618895116093,0.0007565707705992,0.5833333333333334,0.0978212467967466,0.2039467809625859,0.4244001377674027,0.5995746810107581,0.0007646517264841,0.555661729574773,0.103934933859722
100,10,2000,7,0,0.9015806884243538,0.4482327377459147,0.8191376284745153,0.0618743756498338,196204,0.0125698324022346,0.9576097322900996,0.4103907473997308,0.8059289585540982,0.0619204364977714,156152,0.0129001433349259,6.187437564983385,6.1920436497771405,0.2517787608815314,0.397795151984669,0.6228744939271255,0.0007548773600129,0.5749534450651769,0.0948736690742448,0.2010925252318254,0.4245030483119012,0.5975605872424445,0.0007632987703193,0.5475394171046345,0.0964967116175047
100,10,2000,7,1,0.9013355990986942,0.4485245974296864,0.8197564879513007,0.0615906935962399,196166,0.0125698324022346,0.9571142039731744,0.4104640802257885,0.8064511611393945,0.0613794207073131,156225,0.0129001433349259,6.159069359623992,6.137942070731317,0.2529592284085927,0.3974694901257098,0.6182136955382693,0.0007559023681226,0.5758845437616388,0.091973079504063,0.2034373499759961,0.4250856136981917,0.5921590837581021,0.0007638541298111,0.5422838031533683,0.0942366253129571
100,10,2000,7,2,0.9008355080813448,0.4487083882440074,0.8203124261937882,0.0607862132259215,196130,0.0125698324022346,0.956817614657127,0.4107189712947973,0.806958166640483,0.0605163877199387,156123,0.0129001433349259,6.078621322592158,6.0516387719938765,0.2523428338347014,0.3982970478764085,0.6190495433605431,0.0007556399942536,0.5749534450651769,0.0956851435373314,0.2024365404200534,0.425132747897491,0.5929441544059484,0.0007642092560203,0.546583850931677,0.0975523663554874
100,10,2000,7,3,0.9003182631575883,0.449340932317021,0.8196610156022771,0.061921621042536,196022,0.0125698324022346,0.9570521437215296,0.4109227610169339,0.8064625940666802,0.0612824441182315,155999,0.0124223602484472,6.192162104253604,6.128244411823153,0.2535276652620624,0.3958943383905888,0.6192526711873956,0.0007562676443902,0.5782122905027933,0.0925438216425899,0.2030077115878948,0.4242463092712132,0.5914932583914869,0.0007641012326532,0.5422838031533683,0.0961826617344255
100,10,2000,7,4,0.9021029642885672,0.4477670025415671,0.8192447394222541,0.0611607689482062,196008,0.0125698324022346,0.9585236639308972,0.4094448417303233,0.8057743883953902,0.0605511054149311,156050,0.0129001433349259,6.11607689482062,6.055110541493111,0.2522550099995918,0.3981776254030448,0.6203988350457083,0.0007553677419965,0.5786778398510242,0.0972038443302183,0.202031400192246,0.4257161166292855,0.5923176959431599,0.0007635366563615,0.5470616340181558,0.09964321510991
100,10,2000,7,5,0.9006610795686115,0.4490055028575977,0.8201027460529154,0.0615998939251764,196088,0.0125698324022346,0.9564417367479916,0.4113790865840286,0.807066447005847,0.0616519571083379,156021,0.0124223602484472,6.159989392517645,6.165195710833798,0.2523560850230509,0.3964597527640651,0.6220394470940102,0.0007552586122277,0.5782122905027933,0.0951983244243432,0.201857442267387,0.4236032328981355,0.5939226519337016,0.0007640440850235,0.5499283325370282,0.0995190433506563
100,10,2000,7,6,0.9007534961332326,0.4485016239783151,0.8196770802852338,0.0613395022725883,196252,0.0125698324022346,0.957055706000434,0.4102137790721964,0.8064710567027846,0.0610287148748687,156156,0.0124223602484472,6.13395022725883,6.102871487486873,0.2531999673888673,0.3985386136192242,0.6207763981405083,0.0007560578391187,0.574487895716946,0.0927875043860162,0.2032646840339148,0.4265798304259843,0.5953813679468196,0.0007637675290377,0.5499283325370282,0.0951906388164659
100,10,2000,7,7,0.9007194566755403,0.4489180704675967,0.8194043872807574,0.0611418723933637,196134,0.0125698324022346,0.9579447431347456,0.410112623406196,0.806196347019601,0.0603513986125968,156119,0.0129001433349259,6.114187239336372,6.03513986125968,0.2525569253673509,0.3972182283540844,0.6210760068638337,0.0007554653665798,0.5786778398510242,0.0952541638332628,0.2018716491906814,0.4254510982007315,0.5926513516943774,0.0007634445762179,0.544672718585762,0.0973972574028828
100,10,2000,7,8,0.9017877094238468,0.4482185111704407,0.8196216560459527,0.0614821759778244,196252,0.0125698324022346,0.9574563842041884,0.4107716842852901,0.8061522867605727,0.0612884013141462,156147,0.0129001433349259,6.148217597782443,6.128840131414629,0.2529400974257587,0.3978812954772435,0.6194802578565672,0.0007556299500047,0.5772811918063314,0.0949790099552596,0.20270642407475,0.4246575342465753,0.5927903450018956,0.0007637173576641,0.5413282369804109,0.096654381839671
100,10,2000,7,9,0.9005268679608585,0.4488401593367127,0.8201962801481628,0.0611732852904204,196491,0.0125698324022346,0.9563355959139924,0.4107809702451872,0.806773995844498,0.0612447167000236,156389,0.0129001433349259,6.117328529042043,6.124471670002366,0.2531566331282349,0.3981251049666397,0.6209918983575579,0.0007558469627283,0.5879888268156425,0.0977491254466742,0.2028723247798758,0.425125808081131,0.5975037034702304,0.0007635851850391,0.5585284280936454,0.0975970677257639
100,10,2000,7,10,0.901272987981812,0.4482508793626799,0.8203964137987321,0.0616362532585794,196021,0.0125698324022346,0.9585458025021892,0.4094702962567629,0.8066955382446002,0.0615390528905289,156096,0.0133779264214046,6.163625325857944,6.15390528905289,0.2519372924329536,0.3982226394110835,0.62537207654146,0.0007550369691222,0.5735567970204841,0.0925394506516765,0.2016131098810988,0.4259942599425994,0.5968034063105716,0.0007635248623378,0.5480172001911132,0.0944592816458164
100,10,2000,7,11,0.9011339786868926,0.4485555023532163,0.8190685596007474,0.061838582175188,196075,0.0125698324022346,0.9571328478954908,0.4104865587928633,0.8059355042706227,0.061441737057308,156034,0.0124223602484472,6.183858217518807,6.144173705730802,0.2527043223256407,0.3973428534999362,0.620496881874508,0.0007560361964524,0.5805400372439479,0.0966395494032887,0.2023725598267044,0.4246318110155478,0.5970801532761187,0.0007636960466819,0.5441949354992833,0.0996649035003781
100,10,2000,7,12,0.9031493139971548,0.4470047346654037,0.8202119232479256,0.0608445248592033,196205,0.0125698324022346,0.9586529140847954,0.4091250940407812,0.8071521052908784,0.0603373203903388,156172,0.0129001433349259,6.084452485920338,6.033732039033886,0.2512678066308198,0.3989551744349022,0.6230628803245436,0.0007546479290929,0.5758845437616388,0.0934487260364521,0.2021489127372384,0.426792254693543,0.5947735191637631,0.0007628572730061,0.5451505016722408,0.095692033296792
100,10,2000,7,13,0.901205440863426,0.4484817739812811,0.819111194967573,0.0617173797772973,196136,0.0125698324022346,0.9565582841003836,0.4108835904171698,0.8059605936558937,0.0615712611960843,156193,0.0129001433349259,6.171737977729739,6.157126119608433,0.2522076518334217,0.3979534608638904,0.617886671922696,0.0007552574416701,0.5758845437616388,0.0973366131792151,0.2019616756192659,0.4254223940893638,0.5920431130131558,0.0007633139824478,0.5461060678451983,0.0996939518200054
100,10,2000,7,14,0.9020363785050652,0.4478497058542463,0.8197017308201245,0.0610523203653861,196176,0.0125698324022346,0.9593816750228542,0.4090520918615987,0.8068203622417813,0.0609014178311154,156154,0.0129001433349259,6.105232036538618,6.090141783111544,0.2534407878639589,0.3984075524019248,0.617228826002132,0.0007564987144491,0.5721601489757915,0.0940717015163951,0.2016534959078858,0.4265340625280172,0.5884594620343612,0.0007647977599242,0.5422838031533683,0.1003642258128138
100,10,2000,7,15,0.899695085600148,0.4493153819128547,0.8195942364762695,0.0620413405088062,196224,0.0125698324022346,0.9564480914944956,0.4106849962556949,0.8061426174668187,0.0618351234267257,156044,0.0129001433349259,6.204134050880626,6.1835123426725795,0.2538935094585779,0.397647586431833,0.6216579686872742,0.0007557909176607,0.5726256983240223,0.0964814288069937,0.2034938863397503,0.4254953730998949,0.5963343200856585,0.0007633546312737,0.5451505016722408,0.0986991762486706
100,10,2000,7,16,0.9008572550735932,0.4484284768835715,0.8196276749595833,0.0612716114826292,196192,0.0125698324022346,0.9568450190934916,0.4103501865490563,0.8059682758707317,0.0611486594701944,156095,0.0124223602484472,6.127161148262926,6.114865947019443,0.2535118659272549,0.3982476349698254,0.6190964473128657,0.0007564304596635,0.5777467411545624,0.0925981312046899,0.2030622377398379,0.4260098017233095,0.5946304066630912,0.0007641837599384,0.5484949832775919,0.094558919067737
100,10,2000,7,17,0.9015982755127756,0.4477927989781165,0.8202982826141118,0.0611825192802056,196445,0.0135009310986964,0.9589472863134942,0.4089585247826861,0.8067939215930982,0.0609650020466639,156352,0.0119560019129603,6.118251928020565,6.096500204666394,0.2525134261498129,0.3987935554480898,0.6240499949601854,0.0007547560693136,0.5777467411545624,0.0957040480730322,0.2014684813753581,0.4267742018010643,0.5958095238095238,0.0007631415804359,0.5466284074605452,0.0990681294312222
100,10,2000,7,18,0.9023660241679706,0.4474305835716947,0.8198884644022181,0.0617116450828075,196057,0.0125698324022346,0.958994293507024,0.4089585545148214,0.8062778546544151,0.0610398188942545,155931,0.0129001433349259,6.1711645082807545,6.103981889425452,0.251176953641033,0.3989503052683658,0.6230277185501066,0.0007560134683597,0.5819366852886406,0.0964295232898962,0.2013582930911749,0.4269131859604568,0.5933817440601312,0.0007636854892977,0.5537505972288581,0.0972948401028481
100,10,2000,7,19,0.9008088981109972,0.448269665101725,0.8201843192642099,0.061285888821014,196440,0.0125698324022346,0.9559522540965604,0.4110558526960722,0.8069700914010219,0.0617910714970779,156398,0.0129001433349259,6.128588882101405,6.1791071497077965,0.2529780085522297,0.3986815312563632,0.6268035013582856,0.0007549157713379,0.5805400372439479,0.0969743673072608,0.2023874985613626,0.4260668294990984,0.600164281426721,0.0007632079372202,0.5523172479694218,0.1000427409580424
100,10,1250,7,0,0.9004477058202044,0.4489820039830891,0.818965937052944,0.0620304578862715,196468,0.0125698324022346,0.9560377620078988,0.4115010744758542,0.805621210590922,0.0620359771577661,156377,0.0129001433349259,6.203045788627155,6.203597715776617,0.2525500335932569,0.3973522405684386,0.6249949615059052,0.0007556671512461,0.5782122905027933,0.0949479759197739,0.2026384954309137,0.4237387851154581,0.5972923504165615,0.000764066499363,0.5484949832775919,0.0972731930974085
100,10,1250,7,1,0.9006243404210433,0.4492700563912215,0.8199469077396879,0.0619304122924027,196414,0.0125698324022346,0.9562451026054052,0.411314656564511,0.8066720313762901,0.0613496932515337,156480,0.0129001433349259,6.193041229240278,6.134969325153374,0.2531693260154571,0.3966214220982211,0.6169006153722398,0.0007568023996731,0.5772811918063314,0.0946305327046828,0.2036554192229039,0.4242331288343558,0.5903414083092757,0.0007650547684511,0.5422838031533683,0.0976906980913765
100,10,1250,7,2,0.8989924781497401,0.4499653316405935,0.8201882469237021,0.0614066368480575,196298,0.0125698324022346,0.9547790123353918,0.4122771604607446,0.8070751317892791,0.0610522948984487,156325,0.0129001433349259,6.140663684805755,6.1052294898448745,0.2537213827955455,0.3974212676644693,0.6198172874209417,0.0007558765300774,0.5740223463687151,0.0935498052013262,0.2041260195106349,0.4239437070206301,0.5920714509558133,0.0007649952443901,0.5432393693263259,0.0957116704918559
100,10,1250,7,3,0.8994543038328601,0.4500241751470496,0.8194730281178584,0.0623155534035016,196195,0.0125698324022346,0.9554787697817017,0.4121218251554093,0.8064908050260622,0.0619863276749366,156228,0.0124223602484472,6.231555340350162,6.198632767493663,0.2535844440480134,0.3956675756262902,0.6202162727126548,0.0007565614355785,0.5819366852886406,0.0966372546330591,0.2039583173310802,0.4235220319020918,0.590760733115742,0.0007650736962477,0.5427615862398472,0.0995553972900771
100,10,1250,7,4,0.9009623322801088,0.4485533359175185,0.819291467921315,0.0616412524972479,196216,0.0125698324022346,0.956897228879598,0.4106331873213413,0.8059798918688562,0.0609959037378392,156240,0.0129001433349259,6.164125249724793,6.099590373783922,0.2529100583030945,0.3973631100419945,0.6204332493702771,0.000756018883779,0.5805400372439479,0.0956711563664083,0.202816180235535,0.4244879672299027,0.5930005049229993,0.0007641930721057,0.5475394171046345,0.1008770796502956
100,10,1250,7,5,0.9000899845356474,0.4492586860059109,0.8203667440303737,0.0614954328013001,196291,0.0125698324022346,0.9554382095117404,0.4119200134087404,0.8070634228826556,0.0615844601516082,156192,0.0124223602484472,6.149543280130011,6.158446015160828,0.2533381561049666,0.3963146552822085,0.6228885135135135,0.0007559949635338,0.5763500931098696,0.0953778628761142,0.2034547223929522,0.4230690432288465,0.5948454905909749,0.0007647694161448,0.5484949832775919,0.0990885021823603
100,10,1250,7,6,0.8996267799535307,0.4492221068727883,0.8196429331754593,0.0615549876289289,196426,0.0125698324022346,0.955093481971352,0.4116359187558825,0.8063796627709824,0.0614585532165313,156333,0.0124223602484472,6.155498762892896,6.145855321653137,0.2540345982711046,0.3978495718489405,0.6207138419607607,0.0007567081711233,0.5735567970204841,0.0956172839033997,0.2045057665368156,0.425700268017629,0.5956960995902537,0.00076452398746,0.546583850931677,0.0978938470227509
100,10,1250,7,7,0.8995935890181321,0.4497376502474396,0.8195899772858657,0.060918978369791,196392,0.0125698324022346,0.9567522767965384,0.4109537523969258,0.8065465731733187,0.0605510103562313,156331,0.0129001433349259,6.091897836979103,6.055101035623133,0.2537221475416514,0.3963959835431178,0.6217263039595416,0.0007563816557664,0.5772811918063314,0.0944102347626437,0.2026149644024537,0.424528724309318,0.5944119968429361,0.0007644225143875,0.5437171524128046,0.0973750764759818
100,10,1250,7,8,0.9004066162094054,0.4490932780727852,0.8195772781173553,0.0617708736282753,196468,0.0125698324022346,0.9559429378387796,0.4117435087769266,0.8061309337302879,0.0615398390831062,156354,0.0129001433349259,6.1770873628275345,6.153983908310629,0.253649449274182,0.3974743978663192,0.6199983946703054,0.0007563175745404,0.5786778398510242,0.0932276631710031,0.2035573122529644,0.4241209051255484,0.5924843686178402,0.0007647236005611,0.5456282847587195,0.0960674692801365
100,10,1250,7,9,0.8991221259297224,0.4495914931790608,0.8203647958863197,0.0614767638672162,196741,0.0125698324022346,0.9542063774394358,0.4121586605534533,0.8069953776235141,0.0616199094444692,156589,0.0129001433349259,6.147676386721629,6.161990944446928,0.2542835504546586,0.397690364489354,0.6224914048133046,0.0007562436986014,0.5875232774674115,0.0952753631391932,0.2044460338848833,0.4246658449827254,0.598425688761167,0.0007641083131674,0.5580506450071667,0.0984547520226573
100,10,1250,7,10,0.9006750574879948,0.4488358273743623,0.8203766874988061,0.0621056922998522,196230,0.0125698324022346,0.9574195948699284,0.4102951973647131,0.8068671247218827,0.0618261164470779,156277,0.0133779264214046,6.2105692299852215,6.182611644707794,0.2525454823421495,0.397462161748968,0.6246342595395201,0.0007557913416339,0.5749534450651769,0.0945197280850262,0.2025697959392617,0.4253089066209359,0.5962662286382159,0.0007642224536093,0.5504061156235069,0.0977726557511644
100,10,1250,7,11,0.9006616389650554,0.4488602411200093,0.8192996907041246,0.0619241875601595,196353,0.0125698324022346,0.9563911155088192,0.4110094904685315,0.8062831850258708,0.0615663282940129,156238,0.0124223602484472,6.192418756015951,6.156632829401298,0.2536503134660535,0.3969738175632661,0.6198172874209417,0.0007569007031285,0.5772811918063314,0.0979940102126017,0.2032924128573074,0.4240197647179303,0.5978842642150998,0.0007645841218539,0.5427615862398472,0.1014616716846486
100,10,1250,7,12,0.9027173259649708,0.4474347476639011,0.8204908542738445,0.0608477457577084,196474,0.0125698324022346,0.9575177853603072,0.4100261352070239,0.8071208492633051,0.0606386107594532,156402,0.0129001433349259,6.084774575770839,6.06386107594532,0.2516719769536936,0.3986125390636929,0.6214128258539446,0.0007556770058127,0.5768156424581006,0.0913690085598207,0.2028554622063656,0.4262093835117198,0.5936268793141488,0.0007638643615505,0.5484949832775919,0.0945911555124168
100,10,1250,7,13,0.8999386763846464,0.4492229858095597,0.8192840783011222,0.0621190441030445,196381,0.0125698324022346,0.9550044176199636,0.4118952386122635,0.8059648227250276,0.0623969108414632,156418,0.0129001433349259,6.211904410304459,6.239691084146326,0.2537261751391428,0.3975537348317811,0.619583759808939,0.0007557764469742,0.5758845437616388,0.0968986398896849,0.2029242158830825,0.4246506156580444,0.5944677231341168,0.0007640024601139,0.5470616340181558,0.0991431844871608
100,10,1250,7,14,0.9005599012151129,0.4489417952223994,0.8199071972103668,0.0615524853719273,196369,0.0125698324022346,0.957604471535237,0.4103529478406988,0.8070389848071673,0.0613829222593826,156379,0.0129001433349259,6.155248537192734,6.138292225938265,0.2541083368556137,0.3975372894907037,0.618429227038618,0.0007569763759165,0.5702979515828678,0.0954122844295578,0.2028085612518305,0.4255622558016101,0.589594828945294,0.000765261223649,0.5413282369804109,0.0990429616451191
100,10,1250,7,15,0.8985699251698642,0.4501701979004596,0.8193425298316441,0.0621926761481059,196454,0.0125698324022346,0.954700930009864,0.4120100017222393,0.8063004685037223,0.0618833736419824,156294,0.0129001433349259,6.219267614810592,6.188337364198242,0.2545939507467397,0.3968918932676352,0.6213611644273832,0.000756490773138,0.5726256983240223,0.0992861844013977,0.2044224346424047,0.4243732964797113,0.5961502347417841,0.0007643264815425,0.5470616340181558,0.0999681087606086
100,10,1250,7,16,0.900234682146198,0.4489566307949237,0.8196567854446035,0.0613211149293623,196425,0.0125698324022346,0.9558940732179172,0.4111225900615402,0.8059514523296484,0.0613528331701949,156309,0.0124223602484472,6.132111492936235,6.135283317019494,0.2541020745831742,0.3974952271859488,0.6183482929956724,0.0007571563337636,0.5763500931098696,0.0937625631840395,0.2041661068780428,0.4249147521895732,0.5934258766020117,0.0007647746599399,0.5508838987099857,0.0973521969685737
100,10,1250,7,17,0.9008775729162848,0.4483467563316001,0.8202638774247426,0.0611480251953452,196703,0.0135009310986964,0.957820519776872,0.4098136824974815,0.8068950524403009,0.0609026540762448,156627,0.0119560019129603,6.114802519534527,6.090265407624484,0.2531278119804985,0.3980925557820673,0.6241690265308991,0.0007555585540582,0.5782122905027933,0.0958916728579931,0.2023980539753682,0.4257567341518384,0.5970789564997949,0.0007644081458261,0.5451936872309899,0.0976636131881602
100,10,1250,7,18,0.9008023727775952,0.4486281603431578,0.8199978210068738,0.0614375687905099,196248,0.0125698324022346,0.956940797024213,0.4104906903166965,0.8064761798230574,0.0610009926670722,156145,0.0129001433349259,6.143756879050997,6.100099266707227,0.2533834739717092,0.3979709347356406,0.6195551622893456,0.0007568481941563,0.5791433891992551,0.0930592707460614,0.2032213647571167,0.425674853501553,0.5910752552628261,0.0007646735491176,0.5537505972288581,0.0953688950266482
100,10,1250,7,19,0.9002700124162856,0.4487770093501949,0.8198803995189118,0.0618287771540151,196656,0.0125698324022346,0.955126623625772,0.4116625824188302,0.8067575223267526,0.0622173968578362,156580,0.0129001433349259,6.1828777154015135,6.221739685783625,0.2527154015133024,0.3983809291351395,0.6261217755241659,0.000755942607195,0.5819366852886406,0.0980816485804168,0.2033018265423425,0.4255268872142036,0.5980900323563597,0.0007638139741212,0.5513616817964644,0.1025990434165702
100,10,1500,7,0,0.9007959031590308,0.4488252415331668,0.819235293683098,0.0618913743226174,196344,0.0125698324022346,0.956951745413852,0.4109459287607051,0.8059625274949086,0.0619316691090363,156269,0.0129001433349259,6.189137432261744,6.193166910903634,0.2525261785437803,0.3973943690665363,0.6223831229075067,0.0007552337866673,0.5758845437616388,0.094220424482226,0.2018442557385022,0.4240764323058316,0.5952697989981612,0.0007636732621937,0.5489727663640707,0.0958941170748358
100,10,1500,7,1,0.9007180418303217,0.4489642684626311,0.8197001219884461,0.0621377420570648,196338,0.0125698324022346,0.9563914945525468,0.4110213390678294,0.8064174995786357,0.0616242557572889,156367,0.0129001433349259,6.2137742057064855,6.162425575728895,0.2532978842608155,0.3969990526540965,0.6169870505911687,0.0007566060712931,0.5754189944134078,0.0968659667326067,0.2039816585340896,0.4245844711480043,0.5902307499372962,0.0007643611178657,0.5451505016722408,0.0989751426056071
100,10,1500,7,2,0.9000511292024783,0.4491473031542129,0.8204186699371003,0.0612566245413779,196240,0.0125698324022346,0.955927344075584,0.4113436561400013,0.806923183161395,0.0613555047779975,156237,0.0129001433349259,6.125662454137791,6.135550477799753,0.2530625764370159,0.3978648593558907,0.6206077203439319,0.0007559203408768,0.5758845437616388,0.0953171061024169,0.2030376927360356,0.4243681074265379,0.5946031145577202,0.0007646296327004,0.5461060678451983,0.0986193847233826
100,10,1500,7,3,0.8996290364783199,0.4499433455934079,0.8195201525344545,0.0618167169780533,196112,0.0125698324022346,0.9559584636824472,0.4118636020696407,0.8062695480293309,0.0615759128763613,156100,0.0124223602484472,6.181671697805335,6.157591287636131,0.2537784531288243,0.3955545810557233,0.6195422853583556,0.0007563767409966,0.5786778398510242,0.0933013143678951,0.2037540038436899,0.4233952594490711,0.5903288687668993,0.0007645390401504,0.5427615862398472,0.0960548747165186
100,10,1500,7,4,0.9016426270279256,0.4480831688729009,0.8190836860277347,0.0615789420007546,196106,0.0125698324022346,0.957659011980881,0.4099608751932429,0.8057767932261183,0.0607603530210454,156138,0.0129001433349259,6.157894200075469,6.076035302104549,0.2520626599900054,0.3978154671453193,0.6207440674880136,0.0007556997311271,0.5805400372439479,0.0965693949991274,0.202615634887087,0.4252071885127259,0.5922366923757745,0.000763706301817,0.5470616340181558,0.1002172869450971
100,10,1500,7,5,0.9001159995889352,0.4493844624127354,0.8200359358348445,0.0616262060459023,196199,0.0125698324022346,0.9556649844555508,0.4119131834729557,0.806985499579444,0.0616179927869986,156107,0.0124223602484472,6.162620604590238,6.161799278699866,0.2529625533259598,0.3961793892935234,0.6216679091696722,0.0007557683874284,0.5763500931098696,0.095412830803422,0.2029505403345141,0.4230239515204315,0.5930181175430844,0.0007643769154458,0.5499283325370282,0.0989722718870869
100,10,1500,7,6,0.8999902269481127,0.4489588911169934,0.8197316991153305,0.0614874365714984,196284,0.0125698324022346,0.9561672784766804,0.4106919294382632,0.8064564720484638,0.061607794435838,156214,0.0124223602484472,6.1487436571498435,6.1607794435838015,0.2539789284913696,0.3983972203541807,0.6221214795795554,0.0007561196413258,0.5768156424581006,0.0944077214428684,0.203669325412575,0.4265494769995007,0.5973409605230073,0.000763964905763,0.5532728141423794,0.0986261686345081
100,10,1500,7,7,0.9004126018447083,0.4491346885705838,0.819715360297236,0.0613381573583367,196240,0.0125698324022346,0.9575052999448054,0.4104834496225082,0.8067113718608474,0.0605212960710765,156226,0.0129001433349259,6.133815735833673,6.052129607107651,0.2527619241744802,0.3970393395841826,0.6211846296520301,0.0007559015924712,0.5754189944134078,0.0982250170823788,0.2019958265589594,0.4250444868331776,0.5924517539690085,0.0007639211340935,0.5408504538939322,0.0986734226545281
100,10,1500,7,8,0.901131252742829,0.4485004419142372,0.8194658588066872,0.0614620731800473,196365,0.0125698324022346,0.9566470105013208,0.4112403999926105,0.806016528419465,0.061494451484084,156258,0.0129001433349259,6.146207318004736,6.149445148408401,0.2534005550887378,0.3979018664222239,0.6202696999537772,0.0007559729052697,0.5786778398510242,0.0928469498624394,0.2031895966926493,0.424368672323977,0.592251968503937,0.0007642579242062,0.5418060200668896,0.0957466922576597
100,10,1500,7,9,0.8992608209242995,0.4495345943588718,0.820366500444012,0.0610839592943127,196631,0.0125698324022346,0.9551148431638372,0.4115857754270312,0.8070083032613862,0.0610490001916565,156530,0.0129001433349259,6.1083959294312695,6.1049000191656555,0.2541206625608373,0.3974398746891385,0.6231988472622478,0.0007561389818273,0.585195530726257,0.0965277613106766,0.2038522966843416,0.4245959241040056,0.5983891691999123,0.0007641830069253,0.555661729574773,0.0985211979696411
100,10,1500,7,10,0.9010800942358596,0.4485234073012089,0.8204156944342721,0.0618903636020619,196121,0.0125698324022346,0.9581835085509288,0.4097834011254813,0.8068599845421738,0.0617051523417989,156162,0.0133779264214046,6.1890363602062,6.17051523417989,0.2516609644046277,0.3977901397606579,0.6261447443066699,0.0007556215246261,0.5730912476722533,0.0945274865938976,0.2014702680549685,0.4258718510264981,0.5973237556417266,0.0007639350310938,0.5499283325370282,0.0982444906505628
100,10,1500,7,11,0.9010383983134672,0.4484867212506839,0.8191037979703494,0.0619919579653346,196219,0.0125698324022346,0.9565583055145596,0.4108378474908391,0.8060406965601487,0.0616014191573433,156149,0.0124223602484472,6.199195796533465,6.160141915734331,0.2528552280869844,0.3974385762846615,0.6215055930666129,0.0007564394350161,0.5791433891992551,0.0976023694267543,0.2027998898487982,0.4243639088306681,0.5972779233902801,0.0007641106334632,0.5427615862398472,0.0999491717137007
100,10,1500,7,12,0.902882174611774,0.4472581821750501,0.8203082511048349,0.0605440306335482,196386,0.0125698324022346,0.9581705575038127,0.4095551423584275,0.8069316146989155,0.0603743890267932,156308,0.0129001433349259,6.054403063354822,6.037438902679326,0.2517949344657969,0.3987300520403695,0.6215696980727619,0.0007554175359495,0.5740223463687151,0.0941319119162282,0.2025104281290785,0.4265168769352816,0.5930372148859544,0.0007634778821733,0.5432393693263259,0.0950321525799424
100,10,1500,7,13,0.9006933245137242,0.4487634917907544,0.8195248771282925,0.0617846404729144,196230,0.0125698324022346,0.9557873198532164,0.4112822057750848,0.8064828662041953,0.0614405017118356,156265,0.0129001433349259,6.178464047291444,6.144050171183566,0.2527391326504612,0.3977424450899455,0.6198810363947979,0.0007555381863911,0.5772811918063314,0.0972748729325622,0.2028733241608805,0.4253927622948197,0.5942211847832944,0.0007633368256392,0.546583850931677,0.0982493990548265
100,10,1500,7,14,0.9019320661082176,0.4479484858221848,0.819645510683158,0.0612927059183205,196255,0.0125698324022346,0.9588655662462686,0.4093712660316507,0.8067024956440093,0.0610155819878877,156206,0.0129001433349259,6.129270591832055,6.101558198788779,0.2530789024483452,0.3984000407632926,0.6180840782797777,0.0007566575335566,0.5716945996275605,0.0945576464312006,0.2018360370280271,0.4263728665992343,0.5891905607713778,0.0007648716792768,0.5403726708074534,0.0990215993745999
100,10,1500,7,15,0.899777391670738,0.4492350668858448,0.8195500377236747,0.0618925857256372,196324,0.0125698324022346,0.9559144251201124,0.4111006969481126,0.8060204062204619,0.0619544962635195,156163,0.0129001433349259,6.189258572563721,6.195449626351953,0.254064709358,0.3976538782828385,0.6208825357364823,0.0007560426799845,0.5716945996275605,0.0974886143882312,0.2034156618405128,0.4251775388536337,0.5958257256185859,0.000763784843029,0.5441949354992833,0.0981619540866883
100,10,1500,7,16,0.9006255899838365,0.4486379191665811,0.8193663596181011,0.0613266902029109,196293,0.0125698324022346,0.9566334961816464,0.4105427026096481,0.8057624108641992,0.0614791622647791,156183,0.0124223602484472,6.132669020291096,6.147916226477914,0.2540742665301361,0.3979408333460694,0.6186513744912077,0.0007566786881303,0.5800744878957169,0.0930971890922358,0.2033768079752597,0.4259682551878245,0.5950761868782269,0.0007643805355788,0.5513616817964644,0.0962782446358094
100,10,1500,7,17,0.900994809591617,0.448183741758945,0.8202356184384149,0.0614192616258069,196567,0.0135009310986964,0.9583534899648848,0.4093458944704155,0.8067402957328523,0.0610594807419433,156454,0.0119560019129603,6.141926162580698,6.105948074194332,0.2538371140628895,0.3984849949381127,0.6214726631393298,0.0007551955662257,0.5782122905027933,0.0944516499015488,0.202679381799123,0.426329783834226,0.5936613055818354,0.0007636135660347,0.5418460066953611,0.0964417283401876
100,10,1500,7,18,0.9014417052062808,0.4480813721204562,0.8200677483331853,0.0616442545903126,196174,0.0125698324022346,0.9579903787974484,0.4096428914294925,0.8063725886439604,0.0613773702187105,156051,0.0129001433349259,6.164425459031269,6.137737021871055,0.2518325568118099,0.3983708340554813,0.6234844037811469,0.000756647753446,0.5796089385474861,0.0959136370873333,0.2019275749594684,0.4262324496478715,0.5941417282853607,0.0007642896081523,0.5499283325370282,0.0985862603804109
100,10,1500,7,19,0.9004258749661093,0.4486305677715844,0.8200742117223172,0.0616444629899142,196514,0.0125698324022346,0.9549666343737918,0.4118134143645756,0.8070384500761894,0.0621245430609166,156476,0.0129001433349259,6.16444629899142,6.2124543060916695,0.2532084228095708,0.3982667901523555,0.6252336260776945,0.0007553293181006,0.5814711359404097,0.0965713619450385,0.2030598941690738,0.4252792760551139,0.5986655756278718,0.0007635878743464,0.5551839464882943,0.1006658175654914
100,15,700,7,0,0.8966347112826842,0.4519177898694652,0.8198056183972878,0.062811853474504,197208,0.0125698324022346,0.9511779867300724,0.415155344694285,0.8066097072488596,0.0626257097028795,157108,0.0129001433349259,6.281185347450408,6.262570970287955,0.2557604153989696,0.3945884548294187,0.6217534398667671,0.0007577935520264,0.5754189944134078,0.0974419540602298,0.206412149604094,0.4206851337933142,0.5948996268771778,0.0007663928578298,0.5504061156235069,0.0992305631504092
100,15,700,7,1,0.8965833165690463,0.4519262311267653,0.8203126247170176,0.0629182382284949,197256,0.0125698324022346,0.9506025278779788,0.4151622220431684,0.8071870902108756,0.062689186782998,157252,0.0129001433349259,6.291823822849494,6.2689186782998,0.2565701423530843,0.3951362696191751,0.6181782256471053,0.0007588754861512,0.5754189944134078,0.0988895169759998,0.2080927428585963,0.4219914532088622,0.59172447513981,0.0007674262259024,0.5489727663640707,0.1022272381667151
100,15,700,7,2,0.8963242519576821,0.4521060445315052,0.8203550130468616,0.0616938285882394,197151,0.0125698324022346,0.9505947116536072,0.4152935364197536,0.8072308297709087,0.0616576090415038,157142,0.0129001433349259,6.169382858823947,6.165760904150386,0.2564734645018285,0.3953517861943383,0.6165849220789494,0.0007583239066008,0.5786778398510242,0.0968954709212726,0.2079774980590803,0.4214595715976633,0.5912428859922894,0.0007675378375875,0.5470616340181558,0.1021107350897442
100,15,700,7,3,0.89622330841103,0.4524641773524549,0.8196739676135465,0.062383886785174,197006,0.0125698324022346,0.9517184386957988,0.4149541448496304,0.8066630872485198,0.0619565425115141,156981,0.0124223602484472,6.238388678517405,6.195654251151414,0.2568754251139559,0.3935768453752677,0.6175749911077738,0.0007588950875203,0.5754189944134078,0.0969404921276814,0.2076684439518158,0.4212038399551538,0.5868098159509203,0.0007673398568036,0.5418060200668896,0.099578319622833
100,15,700,7,4,0.8972295406366211,0.4512816128713809,0.8196100429119602,0.0622370204191431,197021,0.0125698324022346,0.9520194275863016,0.4141376139441164,0.8065389758134013,0.061638383902703,157045,0.0129001433349259,6.223702041914313,6.163838390270305,0.2559219575578237,0.3952421315494287,0.6215937487604617,0.000757953044266,0.5796089385474861,0.0977913055089893,0.207297271482696,0.4218663440415167,0.594040853939487,0.0007667779744874,0.5494505494505495,0.0996588646175175
100,15,700,7,5,0.895563666542869,0.4525402621354671,0.8204320284972308,0.0621530843150983,197094,0.0125698324022346,0.9499543852196004,0.4158743933670081,0.8074871916364494,0.061605698049259,156966,0.0124223602484472,6.215308431509838,6.160569804925908,0.2564867525140288,0.3938273108263062,0.621696470960595,0.0007583304706245,0.5814711359404097,0.0975410662791928,0.2078348177312284,0.4197724347947963,0.5944885510222849,0.0007674851415161,0.5484949832775919,0.0993616202214013
100,15,700,7,6,0.8963892801893311,0.4515993396797872,0.819879114231472,0.0620311144702069,197143,0.0125698324022346,0.9513145184845024,0.4142837862358037,0.8067852820009367,0.0620468390932644,157091,0.0124223602484472,6.2031114470206905,6.204683909326442,0.257290393267831,0.3956620321289622,0.6202314531869172,0.0007584349061149,0.5768156424581006,0.0984223673221222,0.2084906200864467,0.4230159589028016,0.5922997068881289,0.000767084404238,0.5499283325370282,0.1012396567466807
100,15,700,7,7,0.8972488527283851,0.4515382253480224,0.8200672619021664,0.0612919749861795,197171,0.0125698324022346,0.9525662420827814,0.4140650915752639,0.8070862090315418,0.0612360516114247,157097,0.0129001433349259,6.129197498617951,6.123605161142478,0.2560163512889826,0.3951291011355625,0.6196438122783732,0.0007583108790739,0.5721601489757915,0.098363577494336,0.2064075061904428,0.4219749581468774,0.593597730216493,0.0007668881245355,0.5422838031533683,0.1012727446986765
100,15,700,7,8,0.8971685185760399,0.4512613656844642,0.8197091389664726,0.061827820745441,197306,0.0125698324022346,0.9511616848089468,0.4149482508773843,0.8064247816424608,0.0622015046391982,157247,0.0129001433349259,6.182782074544109,6.22015046391982,0.2562871884281268,0.3954821444862295,0.6240037969426702,0.0007586991894988,0.5796089385474861,0.0956082140972543,0.2081311567152314,0.4212671783881409,0.596461745294549,0.0007680134013021,0.5484949832775919,0.0972180741713604
100,15,700,7,9,0.8957527379086038,0.4520133894345479,0.8206375364251209,0.0622752367927873,197430,0.0125698324022346,0.9503519306991312,0.4149047081754383,0.8072162201850704,0.0627776471410685,157349,0.0129001433349259,6.227523679278732,6.2777647141068575,0.2564909081699843,0.3953299903763359,0.6229980844803412,0.000758306301322,0.5870577281191807,0.0993869357419533,0.2076212750001589,0.4218075742457848,0.5981511524687012,0.0007667894789238,0.5542283803153368,0.1033240371159571
100,15,700,7,10,0.8969538589462213,0.451388508642343,0.8202569332830775,0.0620085784624755,197005,0.0125698324022346,0.9520189842337802,0.4142214759937386,0.8071668060957155,0.0620718633018411,157076,0.0133779264214046,6.200857846247557,6.207186330184115,0.2560442628359686,0.395543260323342,0.622635898655882,0.0007579637742551,0.5749534450651769,0.0949125708933748,0.2073709541877817,0.4222350963864626,0.5931906793970466,0.0007669335038299,0.5537505972288581,0.0984162678093673
100,15,700,7,11,0.8974098263025474,0.4514500860964515,0.8198657561966718,0.0623858238947753,197064,0.0125698324022346,0.9519335270141548,0.414438292948139,0.8067357396488221,0.0626098362325853,157052,0.0128939828080229,6.23858238947753,6.2609836232585385,0.2563329679697966,0.3950341005967604,0.6169972680840955,0.0007593751483254,0.5791433891992551,0.0987108527224115,0.2073135012607289,0.4215482770037949,0.5934150311741762,0.0007677960944931,0.5491881566380133,0.1020986143895213
100,15,700,7,12,0.8982778313232532,0.4507713817482582,0.8209462679128384,0.0609598450783479,197261,0.0125698324022346,0.9522943006562878,0.4139022031181029,0.8079185081495197,0.0611842398254241,157181,0.0129001433349259,6.095984507834797,6.11842398254242,0.2553266991447879,0.3957345851435408,0.6197633324067824,0.000757667958936,0.5791433891992551,0.097175869988372,0.2070606498240881,0.4228628142078241,0.5940207706016101,0.0007663162209,0.544672718585762,0.100650165149361
100,15,700,7,13,0.8962951700111147,0.4519728464627437,0.8198137732940801,0.0622648588899818,197222,0.0125698324022346,0.950746743984544,0.4152133064196353,0.8065331909276316,0.0624650216229966,157240,0.0129001433349259,6.226485888998185,6.246502162299669,0.2566600075042338,0.3954173469491233,0.6182263576917758,0.0007581489959203,0.5758845437616388,0.0993539347605565,0.2070719918595777,0.4219155431187993,0.5904176904176904,0.0007667244934319,0.5480172001911132,0.1021799692671363
100,15,700,7,14,0.89707070958839,0.4515239157355034,0.8201350696761947,0.0620260035408645,197127,0.0125698324022346,0.9521062485786632,0.4144014580078133,0.8073176751081826,0.0619373310004771,157175,0.0129001433349259,6.202600354086451,6.193733100047718,0.2570424142811487,0.3954049927204289,0.6152950463785277,0.00075912438697,0.5754189944134078,0.0972031886815812,0.207418482583108,0.4225226658183553,0.5860249685592467,0.0007680198184058,0.546583850931677,0.1008215583917321
100,15,700,7,15,0.8961793462122069,0.4520342574897273,0.8197170076360587,0.0623915932120867,197174,0.0125698324022346,0.9514077969939164,0.414504694072175,0.8067782933556893,0.0622067446346603,157073,0.0129001433349259,6.239159321208679,6.220674463466032,0.2565601955633095,0.3952295941655593,0.6205942238124419,0.0007583563783732,0.5721601489757915,0.0980731251481356,0.2076232070438586,0.4225360182844919,0.5939531460811971,0.000767078641039,0.5451505016722408,0.101330000167999
100,15,700,7,16,0.8962760264168079,0.4517720003635981,0.8198619567217641,0.0623284369688205,197085,0.0125698324022346,0.9510342567744872,0.4147779220356866,0.806374921958169,0.0623766285037504,157046,0.0124223602484472,6.232843696882056,6.23766285037505,0.2564984651292589,0.395179744780171,0.6216766893495806,0.0007586273185108,0.5824022346368715,0.0965439339770564,0.2072131732103969,0.4218636577817964,0.5947083768668182,0.0007674291918762,0.5518394648829431,0.0990177997619198
100,15,700,7,17,0.8966282757688927,0.4513868343639328,0.8204947698446755,0.0617297702348283,197506,0.0135009310986964,0.9522521214618708,0.4138677919854316,0.8075581533275841,0.0610120181924435,157428,0.0119560019129603,6.17297702348283,6.101201819244353,0.256488410478669,0.3960537907709133,0.6243041572900627,0.0007577010318032,0.5754189944134078,0.0987729207933829,0.2069263409304571,0.4233490865665574,0.5959909135559921,0.0007670260085656,0.5413677666188427,0.1001820763934398
100,15,700,7,18,0.8979299305810312,0.4508073979598236,0.8200238757349871,0.0626663010582333,196932,0.0125698324022346,0.953213878907902,0.4132676556095303,0.8068829699772975,0.0619558705433965,156902,0.0129001433349259,6.26663010582333,6.195587054339652,0.2551134401722422,0.3956898828021855,0.620561305732484,0.0007584048295371,0.5814711359404097,0.0984629082628447,0.206160533326535,0.4232259627028336,0.5922032955142672,0.0007672401528225,0.5513616817964644,0.0996541320708814
100,15,700,7,19,0.895640140009717,0.4523447651348649,0.8202065348748532,0.0624683480198521,197460,0.0125698324022346,0.9492195471119697,0.4160504026568166,0.8070236909881372,0.0627402639488114,157379,0.0129001433349259,6.246834801985212,6.2740263948811466,0.2573230021270131,0.3951179985819913,0.6216567278738856,0.0007581094981803,0.5819366852886406,0.0994789451006819,0.2091066787817942,0.4217970631405714,0.5935154517001429,0.0007665669384566,0.5523172479694218,0.1027512985452709
100,20,700,7,0,0.8966347112826842,0.4519177898694652,0.8198056183972878,0.062811853474504,197208,0.0125698324022346,0.9511779867300724,0.415155344694285,0.8066097072488596,0.0626257097028795,157108,0.0129001433349259,6.281185347450408,6.262570970287955,0.2557604153989696,0.3945884548294187,0.6217534398667671,0.0007577935520264,0.5754189944134078,0.0974419540602298,0.206412149604094,0.4206851337933142,0.5948996268771778,0.0007663928578298,0.5504061156235069,0.0992305631504092
100,20,700,7,1,0.8965826848628172,0.4519319407011517,0.8203181598938301,0.0629074612943454,197258,0.0125698324022346,0.9506026866677108,0.4151616923233795,0.8071974884343315,0.062688788131228,157253,0.0129001433349259,6.290746129434548,6.268878813122802,0.2565523324782772,0.395096776810066,0.618175351235995,0.0007589018858877,0.5754189944134078,0.0988116040629671,0.2080787012012489,0.4219887696896084,0.5917606430121329,0.0007674428320004,0.5489727663640707,0.1022307067119629
100,20,700,7,2,0.8963166896924909,0.4521146289762057,0.8203647705188603,0.0617087323486447,197152,0.0125698324022346,0.9505939072886744,0.4152942026972946,0.8072324885198645,0.0616580014127439,157141,0.0129001433349259,6.1708732348644695,6.165800141274397,0.2564721636098036,0.3953497808797273,0.6165849220789494,0.0007583366930122,0.5786778398510242,0.0969593966633822,0.2079788215678912,0.4214622536448158,0.5912428859922894,0.0007675212833248,0.5470616340181558,0.102112824201501
100,20,700,7,3,0.8962525496646421,0.452431991463478,0.8197108681938631,0.0623439117987452,197004,0.0125698324022346,0.951706988058642,0.4149555585847247,0.8066896124725981,0.0619183213255107,156981,0.0124223602484472,6.23439117987452,6.191832132551073,0.2568881850114718,0.3935909930762827,0.6176691432184634,0.0007588693218093,0.5754189944134078,0.0967960308779911,0.2076429631611469,0.4211783591644849,0.5869738618235366,0.0007673398568036,0.5418060200668896,0.0994097196030126
100,20,700,7,4,0.8972295406366209,0.4512816128713808,0.8196100429119602,0.0622370204191431,197021,0.0125698324022346,0.9520194275863016,0.4141376139441164,0.8065389758134013,0.061638383902703,157045,0.0129001433349259,6.223702041914313,6.163838390270305,0.2559219575578237,0.3952421315494287,0.6215937487604617,0.000757953044266,0.5796089385474861,0.0977913055089893,0.207297271482696,0.4218663440415167,0.594040853939487,0.0007667779744874,0.5494505494505495,0.0996588646175175
100,20,700,7,5,0.8955436676105437,0.4525634019576705,0.8204364266935745,0.0621828956447619,197096,0.0125698324022346,0.9499570082039848,0.4158760678724251,0.8074820356645608,0.0616188322237441,156965,0.0124223602484472,6.218289564476194,6.161883222374414,0.2564131184803344,0.3938131671875634,0.621868692864775,0.0007583578642175,0.5814711359404097,0.0975082838473418,0.2077533208040008,0.4197751091007549,0.5947255443115609,0.0007674683761198,0.5484949832775919,0.0993339881292471
100,20,700,7,6,0.8963892801893313,0.4515993396797871,0.8198791142314719,0.0620311144702069,197143,0.0125698324022346,0.951314518484502,0.4142837862358037,0.8067852820009367,0.0620468390932644,157091,0.0124223602484472,6.2031114470206905,6.204683909326442,0.257290393267831,0.3956620321289622,0.6202314531869172,0.0007584349061149,0.5768156424581006,0.0984223673221222,0.2084906200864467,0.4230159589028016,0.5922997068881289,0.000767084404238,0.5499283325370282,0.1012396567466807
100,20,700,7,7,0.8972207720639488,0.451568192624559,0.8200768849251732,0.0613116400318502,197173,0.0125698324022346,0.9525574963817552,0.4140735532655044,0.8070925632420223,0.0612491724805214,157096,0.0129001433349259,6.13116400318502,6.124917248052147,0.2560289694836514,0.3951301648805871,0.6196069886296105,0.0007583371138904,0.5721601489757915,0.0983712267284346,0.2064088200845343,0.4219840097774609,0.593597730216493,0.0007668713065951,0.5422838031533683,0.1012850266128065
100,20,700,7,8,0.8971685185760399,0.4512613656844642,0.8197091389664726,0.061827820745441,197306,0.0125698324022346,0.9511616848089464,0.4149482508773843,0.8064247816424609,0.0622015046391982,157247,0.0129001433349259,6.182782074544109,6.22015046391982,0.2562871884281268,0.3954821444862295,0.6240037969426702,0.0007586991894988,0.5796089385474861,0.0956082140972543,0.2081311567152314,0.4212671783881409,0.596461745294549,0.0007680134013021,0.5484949832775919,0.0972180741713604
100,20,700,7,9,0.895752737908604,0.4520133894345479,0.8206375364251209,0.0622752367927873,197430,0.0125698324022346,0.9503519306991312,0.4149047081754383,0.8072162201850704,0.0627776471410685,157349,0.0129001433349259,6.227523679278732,6.2777647141068575,0.2564909081699843,0.3953299903763359,0.6229980844803412,0.000758306301322,0.5870577281191807,0.0993869357419533,0.2076212750001589,0.4218075742457848,0.5981511524687012,0.0007667894789238,0.5542283803153368,0.1033240371159571
100,20,700,7,10,0.8969584331273581,0.451386385071181,0.8202822320050828,0.0620345883057618,197003,0.0125698324022346,0.9520315769965442,0.4142164608191329,0.8071789844499473,0.0620778344378871,157077,0.0133779264214046,6.203458830576184,6.207783443788715,0.2559961015822094,0.3955421998649767,0.6227593591370558,0.0007579365463669,0.5749534450651769,0.0949544231313713,0.2072932383480713,0.4222324083093005,0.593409293326372,0.0007669500022639,0.5537505972288581,0.0984858659768461
100,20,700,7,11,0.8974298731551211,0.4514284231246929,0.8198624507968982,0.0623667918400487,197060,0.0125698324022346,0.9519623379544516,0.4144073461192457,0.8067340607400275,0.0625859609800825,157048,0.0128939828080229,6.236679184004871,6.258596098008253,0.2562874251497006,0.395082715924084,0.6171194360842706,0.0007593420097707,0.5791433891992551,0.0986046376432141,0.2072487392389587,0.4216099536447455,0.593615583138749,0.0007677348169579,0.5491881566380133,0.1019645675595025
100,20,700,7,12,0.8982486728049324,0.4508052770433999,0.8209570408550299,0.0609830281647302,197268,0.0125698324022346,0.9522544140788374,0.4139331291954525,0.8079580486371919,0.0611973533528438,157180,0.0129001433349259,6.098302816473022,6.119735335284387,0.2554190238660097,0.3956951963825861,0.6195570198070892,0.0007577665739697,0.5791433891992551,0.096948797010417,0.2072019340883064,0.4228273317215931,0.5936809137803979,0.0007663008760399,0.544672718585762,0.100536466806147
100,20,700,7,13,0.8962951700111147,0.4519728464627435,0.8198137732940801,0.0622648588899818,197222,0.0125698324022346,0.950746743984544,0.4152133064196353,0.8065331909276316,0.0624650216229966,157240,0.0129001433349259,6.226485888998185,6.246502162299669,0.2566600075042338,0.3954173469491233,0.6182263576917758,0.0007581489959203,0.5758845437616388,0.0993539347605565,0.2070719918595777,0.4219155431187993,0.5904176904176904,0.0007667244934319,0.5480172001911132,0.1021799692671363
100,20,700,7,14,0.8970645375668339,0.4515367142824505,0.8201782026042781,0.0619860494610019,197125,0.0125698324022346,0.952125257942658,0.4143925870378255,0.8073507725665616,0.0618359270617277,157174,0.0129001433349259,6.198604946100191,6.183592706172777,0.2571008243500317,0.3953887127457197,0.6151615003650284,0.0007590978434761,0.5754189944134078,0.0972749822073351,0.2074325270082838,0.4225189916907376,0.5859890194153913,0.0007680036840783,0.546583850931677,0.100842824047525
100,20,700,7,15,0.8961793462122069,0.4520342574897273,0.8197170076360587,0.0623915932120867,197174,0.0125698324022346,0.9514077969939164,0.414504694072175,0.8067782933556893,0.0622067446346603,157073,0.0129001433349259,6.239159321208679,6.220674463466032,0.2565601955633095,0.3952295941655593,0.6205942238124419,0.0007583563783732,0.5721601489757915,0.0980731251481356,0.2076232070438586,0.4225360182844919,0.5939531460811971,0.000767078641039,0.5451505016722408,0.101330000167999
100,20,700,7,16,0.8962933072550583,0.4517560013212621,0.8198728117347196,0.0622878453459167,197085,0.0125698324022346,0.9510342721681329,0.4147778800931077,0.8063756919616087,0.0623766285037504,157046,0.0124223602484472,6.228784534591673,6.23766285037505,0.2564984651292589,0.395174670827308,0.6216766893495806,0.0007586273185108,0.5824022346368715,0.0964545472128758,0.2072131732103969,0.4218636577817964,0.5947083768668182,0.0007674291918762,0.5518394648829431,0.099021141164818
100,20,700,7,17,0.8966298475218535,0.4513918448768985,0.820520316349437,0.0616993914108938,197506,0.0135009310986964,0.9522627859189884,0.413861661514208,0.8075647200465261,0.0609989265002,157429,0.0119560019129603,6.169939141089385,6.099892650020009,0.2564985367533138,0.396038601358946,0.6242795104619029,0.0007577010318032,0.5754189944134078,0.098689107042617,0.2069250265198915,0.4233400453537785,0.5959909135559921,0.0007670428138332,0.5413677666188427,0.100089666682721
100,20,700,7,18,0.8979094470952389,0.4508239737676855,0.8200255396240757,0.0626669374904788,196930,0.0125698324022346,0.9532152380448592,0.4132664427359176,0.8068815899006648,0.0619431237332857,156902,0.0129001433349259,6.266693749047884,6.194312373328574,0.255110953130554,0.3956583557609303,0.6205736579151655,0.0007583779972813,0.5814711359404097,0.0984284867094011,0.206160533326535,0.4232259627028336,0.5922032955142672,0.0007672401528225,0.5513616817964644,0.0996459905703757
100,20,700,7,19,0.8956401400097173,0.4523447651348649,0.8202065348748532,0.0624683480198521,197460,0.0125698324022346,0.9492195471119697,0.4160504026568165,0.8070236909881372,0.0627402639488114,157379,0.0129001433349259,6.246834801985212,6.2740263948811466,0.2573230021270131,0.3951179985819913,0.6216567278738856,0.0007581094981803,0.5819366852886406,0.0994789451006819,0.2091066787817942,0.4217970631405714,0.5935154517001429,0.0007665669384566,0.5523172479694218,0.1027512985452709
