Anzahl_Slots,Max_Domains,Max_Events,Max_Days,Incl_Avg_Chord_Distance,Incl_Avg_Max_Cosine_Own,Incl_Avg_Max_Cosine_Other,Incl_Identification_Rate,Incl_Valid_Segments,Incl_Share_Single_Segment_Users,Incl_Tie_Share,Incl_No_Own_Share,Incl_Tie_Single_Domain_Share,Incl_Random_Baseline,Incl_Users_Linked_Share,Incl_Visit_Weighted_Rate,Excl_Avg_Chord_Distance,Excl_Avg_Max_Cosine_Own,Excl_Avg_Max_Cosine_Other,Excl_Identification_Rate,Excl_Valid_Segments,Excl_Share_Single_Segment_Users,Excl_Tie_Share,Excl_No_Own_Share,Excl_Tie_Single_Domain_Share,Excl_Random_Baseline,Excl_Users_Linked_Share,Excl_Visit_Weighted_Rate
100,10,1000,31,1.3717536822240748,0.0413689048285999,0.771401936991449,0.0065312897493031,110851,0.0125698324022346,0.0140639236452535,0.9273890176904132,0.4124438742783836,0.0006461300193333,0.0754189944134078,0.0547434922228597,0.9139924115498852,0.4709341933255305,0.6180101758882738,0.1843706130088909,4274,0.3241830065359477,0.1951333645297145,0.2419279363593823,0.3705035971223021,0.008616092974123,0.1529411764705882,0.1826862451310204
100,10,1000,21,1.167437015758651,0.2394208535215077,0.7846584519135773,0.0369733645074038,130878,0.0125698324022346,0.0810831461360962,0.6066336588273048,0.5100829249905767,0.0006843178668529,0.3994413407821229,0.0823469554900902,1.3099126863155663,0.1112145161689279,0.7389997683777642,0.0210145577377215,66906,0.0256008359456635,0.0204167040325232,0.7706633186859175,0.2730600292825769,0.0007889135592342,0.215778474399164,0.0734101876329225
100,10,1000,14,1.0776783860348078,0.3164848639462554,0.7963802365386755,0.0478146929310125,149201,0.0125698324022346,0.1265876234073498,0.5116319595713166,0.5465134748768995,0.000703641719944,0.4976722532588454,0.0901138785190164,1.2095136332548504,0.206601289105846,0.7677644717405908,0.036265407136618,92733,0.0172244094488189,0.0531310321029191,0.6393624707493557,0.4185102496448143,0.0007292672573641,0.3523622047244094,0.0902418344113975
100,10,100,31,0.9434444501522828,0.4076803551565786,0.8046565350471422,0.0615032029004564,159699,0.0125698324022346,0.2533704030707769,0.4662646603923631,0.5882658230976447,0.0008625457032154,0.4115456238361266,0.1107561016574469,0.5242801519975413,0.7569600568686128,0.7912509549970934,0.1565158531144716,65003,0.0732833237160992,0.4993615679276341,0.0553205236681383,0.5885089340727049,0.0019740900376078,0.4425851125216388,0.1633848090805545
100,10,100,21,0.8989817288069007,0.4494646467072934,0.809576256072036,0.0675282072834036,171321,0.0125698324022346,0.2667799043900047,0.4000735461502092,0.5964774094737993,0.0008456107826464,0.4925512104283054,0.1139438653306441,0.8253705055562764,0.5063925394504011,0.7916800907327938,0.0847684707064504,107481,0.0254364089775561,0.3205868944278524,0.3447400005582382,0.5933192094494587,0.001087600852637,0.4189526184538653,0.1256163543606537
100,10,1000,7,0.8999221396563521,0.4496135002753744,0.8193022789917899,0.0621500531436098,196637,0.0125698324022346,0.2529686681550268,0.3963292767892106,0.6234646080855598,0.000756201512691,0.5796089385474861,0.0948160812689598,0.9555880925372574,0.4120024250436175,0.8061012016707347,0.0619506898313745,156560,0.0129001433349259,0.2030595298926929,0.4231349003576903,0.5956717309930484,0.0007648483556669,0.5508838987099857,0.096781296910462
100,10,100,14,0.8643093078726661,0.4771914022276201,0.8168663498095563,0.0705787446375433,187181,0.0125698324022346,0.2819089544344778,0.3678792185104257,0.617021679805943,0.0008352492669311,0.553072625698324,0.1139601472717968,0.864560554583473,0.4756924638408511,0.8022471039938138,0.0769002758924703,131573,0.0184287099903006,0.2864493475105075,0.3743777218730286,0.6080288678394227,0.0009514065581321,0.4587778855480116,0.1223772158480085
100,10,1250,14,1.0800200978620769,0.31466347525275,0.7959837508052695,0.0481303892336207,148908,0.0125698324022346,0.1238885754962795,0.5133169473769038,0.5512792714657415,0.0007026649676966,0.4972067039106145,0.0931528099516098,1.2140515569721977,0.2031956487593039,0.7668282445188745,0.0359090318950967,92428,0.0157790927021696,0.0490327606353053,0.6420348812048297,0.4187996469549868,0.0007277980149679,0.3565088757396449,0.0912282378608767
100,10,1500,14,1.081635091405064,0.3132569810156246,0.7957164467674162,0.0477545091393293,148698,0.0125698324022346,0.1224697036947369,0.5148623384309137,0.5527428477293943,0.0007019515874541,0.4939478584729981,0.0888125252493022,1.217176870070216,0.2006838796201894,0.7665773720815194,0.0348151360728613,92230,0.0157790927021696,0.0473598612165239,0.6438035346416567,0.4125457875457875,0.0007269673127303,0.3456607495069033,0.0853418075284459
100,10,1250,7,0.9004477058202043,0.4489820039830891,0.8189659370529441,0.0620304578862715,196468,0.0125698324022346,0.2525500335932569,0.3973522405684386,0.6249949615059052,0.0007556671512461,0.5782122905027933,0.0949479759197739,0.9560377620078988,0.4115010744758542,0.8056212105909221,0.0620359771577661,156377,0.0129001433349259,0.2026384954309137,0.4237387851154581,0.5972923504165615,0.000764066499363,0.5484949832775919,0.0972731930974085
100,10,1750,14,1.0824272521971874,0.3127386079227765,0.7954074213278056,0.0478479206214575,148554,0.0125698324022346,0.1219421893722148,0.5149305976277987,0.5510350538227988,0.0007014125496423,0.494413407821229,0.0910937454070447,1.218559584310431,0.1997105390295154,0.7663217049204577,0.0346931243351208,92122,0.0157790927021696,0.0464384186187881,0.6450142202731161,0.4104721832632071,0.0007262781903895,0.3476331360946745,0.0863172087653879
100,10,100,7,0.7805597074270232,0.5350666904241174,0.8322867342901619,0.0732477797396588,228239,0.0125698324022346,0.3443276565354737,0.3241733446080643,0.6567331305907952,0.0008388042722703,0.6014897579143389,0.1102573715942195,0.8008454817264636,0.5231421159453037,0.8234648409325734,0.0762384702390118,188317,0.0124105011933174,0.3238581753107791,0.3290037543078957,0.6449957368662688,0.0008717043451714,0.5861575178997613,0.1143173308185839
100,10,1500,7,0.9007959031590308,0.4488252415331668,0.8192352936830982,0.0618913743226174,196344,0.0125698324022346,0.2525261785437803,0.3973943690665363,0.6223831229075067,0.0007552337866673,0.5758845437616388,0.094220424482226,0.956951745413852,0.4109459287607051,0.8059625274949085,0.0619316691090363,156269,0.0129001433349259,0.2018442557385022,0.4240764323058316,0.5952697989981612,0.0007636732621937,0.5489727663640707,0.0958941170748358
100,10,2000,14,1.0831278802010054,0.3121315351748966,0.7955819514895948,0.0476549661916435,148484,0.0125698324022346,0.1214474286791842,0.515328250855311,0.5525980147507348,0.0007012068189544,0.4972067039106145,0.0903878303745185,1.220152218599547,0.198291048653789,0.7663345995017001,0.0345337187316627,92026,0.0157790927021696,0.0457153413165844,0.6463934105578858,0.4102685999524602,0.0007253759528042,0.3500986193293885,0.0869443755768902
100,10,250,31,1.1989970916305113,0.1948446816464229,0.7838032550329557,0.0286670081311223,124952,0.0125698324022346,0.1060167104168,0.7210048658684935,0.4998867668151279,0.0007081204668903,0.2462756052141527,0.0879961334214379,0.6456558870680819,0.6775132336809357,0.7522016738263,0.1531955706687592,22938,0.1518105849582172,0.4223123201674078,0.10541459586712,0.4887994219056467,0.0025443612482299,0.3231197771587744,0.1598157844935101
100,10,250,21,1.079062961610266,0.3099253531631948,0.7926449398268444,0.0469880370920931,141270,0.0125698324022346,0.1453033198839102,0.5370708572237559,0.5236517757100404,0.0007234826966445,0.4334264432029795,0.0996008957471678,1.119877936898564,0.2704253664517283,0.75779885380936,0.0463139097014635,77277,0.0259014728288471,0.13795825407301,0.59407068079765,0.4913235156176719,0.0008628137232276,0.2915185373285932,0.1044140076843394
100,10,250,14,1.0124890265973336,0.3665624735768759,0.8021843368331059,0.0541380829504688,158890,0.0125698324022346,0.1764491157404493,0.4666121215935553,0.5551790555000713,0.0007356911700183,0.5130353817504656,0.1014432684171975,1.092486391691809,0.2997627474969265,0.7784656018779426,0.0489537095751426,102505,0.0185365853658536,0.1345690454124189,0.5450758499585386,0.5039147455415398,0.000785054207904,0.375609756097561,0.104993891779888
100,10,2000,7,0.9015806884243538,0.4482327377459147,0.8191376284745153,0.0618743756498338,196204,0.0125698324022346,0.2517787608815314,0.397795151984669,0.6228744939271255,0.0007548773600129,0.5749534450651769,0.0948736690742448,0.9576097322900996,0.4103907473997308,0.8059289585540982,0.0619140324811721,156152,0.0129001433349259,0.2010989292484246,0.4245030483119012,0.5975734029679638,0.0007632987703193,0.5475394171046345,0.0964962155854511
100,10,500,31,1.3136073848512249,0.0941860095431278,0.7759016299302907,0.0133458613909623,114942,0.0125698324022346,0.0426562962189626,0.8530563240590907,0.4425861717315929,0.0006631039542202,0.1429236499068901,0.0686095866976759,0.7640350671811762,0.5910305544281755,0.7057342633253539,0.1704994428122783,9871,0.2036363636363636,0.3136460338364907,0.165940634180934,0.4266795865633075,0.0039029929864245,0.2227272727272727,0.1739359496744489
100,10,500,21,1.1415025996166852,0.2601129356746234,0.7869648623383103,0.038943163627115,133682,0.0125698324022346,0.1018686135755,0.5860998488951392,0.4994125422235277,0.0006943856611379,0.4078212290502793,0.0867473413174581,1.252283256004217,0.159946979363974,0.7442673658282514,0.0288874524168641,69615,0.02672147995889,0.0554478201537025,0.7162249515190692,0.3904145077720207,0.000805286869111,0.2348406988694758,0.0900010114408567
100,10,500,14,1.059644544303174,0.3299839694649712,0.7979731203714379,0.0490863442567857,151753,0.0125698324022346,0.1404453289226572,0.4992125361607348,0.5536527002299066,0.0007115936946069,0.4986033519553072,0.0924902770038999,1.1766842973665637,0.2327626425712677,0.7707579770674736,0.0390161420754697,95217,0.0181283684468397,0.0754697165422141,0.6129682724723526,0.4549123295296409,0.0007425458803988,0.3517883390494855,0.0967595190816889
100,10,700,21,1.1575419118696149,0.2477479147918094,0.786169959350868,0.0375464120633477,131970,0.0125698324022346,0.0886110479654467,0.5984693490944911,0.4986317769796476,0.0006882392712666,0.4022346368715084,0.0864168944043995,1.2868773928427242,0.1309128380488023,0.7409974394541643,0.0252782521641834,67924,0.0300207039337474,0.0333313703551027,0.74855721100053,0.3352473498233215,0.0007942618625427,0.2277432712215321,0.0872077283973408
100,10,700,14,1.0709641494313695,0.321695093397582,0.7964871621027044,0.0489315783864435,150128,0.0125698324022346,0.131354577427262,0.5068408291591175,0.55,0.0007066936657454,0.4953445065176908,0.0943882705333035,1.1970332811061368,0.2168265693539984,0.7685368329988114,0.0377529769851017,93635,0.018172888015717,0.0610028301383029,0.6286324558124633,0.4322478991596639,0.0007344580619073,0.3482318271119843,0.0964349941024918
100,10,250,7,0.8681850640499392,0.4724606241582039,0.822751402800654,0.0647718854103805,203823,0.0125698324022346,0.2797966863405994,0.3775874165329722,0.6246295744270459,0.0007762341989776,0.5791433891992551,0.1007618309337868,0.912683274732002,0.4429837956902334,0.8111022050645439,0.0652481836497954,163790,0.0133651551312649,0.2393308504792722,0.3977104829354661,0.6014030612244898,0.0007903819195206,0.5546539379474941,0.1030863516385005
100,10,700,31,1.3475642513383026,0.0636852693905092,0.7732306692769173,0.0096099139463765,112488,0.0125698324022346,0.0248204252898086,0.8955799729748951,0.4194126074498567,0.0006532142667238,0.1080074487895716,0.0637254414509591,0.8301855951399527,0.5386119733804641,0.6659960365160282,0.1816798539257456,6572,0.247323340471092,0.2538040170419963,0.203134510042605,0.4040767386091127,0.005486167156023,0.1777301927194861,0.1868086571259135
100,10,750,31,1.3529779097799473,0.0587638769143804,0.7727383580416896,0.0087361573400676,112063,0.0125698324022346,0.0231566172599341,0.9021621766327867,0.3996146435452793,0.0006510101494787,0.1005586592178771,0.0611087477406074,0.8434157373425945,0.5268010994252053,0.6615260423074306,0.1807069705979517,6054,0.2552486187845303,0.2517343904856293,0.2137429798480343,0.389763779527559,0.0059099690428633,0.174585635359116,0.1866881779901001
100,10,500,7,0.8917569367283065,0.4552175555772582,0.8203985254771117,0.0624253089750248,198317,0.0125698324022346,0.2608702229259216,0.3920137960941321,0.6213781772494443,0.0007615069636908,0.5772811918063314,0.0973182550173785,0.9444730524486912,0.420007909086369,0.8071544897287719,0.062375199049617,158252,0.0133715377268385,0.2130399615802644,0.4164876273285646,0.5935813015364537,0.0007712146972551,0.5458452722063037,0.0995228377154048
100,15,700,14,1.071064735458942,0.3215673480169643,0.7966724089177741,0.0489297451520221,150011,0.0125698324022346,0.1316703441747605,0.507649439041137,0.5488558120696638,0.0007052435735629,0.4953445065176908,0.0960552571929299,1.1973527989860215,0.216444519189375,0.7689557197206962,0.0372896576792319,93538,0.018172888015717,0.0615792512134105,0.6298402788171652,0.4288194444444444,0.0007320309535534,0.3477406679764244,0.0955235307592183
100,20,1000,14,1.077817838940283,0.3163009472375367,0.7965305430098277,0.0477640572283297,149087,0.0125698324022346,0.126798446544635,0.5121305009826477,0.5457575116377487,0.0007022278914271,0.4972067039106145,0.0903949332347529,1.2096762051998395,0.2063983966008612,0.7680358359278927,0.0360335074916879,92636,0.0172244094488189,0.0531542812729392,0.6404097758970595,0.4189683184402924,0.0007269812185162,0.3518700787401574,0.0890771431903849
100,10,700,7,0.8965789260352398,0.4520112951708437,0.8198023446991821,0.0629328088087682,197258,0.0125698324022346,0.2556499609648278,0.3943718378975757,0.6218842332784708,0.0007583431167099,0.5749534450651769,0.0976930674882089,0.9511884943298629,0.415152840442791,0.8066144499426392,0.0627469695523527,157155,0.0129001433349259,0.2064013235340905,0.4206038624288123,0.5950611955482936,0.0007671173080832,0.5499283325370282,0.0992688803634352
100,20,2000,14,1.0831908009470184,0.3119696705441986,0.7958477946995418,0.0478106716277063,148356,0.0125698324022346,0.1216600609345088,0.5159076815228235,0.5518865311097568,0.000699741107081,0.4976722532588454,0.0907446125078309,1.220193692872537,0.1981572129382498,0.7666723927252189,0.0346984282373416,91935,0.0157790927021696,0.0456626964703323,0.6474248110077773,0.4121010004764173,0.0007233739366032,0.3500986193293885,0.0869258364791671
100,15,700,7,0.8966347112826841,0.4519177898694652,0.8198056183972877,0.062811853474504,197208,0.0125698324022346,0.2557604153989696,0.3945884548294187,0.6217534398667671,0.0007577935520264,0.5754189944134078,0.0974419540602298,0.9511779867300724,0.4151553446942851,0.8066097072488596,0.0626257097028795,157108,0.0129001433349259,0.206412149604094,0.4206851337933142,0.5948996268771778,0.0007663928578298,0.5504061156235069,0.0992305631504092
100,20,500,14,1.0596826128617964,0.3298854070182679,0.798131756421873,0.0494173201342768,151627,0.0125698324022346,0.1400739973751376,0.4997988484900446,0.5552521305146193,0.0007099896128649,0.4976722532588454,0.0956935576948399,1.176697816661608,0.2326833387245601,0.771013926443246,0.039047879386841,95114,0.0181283684468397,0.0756250394263725,0.6136846310742898,0.4548866953983039,0.0007397984174011,0.3522782949534542,0.0972947520656524
100,20,700,14,1.0710451807326395,0.3215774731906424,0.7966868142025133,0.0489830745745312,150011,0.0125698324022346,0.1316103485744378,0.5076561052189507,0.5490553613939118,0.0007052385076055,0.4953445065176908,0.0961173252639013,1.19733706417968,0.2164495245081391,0.7689639565118773,0.0373451081436498,93533,0.018172888015717,0.0614649375086867,0.6298846396459004,0.429465994085928,0.0007318856349546,0.3477406679764244,0.0955352490270717
100,20,700,7,0.8966347112826842,0.4519177898694652,0.8198056183972878,0.062811853474504,197208,0.0125698324022346,0.2557604153989696,0.3945884548294187,0.6217534398667671,0.0007577935520264,0.5754189944134078,0.0974419540602298,0.9511779867300724,0.415155344694285,0.8066097072488596,0.0626257097028795,157108,0.0129001433349259,0.206412149604094,0.4206851337933142,0.5948996268771778,0.0007663928578298,0.5504061156235069,0.0992305631504092
100,2,1000,31,0.846200204988083,0.5518852739179191,0.8172410911331844,0.1104417746522492,264773,0.0125698324022346,0.159208076352196,0.2335510040676353,0.0436020306495231,0.0015789815875136,0.6215083798882681,0.0965939818230157,0.8260910929846073,0.5936385218413435,0.7695073868898283,0.1899316043100393,189047,0.0563685636856368,0.0123196876967103,0.1126968425841193,0.3155860884499785,0.0024895146949378,0.6292682926829268,0.2009463829757778
100,2,250,31,0.7984607369976437,0.5801587788644962,0.823745564175189,0.1105589442125264,280511,0.0125698324022346,0.2054714431876111,0.213524603313239,0.2632336866943109,0.0015601183772431,0.6243016759776536,0.098508912942209,0.7708097170173179,0.6242162416454148,0.7837570128670538,0.1824373785019318,206279,0.0510478237506716,0.0934898850585857,0.1016341944647782,0.5088410681877107,0.0023479001586427,0.6383664696399785,0.167803666498118
100,2,500,31,0.8310641188691871,0.5611093968525467,0.8192458565216856,0.1104117210682492,269600,0.0125698324022346,0.1746810089020771,0.2269510385756676,0.122754491017964,0.0015729852567165,0.6256983240223464,0.0981153052104506,0.8092412623780122,0.6031556765475634,0.7741074701891778,0.1862142459998764,194244,0.0566954643628509,0.0387759724882107,0.1096301558864109,0.4186139139670738,0.0024403819454625,0.6349892008639308,0.1780370227059762
100,2,100,31,0.7061941096118104,0.6337076933360101,0.8364592422211167,0.1131539991891305,318177,0.0125698324022346,0.2836251520380166,0.1771498254116419,0.4989971521336835,0.0015366250328766,0.6368715083798883,0.1041712038462971,0.6671309751942239,0.6796983041517508,0.8083456428547635,0.1703134479271991,247250,0.0449735449735449,0.218912032355915,0.0812861476238624,0.6461404870117873,0.0021331722096031,0.6661375661375661,0.1498063705071036
100,3,1000,14,0.9889043212810678,0.4108918034274869,0.7977937639249976,0.0735652871594149,184462,0.0125698324022346,0.1392481920395528,0.3741583632401253,0.4539827143190843,0.0010351933649248,0.5437616387337058,0.0967185550640497,1.0797912471863442,0.3502302637061742,0.7646206138256114,0.07957822217373,128314,0.0161448140900195,0.0501114453605997,0.3880480695793132,0.346656298600311,0.0013348600026195,0.4652641878669276,0.1096633950315294
100,3,1000,31,1.1328437227027763,0.2992134394442899,0.7807400585588277,0.0661221533254653,160143,0.0125698324022346,0.0522532986143634,0.4705856640627439,0.1111376673040153,0.0011621272421719,0.4217877094972067,0.0882709594751226,1.0342672403172657,0.4174514439931946,0.6492933984600208,0.1688133367162664,67003,0.1077235772357723,0.0174917541005626,0.1607689207945913,0.356655290102389,0.0035392047995448,0.4668021680216802,0.194027045915661
100,2,750,31,0.8421914143226434,0.5542017127432902,0.8178146561061782,0.1110848170685898,266220,0.0125698324022346,0.1626248967019758,0.2316880775298625,0.0698018201136416,0.0015752053688007,0.6201117318435754,0.0977810336803426,0.8210069340347332,0.5965010457463286,0.7705139483341391,0.1895316515445534,190670,0.057328285559762,0.019714690302617,0.1118109823254838,0.3583399840383081,0.0024717332531322,0.6268253109789075,0.1939213660235766
100,3,100,31,0.8676618220543479,0.493148041467757,0.8102527436770547,0.0822882426088549,207478,0.0125698324022346,0.2494481342600179,0.3065915422358033,0.5679451260747754,0.0012150553511864,0.4990689013035381,0.1070884031819502,0.6995629898588991,0.640212529330923,0.7580491533882848,0.1547029091687383,121478,0.0672316384180791,0.3106488417655871,0.0800885757091819,0.6191536158147176,0.0023089082482372,0.5310734463276836,0.1575026998964906
100,3,100,14,0.8194822488433281,0.5277223178275394,0.8186049259768138,0.0829595912265435,224085,0.0125698324022346,0.2809603498672379,0.2838521096905192,0.5927984879048269,0.0011265565017828,0.5875232774674115,0.105943749936484,0.8303771896072484,0.5247554176112453,0.7989205526840755,0.0937762130359273,169286,0.0193798449612403,0.2573691858747918,0.2587337405337712,0.6100667906080011,0.0014044981217432,0.5130813953488372,0.1155369773948714
100,3,100,21,0.8431089273935131,0.5121554515652623,0.8128091080111782,0.0833945955057758,213563,0.0125698324022346,0.2639923582268464,0.2896615986851655,0.5779634260983699,0.0011760016862163,0.5409683426443203,0.1072848792235109,0.8072307341209842,0.5456413456848713,0.7848954634911621,0.1062929313832166,149803,0.0258835241413638,0.2678784804042642,0.2165443949720633,0.613994866555359,0.0016410028181341,0.4952712792434047,0.1254998864067563
100,3,250,21,0.9803039200504938,0.4162434912893412,0.7966088282538761,0.0758333287698988,182611,0.0125698324022346,0.1564199308913482,0.3633954142959624,0.4537529757737011,0.0011216636158888,0.5200186219739292,0.1030745222261063,1.0054458581248298,0.4056934226463668,0.7540023262092165,0.0934979046064655,117639,0.0237493683678625,0.1132277561012929,0.3149125715111485,0.4905405405405405,0.0016792627963796,0.4279939363314805,0.1182925304664361
100,3,2000,14,0.992824613093514,0.4084375747436739,0.7973412098703228,0.0736977933129706,183669,0.0125698324022346,0.1339365924570831,0.3757356984575513,0.4532520325203252,0.0010316186749395,0.5484171322160148,0.099410539092886,1.085749413683006,0.3461925147711018,0.763539662311071,0.078955007256894,127465,0.0166340508806262,0.0434707566783038,0.3914957047032518,0.3365818444324129,0.001329161556955,0.4633072407045009,0.1065104565661847
100,3,250,14,0.9381635320245814,0.4461664939269452,0.804083801422968,0.0755460978361193,195020,0.0125698324022346,0.1856014767716131,0.3468310942467439,0.4983699856337716,0.0010680486281216,0.5633147113594041,0.1011385010757555,0.9982143536779288,0.407936238500546,0.7754877854481882,0.084298732285049,139148,0.0180311890838206,0.1224595394831402,0.3452798459194526,0.4838615023474178,0.001368908034991,0.4780701754385965,0.1128839762224368
100,3,100,7,0.7532883930384924,0.5658458795960248,0.8325029935048978,0.0818569649847972,256203,0.0125698324022346,0.3444456153909205,0.2773269633845037,0.6343033269875804,0.0010412956202807,0.61731843575419,0.104377623892186,0.7760125760709641,0.5550734830582569,0.8216214558700523,0.0869420494209565,216305,0.0128816793893129,0.3125679018053212,0.2717459143339266,0.6297145392693388,0.0011360065548529,0.6020992366412213,0.108667763653934
100,3,250,31,1.0348204093163902,0.3724582475333399,0.7912723228478973,0.0716177171709048,174091,0.0125698324022346,0.1281973220901712,0.4062300750756788,0.398019535800699,0.0011765653195849,0.4594972067039106,0.0989193489889843,0.8949279050237654,0.5123551399288232,0.6966208744493534,0.1599060785394254,83474,0.0953865336658354,0.1435297218295517,0.1260272659750341,0.5143143310241215,0.0029312824888513,0.4912718204488778,0.1676598567765811
100,3,500,14,0.9748851911742756,0.4204693603421957,0.8004293053785501,0.0735782559940193,187270,0.0125698324022346,0.1529182463822288,0.3664174720991082,0.466913433669728,0.001045222596138,0.5572625698324022,0.0990618432927636,1.056444773142899,0.3669887556984812,0.7680772111628403,0.0814124496125212,131233,0.017578125,0.0712778036012283,0.3748371217605328,0.3975839213170836,0.0013461860211578,0.47119140625,0.1145184018375875
100,3,250,7,0.8308015444795255,0.5136385906420315,0.8232259813948004,0.0769813575318861,230978,0.0125698324022346,0.2846678038601078,0.317974006182407,0.5851837206472806,0.0009796832014234,0.6056797020484171,0.1001282558008786,0.8739656707002756,0.4889016889970954,0.8094163600409854,0.0802602240235041,190605,0.0138358778625954,0.2340127488785708,0.3218488497153799,0.5665859564164649,0.0010651636571802,0.5830152671755725,0.105011382053729
100,3,500,31,1.101812867767258,0.322964009626235,0.78391479258588,0.0679285949125092,164246,0.0125698324022346,0.0754965113305651,0.4489972358535368,0.2493548387096774,0.0011662822722515,0.4320297951582867,0.0923836248256111,0.9896922090438882,0.4482617111918398,0.6664413251895643,0.1614317935009606,71826,0.1081258191349934,0.0591429287444657,0.1507114415392754,0.4399717514124294,0.0033192250029848,0.4600262123197903,0.1735126375929638
100,3,500,21,1.027587819411614,0.3827457184146893,0.7904873684140684,0.072422133996748,174049,0.0125698324022346,0.1152893725330223,0.3905049727375624,0.3900627927838134,0.001102476938869,0.5139664804469274,0.0991741777592399,1.0852517979727818,0.3474597627104854,0.7422294719604541,0.0874786222622703,108758,0.0233265720081135,0.0483366740837455,0.3584471946891263,0.3817766787140955,0.0016900453550109,0.4112576064908722,0.1152313409982087
100,3,700,14,0.983787877669328,0.4145009255439583,0.7990721968551711,0.0743427896873096,185519,0.0125698324022346,0.1446374764848883,0.371530678798398,0.4516826295978832,0.0010377049674751,0.5549348230912476,0.1002367656503056,1.0708254942325162,0.3567188161586076,0.7660295548061691,0.0804935370152761,129352,0.0166259168704156,0.059311027274414,0.3831483084915579,0.3551876955161627,0.0013394348406198,0.4694376528117359,0.1118773825565172
100,3,750,31,1.123219771046616,0.3064293188623307,0.7817584481767224,0.066518310976668,161324,0.0125698324022346,0.0599662790409362,0.4646549800401676,0.1634277444697126,0.0011616854726539,0.4283054003724394,0.0900030738993599,1.021276443717333,0.426240368789143,0.6544379300678824,0.1652095090499722,68398,0.1071667782987274,0.0298985350448843,0.1584403052720839,0.3965770171149144,0.0034617544499271,0.4608171466845278,0.1883701361811574
100,3,700,7,0.854521968055726,0.4973493548176237,0.8207492019294266,0.0748464887797253,223925,0.0125698324022346,0.2658032823490008,0.3311331919169364,0.5708333333333333,0.0009553467435183,0.6019553072625698,0.0975730837876341,0.9060954278439852,0.4673338869870209,0.8055528909354815,0.0785190923821422,183293,0.0133715377268385,0.2050923930537445,0.3384690086364454,0.5454351989785061,0.0010352189098038,0.5735434574976123,0.1043352751270421
100,5,1000,31,1.3207501362090672,0.1012784809885906,0.7697217515742113,0.0211849580966027,120038,0.0125698324022346,0.0190023159332877,0.7796864326296673,0.2801402893467777,0.0007779376019307,0.1838919925512104,0.0657154443390914,1.115258830822334,0.3221695657309793,0.5278181064581465,0.1699377692675921,16712,0.2155440414507772,0.0539133556725706,0.2344423168980373,0.3473917869034406,0.0072807146776076,0.277720207253886,0.1916077838925991
100,5,100,21,0.8932246382413591,0.4572568986930911,0.8079828626977323,0.0694215529114267,177164,0.0125698324022346,0.2674809780768102,0.3790216974103091,0.5890942854731156,0.0009188531117483,0.4920856610800745,0.1113430164623538,0.8271453013453036,0.5092014660883635,0.7866184821986673,0.0883206512121748,113020,0.0249376558603491,0.3118032206689081,0.3177667669439037,0.5907775255391601,0.0012342656529287,0.4219451371571072,0.126210139994132
100,3,25,14,0.501252252640554,0.7362934296167964,0.8590727262455528,0.104094842378134,378818,0.0125698324022346,0.5127633850556204,0.134259723666774,0.7540258643767632,0.0013332808808376,0.6554934823091247,0.1182186944440225,0.4646335071270868,0.7646751305210341,0.8534911097012028,0.1170497271073377,329800,0.018687110685194,0.5279502728926622,0.098262583383869,0.763591357585086,0.001522516578638,0.6382367034020124,0.1273095638728455
100,5,100,14,0.8603272780964111,0.482845868957384,0.8153374208886408,0.0709566740884038,191779,0.0125698324022346,0.2827108286100147,0.3546425833902565,0.6088383931535652,0.0008929408683004,0.547951582867784,0.1099746777568905,0.8638070706275264,0.4799217470529917,0.7987804786631841,0.079250995781707,136074,0.0184287099903006,0.2811264459044343,0.3546967091435542,0.6043028180059602,0.0010509504607025,0.463627546071775,0.1211854123622772
100,5,100,31,0.9345789695942162,0.4200625680099081,0.803269954046776,0.0647631229752184,167302,0.0125698324022346,0.2504034620028451,0.4302100393300737,0.5854677392404459,0.0009490502141997,0.4189944134078212,0.1093146581289558,0.5834427404144498,0.7140652405936578,0.7704737468755387,0.156371047197441,74093,0.0721292556260819,0.4490302727653085,0.0618411995735089,0.5903516681695221,0.0021925196579045,0.4627813040969417,0.1634591206511448
100,5,250,14,1.0048192949467007,0.3766097170703231,0.800917843812921,0.0582662447927483,163714,0.0125698324022346,0.1751591189513419,0.446284373969239,0.5487166968893848,0.000798442955966,0.5181564245810056,0.1048688139960877,1.0816784279679612,0.3142443774950719,0.7739584619908105,0.0562582787634559,107202,0.0185365853658536,0.1309770340105595,0.5069681535792243,0.5007478099850438,0.0009054108670199,0.3868292682926829,0.11096365186816
100,3,25,7,0.493609461719585,0.7354231929447848,0.8651080534423116,0.0974836344071022,401452,0.0125698324022346,0.5281054771180614,0.149425086934428,0.7659863496361003,0.0012616884200988,0.659683426443203,0.1123445197554037,0.4817347705229396,0.7460331797461721,0.8612349011168183,0.1035876788559799,364609,0.0147128618889416,0.5289200211733666,0.1332139360246181,0.7689902462548419,0.001358465456336,0.649264356905553,0.1171955957091475
100,5,250,21,1.0659534296062367,0.3254717302983981,0.7900897923467781,0.0531398345313983,147460,0.0125698324022346,0.1445205479452054,0.5013766445137664,0.5170569189620384,0.0008104100221622,0.4455307262569832,0.1028132462442533,1.1024998545308722,0.2930628005394561,0.7509351276538213,0.0571573395768715,82859,0.0263825469304921,0.1317418747510831,0.5242641113216427,0.4958776108464639,0.0010766348555288,0.3201420598680872,0.1109705471354593
100,5,250,31,1.1680560425027626,0.2317384545756054,0.7816319955247742,0.0385523445204865,133844,0.0125698324022346,0.1061833178924718,0.6293446101431517,0.4848719392063045,0.0008311727941773,0.2863128491620111,0.091668967811258,0.7995510791223397,0.5628873412907303,0.6846114254603595,0.1573993122340735,34314,0.1374309392265193,0.2893862563385207,0.1269161275281226,0.4931520644511581,0.0033701606310893,0.3632596685082873,0.1667130969064532
100,5,100,7,0.7797495550551636,0.5369446181082995,0.8311920287232809,0.0734107902511718,230838,0.0125698324022346,0.3430760966565296,0.3189942730399674,0.6542963570932508,0.0008686056414259,0.6000931098696461,0.1078396672452037,0.8000244018400344,0.5252120948249384,0.8221070769647569,0.0767320768158912,190898,0.0124105011933174,0.3207576821129608,0.3225858835608545,0.6443689574078914,0.0009115504010088,0.5813842482100239,0.1130487848924173
100,5,500,14,1.0504429494884089,0.3415177141618676,0.7964159534048957,0.0526140866675188,156460,0.0125698324022346,0.1407771954493161,0.4770484468873833,0.5438572596022883,0.0007730955252191,0.5013966480446927,0.0937120782389889,1.1625206059527828,0.2507475706120644,0.7663387665559962,0.0454395257787701,99869,0.0176384125428711,0.0740670278064264,0.5672130490943136,0.4465323779910775,0.0008643224735189,0.3586477217050465,0.0994981362648815
100,5,250,7,0.8665151398841425,0.4754438505549188,0.8217409320881188,0.0659594453267227,206536,0.0125698324022346,0.2790748344114343,0.3708506023163032,0.6198754315654331,0.0008047928408028,0.5814711359404097,0.1011898602189888,0.9110528571823956,0.446160306438938,0.809675404237204,0.0672302737520128,166428,0.0133651551312649,0.2373639051121205,0.3886185016944264,0.5984204131227218,0.0008287669344918,0.5575178997613365,0.1048548633183014
100,5,500,31,1.2694285926981803,0.1459073009947975,0.7736466970218294,0.0261508972004767,124164,0.0125698324022346,0.0473406140266099,0.7269176250765117,0.3970738346376318,0.0007945269434315,0.2174115456238361,0.0759173371311416,0.981070207676062,0.42621779260214,0.6012771815016269,0.1613490510218014,21971,0.1815856777493606,0.1487415229165718,0.1882026307405216,0.4192166462668298,0.0052455001976681,0.3060528559249786,0.1745850629380659
100,5,500,21,1.1271606687306053,0.2779622394772487,0.7844068526650991,0.0454148283962642,139624,0.0125698324022346,0.100476995358964,0.5441328138428924,0.4896999073348064,0.0007788465100017,0.4180633147113594,0.0929540391398195,1.224668305913048,0.1935968345232026,0.7376116232658185,0.0404102372601059,74981,0.0246280143663417,0.0540670303143463,0.6229844894039823,0.3912185495806611,0.0010288407054407,0.2560287326834274,0.0962979502767804
100,5,700,14,1.0621956949224909,0.333042643552824,0.7951970926456522,0.0532316691307968,154889,0.0125698324022346,0.1302674818741163,0.4841208865703826,0.539574763344402,0.000765800640112,0.5,0.0956396852318313,1.1819498678772284,0.2356696875744167,0.7640852404361975,0.0445894231160688,98252,0.0171821305841924,0.0590115213939665,0.5805785123966942,0.4299758537426699,0.000851553898339,0.3647520864015709,0.0980014310415043
100,5,750,31,1.3038005477998738,0.1162876271156348,0.771195249862868,0.0225687861652846,121318,0.0125698324022346,0.028009034108706,0.76190672447617,0.3225426721600942,0.0007834002099193,0.1978584729981378,0.0711868322150335,1.0662373994817291,0.3610533294607628,0.5566023135837745,0.1646828631990869,18399,0.1901066925315228,0.0882113158323821,0.2151747377574868,0.3678373382624769,0.0064865844945975,0.2812803103782735,0.1832072678561654
100,7,1000,31,1.360387281195779,0.0549850835145157,0.7705726734043545,0.0095660330607766,113004,0.0125698324022346,0.0148224841598527,0.8878623765530423,0.3892537313432835,0.0006794140947057,0.0945065176908752,0.05592027225154,1.0297921879320595,0.3811132537655581,0.5418490548841204,0.1855526058404359,7157,0.2841051314142678,0.1207209724745004,0.2355735643426016,0.3715277777777778,0.0106019483323522,0.1827284105131414,0.1859788201296409
100,5,700,7,0.8955151844179843,0.4544110773667313,0.8189385958624548,0.063400864830237,199808,0.0125698324022346,0.2542590887251761,0.3882176889814221,0.6186839359880322,0.0007842742012858,0.5763500931098696,0.096689597249248,0.9496296120914506,0.4183020129858806,0.8051453105970129,0.0637814352701069,159733,0.0129001433349259,0.2046414954956082,0.4116995235799741,0.5919909446891826,0.0008027652838133,0.5484949832775919,0.1002492181961047
100,7,100,14,0.8644694555015777,0.47746599588494,0.816427777670727,0.0714719029374201,187920,0.0125698324022346,0.2811355896126011,0.366262239250745,0.6152069807499385,0.0008471662103105,0.5540037243947858,0.1166676483183759,0.8648019035849709,0.475991063877046,0.8013191928289516,0.0776423102215436,132299,0.0184287099903006,0.2852402512490646,0.3711743852939175,0.6075999682009698,0.0009722404119611,0.4568380213385063,0.1237333016965814
100,7,100,21,0.8981544569273952,0.4505753052707754,0.8090843453018395,0.0675522812309655,172385,0.0125698324022346,0.2666879368854599,0.3964498071177886,0.5962630239488396,0.0008627249039061,0.4897579143389199,0.1134142105067038,0.8253798653525863,0.5069795561835764,0.7900249627198734,0.0862509336013499,108451,0.0254364089775561,0.3182727683469954,0.3391946593392407,0.594344815598111,0.0011208828573168,0.4224438902743142,0.1273346411665169
100,5,25,14,0.5007690845312077,0.7331067209482873,0.8582362599465532,0.1048012965816094,349843,0.0125698324022346,0.5228659713071292,0.148966822260271,0.7538554895282663,0.0012384640811723,0.6466480446927374,0.1250947002500097,0.4518791754245492,0.7700415777311485,0.8544799254433009,0.1178778323678228,300014,0.018687110685194,0.5496943475971121,0.1102448552400888,0.7583011957602658,0.0014185935681545,0.6233828461907044,0.1341864827114392
100,7,100,31,0.9424861829680808,0.4095952437657084,0.8036650705941261,0.0631473831764107,161226,0.0125698324022346,0.2510947365809485,0.4585922866038976,0.5886668478126621,0.0008837570532602,0.4106145251396648,0.1122822331348867,0.5386389421939449,0.7463475058134899,0.7848958462996206,0.1589758945949992,66790,0.0732833237160992,0.4840844437790088,0.0561910465638568,0.5913027341333663,0.002041482656089,0.4477784189267166,0.1660756757695179
100,7,250,14,1.011312935187151,0.3682136822168929,0.8015590781475379,0.0548022351402594,159811,0.0125698324022346,0.1763583232693619,0.4628279655342874,0.5540022707919386,0.0007495680033882,0.5116387337057728,0.1015148433934056,1.0911113583801642,0.3018051919310556,0.777199852405052,0.0502966310838406,103327,0.0185365853658536,0.1335468948096818,0.5387459231372246,0.5055438799913037,0.0008108122485406,0.3790243902439024,0.1062815103150598
100,7,250,21,1.0768414832480937,0.312640780026905,0.7916623332596238,0.0479740771653212,142577,0.0125698324022346,0.1452758860124704,0.5294542598034746,0.521991020132284,0.0007447719667978,0.4292364990689013,0.1001137222560913,1.1163651085674204,0.2749564904501891,0.7560319196540196,0.0487372448979591,78400,0.0259014728288471,0.136594387755102,0.5782015306122449,0.4938836492669717,0.000916003067511,0.2971051295073641,0.105817813781126
100,7,250,31,1.1923237260233157,0.2031152350315964,0.7825876950145513,0.0321668517599615,126963,0.0125698324022346,0.1040775659050274,0.6982506714554634,0.5015892235507795,0.0007400007109139,0.2537243947858473,0.0929307636132053,0.6935258826910987,0.6415155169723098,0.7272519118129083,0.1568927618150416,25476,0.1518105849582172,0.3784738577484691,0.1097111006437431,0.4912881144990665,0.0029745250046571,0.3321727019498607,0.1633150796819357
100,7,500,31,1.3040614078211168,0.1057251746968554,0.7752838307572245,0.0163315509848471,117074,0.0125698324022346,0.0439123972871858,0.8208312691118438,0.4300719704337677,0.0006972988086041,0.1643389199255121,0.0701558247333176,0.8530915842995178,0.52159685704191,0.6531944953797851,0.172512073470034,12631,0.1985494106980961,0.2505739846409627,0.1736204576043068,0.4211690363349131,0.0052687424077535,0.2447869446962828,0.1764218420879162
100,7,500,21,1.139558301219035,0.2629486770960956,0.7861003069541236,0.0409812966286468,134842,0.0125698324022346,0.1004212337402293,0.5774536123759659,0.5017354700539104,0.0007135005944239,0.4087523277467411,0.091906749716951,1.2475616243197285,0.1662202797480475,0.7421398991536187,0.0320449336464729,70682,0.02672147995889,0.0543278345264706,0.6949294021108627,0.3950520833333333,0.0008538397130517,0.2420349434737924,0.0934880293038681
100,7,500,14,1.057643583417275,0.3323348311683181,0.7973037385132754,0.0505188815220524,152636,0.0125698324022346,0.1404321392070023,0.494955318535601,0.5533006764637276,0.0007240162504904,0.4976722532588454,0.0957019718523483,1.1739685982073975,0.2360841390750881,0.7695632207989224,0.0409622751499,96064,0.0181283684468397,0.0753351932045303,0.6042950532978014,0.455437335912671,0.0007656690403518,0.3493385595296423,0.0996364158696104
100,5,25,7,0.495482031651286,0.7309712021256352,0.8641402087293337,0.0983414799387085,377867,0.0125698324022346,0.5321449081290507,0.1618373660573694,0.7690222796896757,0.0011680915427151,0.660148975791434,0.1201633483014274,0.4789399106609898,0.7444017477745777,0.8612912303622876,0.1045477094139023,340677,0.0147128618889416,0.5379347593174767,0.1456951892848651,0.7713437592081283,0.0012521844381492,0.6497389653535833,0.1247541558885294
10,10,1000,31,1.172248799490916,0.2948230719558591,0.5165510012940512,0.2030338626053143,49376,0.0135009310986964,0.0040708036292935,0.193049254698639,0.0796019900497512,0.0013169380706662,0.4334264432029795,0.2881436980746768,1.1321481495079455,0.3454189659811472,0.3842537455237967,0.393366756652526,31116,0.0963762528912875,0.0013819256973904,0.0205039208124437,0.0930232558139534,0.0025802047180882,0.630686198920586,0.4282519499114122
100,7,750,31,1.3422760734341763,0.0717466917912108,0.771721960087803,0.0121523065743278,114217,0.0125698324022346,0.0237968078307082,0.8646611275029111,0.3859455481972038,0.0006842785908504,0.1210428305400372,0.062115824047072,0.95897873068656,0.4374318570547738,0.5899955316763577,0.1800338409475465,8865,0.2311886586695747,0.1766497461928934,0.2152284263959391,0.3818646232439336,0.0078623445138774,0.1962922573609596,0.1824377717232709
10,10,250,31,1.0584506362564456,0.4009516650864294,0.5625627695669357,0.2549673181359956,61502,0.0135009310986964,0.0319501804819355,0.128808819225391,0.2763358778625954,0.0012691804702663,0.526536312849162,0.3283230485738385,1.0110137414369251,0.4538019609172963,0.4925197554018664,0.3755594118184309,43796,0.0911989795918367,0.0310530642067768,0.0147273723627728,0.2919117647058823,0.0020266460579132,0.642219387755102,0.3989566800514311
100,7,700,14,1.0697695726735392,0.3234863659297746,0.7962274334516047,0.0500556320864681,150992,0.0125698324022346,0.1308148776094097,0.5024239694818269,0.5496152288375861,0.0007187485187359,0.4967411545623836,0.0968666223812437,1.194852598171464,0.2197832241930486,0.7675414469488259,0.0391198044009779,94479,0.018172888015717,0.0611352787391907,0.6192804750261963,0.4279778393351801,0.0007569220798044,0.3511787819253438,0.0955555508059565
10,10,100,31,0.8671951213266602,0.5604184770451224,0.6470756688740017,0.3089028639933353,98429,0.0135009310986964,0.095703502016682,0.0616383382946083,0.4370488322717622,0.0013298576011759,0.6461824953445066,0.3457038568421798,0.8262024839437668,0.6003431384456313,0.6216403369049066,0.3741231393444626,81826,0.0567097136440202,0.0960941510033485,0.008078116979933,0.4517359786341091,0.0017054077079299,0.7164514317798989,0.3813166342714351
10,10,500,31,1.13976566307727,0.3262836000542362,0.5310742353129746,0.2151188317266393,52385,0.0135009310986964,0.010365562661067,0.1711940440965925,0.1767955801104972,0.0012818031632136,0.4650837988826816,0.2982121663690932,1.0969940463213494,0.377954300985874,0.4210055200644351,0.3786605996966515,34284,0.0945558739255014,0.0073211993933029,0.0187551044218877,0.2310756972111553,0.0023455297258051,0.6296561604584527,0.4081916085707508
10,10,700,14,1.1197135533485811,0.3469255168610934,0.5568009426191252,0.1985336779366,56877,0.0135009310986964,0.0156126377973521,0.1305976053589324,0.2905405405405405,0.0010935894015879,0.6000931098696461,0.2848798791595852,1.1475702218705552,0.3210250762826648,0.5010352902411228,0.2326097510229558,43257,0.0205680705190989,0.0044385879742007,0.1377118154287167,0.2083333333333333,0.0014750421841452,0.5088148873653281,0.3113870639309746
10,10,700,7,1.0600479234082605,0.4000154104545159,0.605751827337871,0.1917325921174542,70155,0.0130353817504655,0.0339961513790891,0.1144038201126078,0.4134171907756813,0.0008756540207489,0.6908752327746741,0.2825610684799868,1.0857734592936077,0.3788920332816746,0.5753609285536141,0.2035813003244802,58247,0.0152963671128107,0.0197778426356722,0.111095850430065,0.4088541666666667,0.0010053837597048,0.6763862332695985,0.2895676478806567
10,10,750,31,1.1616814567910962,0.3050540156912924,0.5203447540573701,0.2092125169201369,50236,0.0135009310986964,0.0050362289991241,0.1857233856198742,0.0830039525691699,0.0013030998910582,0.4422718808193668,0.2976439375503415,1.1216122057704536,0.3552031079269483,0.3951439959686789,0.3885435862198207,32017,0.0906344410876132,0.0023425055439297,0.0203017147140581,0.12,0.0024999876299474,0.6367069486404834,0.4207578570014176
10,15,1000,31,1.2446161016575306,0.2088687569701721,0.493150335789165,0.1518728452053994,34226,0.0135009310986964,0.0051130719336177,0.3376964880500204,0.1028571428571428,0.0009976567479082,0.3184357541899441,0.2494672035263406,1.177338227585583,0.2923092671044985,0.3299695756021319,0.3853364149974319,15576,0.1340405014464802,0.003145865434001,0.0302388289676425,0.0816326530612244,0.0029915225382755,0.5400192864030858,0.4049118030913255
100,7,700,7,0.8965838873765248,0.452353400254624,0.8197198378167784,0.0628646315608381,197631,0.0125698324022346,0.2552382976354924,0.393475719902242,0.621037606803719,0.0007626321738283,0.5758845437616388,0.0965797761025469,0.9511919774891088,0.4155530468459159,0.8064075297746384,0.0628309145621452,157518,0.0129001433349259,0.2063002323543976,0.4193869906931271,0.59284219596258,0.0007726856068188,0.5489727663640707,0.0984176103070378
10,15,100,31,0.8620733719835759,0.5636489522643218,0.6491823222652394,0.3148729782278914,93606,0.0135009310986964,0.0999935901544772,0.0651774458902207,0.4473290598290598,0.0012891960019359,0.6391992551210428,0.3493798602004121,0.815340204299471,0.6087006338454723,0.6258957743921163,0.382057382057382,76923,0.0572711959573273,0.1026481026481026,0.0082810082810082,0.4595997973657548,0.0016739173807372,0.7035373385738349,0.3845769283503101
10,15,500,31,1.184288018687622,0.2714447614325039,0.5156835558286087,0.1863890037205456,38704,0.0135009310986964,0.0118334022323274,0.2653989251756924,0.2248908296943231,0.0010157140869374,0.3938547486033519,0.2844540353698399,1.106819050170196,0.3612466980538943,0.3990596268533927,0.3805466633834031,20305,0.1415019762845849,0.0114257572026594,0.0254124599852253,0.25,0.0024182245189543,0.566798418972332,0.40022566310761
10,15,250,31,1.0689128911303154,0.3847021879279972,0.5603674757147544,0.2475193159979605,50994,0.0135009310986964,0.0386712162215162,0.1667647174177354,0.2692697768762677,0.0010954218449348,0.4990689013035381,0.3233928986477574,0.9927900553521858,0.4663318465980342,0.4974670327490078,0.3833524823123904,33074,0.1082138200782268,0.0439922597810969,0.0172643163814476,0.2852233676975945,0.0019369946513326,0.6016949152542372,0.3956967783261304
10,20,1000,31,1.2770710224287554,0.1681000089066233,0.4919901888644745,0.115605337758418,28926,0.0135009310986964,0.0046670815183571,0.4357671299177211,0.1259259259259259,0.0008053764109783,0.2611731843575419,0.2227313819554349,1.186314957508153,0.2781584031753201,0.321631035485972,0.363447251114413,10095,0.185501066098081,0.0062407132243685,0.0371471025260029,0.1111111111111111,0.0032222516958715,0.4861407249466951,0.3769089985180573
10,15,750,31,1.2252631311069098,0.2288179545714001,0.5016671212475057,0.1589024150243189,35569,0.0135009310986964,0.0075908796986139,0.3139250470915685,0.1777777777777777,0.0009988110265036,0.3459031657355679,0.2577479365371458,1.1524439883298276,0.3165083534281131,0.356384462656054,0.382037691401649,16980,0.1301989150090416,0.0080094228504122,0.0289752650176678,0.2058823529411764,0.0027624507541395,0.5587703435804702,0.3952293455939207
10,20,250,31,1.0696203506616906,0.3821731201948994,0.5615271716415833,0.2447263486291605,48401,0.0135009310986964,0.0408256027768021,0.1773103861490465,0.2884615384615384,0.0010364463817341,0.4874301675977653,0.3184116081279887,0.9822727937518074,0.4750943467681282,0.5037453158489422,0.3861701778026095,30427,0.109079033311561,0.0491668583823577,0.0180103197817727,0.2961229946524064,0.0018833127212365,0.5930764206401045,0.3921405124475894
10,20,500,31,1.1973931944761107,0.2538250737696014,0.516006216229775,0.1713183242427759,34468,0.0135009310986964,0.0127944760357432,0.3099396541719856,0.2063492063492063,0.0008765189398181,0.3677839851024208,0.2740731504998829,1.0957722464094295,0.368962903651144,0.4068353251256787,0.3756048513793753,15913,0.1704180064308681,0.018412618613712,0.0316093759819015,0.2013651877133105,0.0023495972017528,0.5257234726688103,0.390237880339877
10,20,750,31,1.2508172941990658,0.1965307992355538,0.4995221557620171,0.1349369988545246,30555,0.0135009310986964,0.0081165112092947,0.3911634756995581,0.1411290322580645,0.0008252277124896,0.3095903165735568,0.2422776883970844,1.1520888445706297,0.3133484697494044,0.3544748344126335,0.3662019433882552,11835,0.1689059500959693,0.0103929024081115,0.034558512885509,0.089430894308943,0.0028246395943776,0.510556621880998,0.382247672042402
10,10,50,31,0.699689533428022,0.6795923864173713,0.7212831584598302,0.326073500497609,164788,0.0135009310986964,0.162499696579848,0.0322050149282714,0.5730823810590784,0.001419622807894,0.7136871508379888,0.3397089335295762,0.6741488888184571,0.7024823859734697,0.7109803031939508,0.360106575265434,149378,0.0487932843651626,0.1616436155257133,0.0061990386803947,0.5872194152240536,0.0016215786417732,0.7534102833158447,0.3581824268972997
10,20,100,31,0.8609626589418427,0.5643888328094474,0.6503105325828233,0.3130492705043082,93078,0.0135009310986964,0.1004748705386879,0.0657513053567975,0.4507057313943541,0.0012820323509971,0.6401303538175046,0.3470525260885324,0.8132821065042739,0.6104369981205326,0.627235112173019,0.3812573673870334,76350,0.0572711959573273,0.1032612966601178,0.0083562540929927,0.4634703196347032,0.0016663365639483,0.6990454800673779,0.3830928686546636
10,10,25,31,0.5369224980355869,0.7751885031818625,0.7884569842246631,0.3071916490783002,288543,0.0130353817504655,0.2547142020426765,0.0184859795593724,0.682948731903777,0.0015058170466612,0.7648975791433892,0.3081389052831402,0.5238508421563598,0.7861768622777278,0.7845544605706585,0.3244434415818378,274769,0.036036036036036,0.2513857094504839,0.0070386397301005,0.6899367336006833,0.0016105839509042,0.7822822822822822,0.3187167509810621
10,2,1000,31,0.482893465204253,0.8112675915204239,0.8469731829655665,0.3065501036990365,571365,0.0125698324022346,0.0617941245963613,0.0214433855766454,0.0026057155804797,0.0017838719371063,0.8105214152700186,0.3202504840052876,0.4848022063459709,0.8109985963357719,0.8433667491745357,0.3245900350696659,559743,0.0276270350271336,0.0288650327025081,0.0168613095652826,0.0012378535619236,0.0018378817769192,0.8273310310804144,0.3509796277476085
10,2,250,31,0.4808540709504594,0.8119255481414626,0.847422975510953,0.3052327202755274,573736,0.0125698324022346,0.0681515540248476,0.0214471464227449,0.0505102171299966,0.0017736871970507,0.8151769087523277,0.3080118187223309,0.4827185180343313,0.8117143873600627,0.8441170117288618,0.3218996657422248,562141,0.0275726243229935,0.0364356985169201,0.0169192426811066,0.0627868372229274,0.0018272675377263,0.8306253077301822,0.3323896318605391
10,2,100,31,0.4691010570346908,0.8167199401924606,0.8490990340578234,0.3023276816903808,586850,0.0125698324022346,0.0928908579705205,0.0210275198091505,0.2036211545869792,0.0017585155106804,0.8109869646182495,0.2826414947127947,0.4705628646783007,0.8168893243903638,0.8462430324704198,0.3168632794914892,575327,0.026044226044226,0.0680639010510544,0.0165905650178072,0.2286319875379861,0.0018097083730211,0.8285012285012285,0.301482246612724
10,2,25,31,0.398679637673634,0.8437978101078093,0.8617316747637545,0.2766846651638795,686724,0.0125698324022346,0.2322155625840949,0.0186071842545185,0.5554280482604661,0.0017159282300822,0.8235567970204841,0.2341342045009623,0.3988100920135123,0.8446886897466821,0.8600756194559742,0.2849676257184014,676154,0.0200097608589555,0.2200016564273819,0.0153426586251061,0.5628449463883567,0.0017548275965739,0.8394338701805759,0.2415468043486293
10,30,1000,31,1.3002769373910286,0.1379441797886092,0.4965348610457786,0.0921879911977365,25448,0.0135009310986964,0.0054621188305564,0.5269962276013832,0.1223021582733813,0.0006440085474791,0.2192737430167597,0.2013035824750801,1.1751974498391151,0.2854151681148446,0.3388079488157142,0.3402457757296467,6510,0.2332955832389581,0.0110599078341013,0.0605222734254992,0.0694444444444444,0.0031949145682487,0.4043035107587769,0.3474105121454389
10,30,100,31,0.8607012982556373,0.56463915396255,0.6505605279229644,0.3131358757608999,92982,0.0135009310986964,0.101955217138801,0.0658299455808651,0.4460970464135021,0.0012798910472159,0.6396648044692738,0.3472105374100546,0.8129290443130935,0.6108250431144127,0.6276139231953493,0.3816379513806939,76266,0.0572711959573273,0.1035585975401882,0.0083785697427425,0.4615092428462902,0.0016641991464418,0.699606962380685,0.3836612407975984
10,30,250,31,1.0684915395793646,0.3826215876066111,0.5638312474309674,0.2455464308275426,47490,0.0135009310986964,0.0428511265529585,0.1811960412718467,0.2796068796068796,0.001011817474407,0.4883612662942272,0.3189907644240241,0.9770689723911188,0.4796281915464466,0.5071301906559614,0.3910523640061006,29505,0.1097322011757021,0.0514489069649212,0.0186409083206236,0.2944664031620553,0.0018549789899208,0.5845852384062704,0.3946877418579819
10,30,500,31,1.201855916108316,0.246790193037626,0.5203352044034215,0.1664856140786492,32219,0.0135009310986964,0.0137186132406344,0.3365405506067848,0.2217194570135746,0.0007893458040322,0.3505586592178771,0.2704918883697002,1.0802303447740031,0.3831694678511401,0.4197329715446563,0.3826889279437609,13656,0.1762794476035743,0.0217486818980667,0.0367603983596953,0.2121212121212121,0.0022370461989391,0.512591389114541,0.3890642716684577
10,30,750,31,1.264362453099792,0.178160964588681,0.5048860995072098,0.1193142691457359,27591,0.0135009310986964,0.0086622449349425,0.4493131818346562,0.1548117154811715,0.0006931283003822,0.2723463687150838,0.2301597717381125,1.136602071502707,0.3263157222700876,0.3722643716298587,0.3621966503361057,8777,0.1881773399014778,0.0153811097185826,0.0491056169534009,0.1111111111111111,0.0026861247216428,0.4571428571428571,0.3701507893576159
10,3,1000,31,0.7674980954812682,0.6638643588295698,0.7483844618905215,0.3112387955077629,268196,0.0135009310986964,0.0152164834673149,0.0253918775820668,0.0107816711590296,0.0017461700211239,0.7397579143389199,0.3416287820135472,0.7690274866183205,0.6652638541052781,0.7321370294707336,0.3434209386395319,253942,0.0398950131233595,0.0002953430310858,0.0115498814689968,0.1466666666666666,0.0018913647018407,0.7931758530183727,0.3791214314204894
10,2,500,31,0.4821028172150985,0.8115246856131082,0.847016083569404,0.3068001629367781,572001,0.0125698324022346,0.0641956919655734,0.0214684939361994,0.0119281045751633,0.0017836287830833,0.8123836126629422,0.3186818446412143,0.4840725352072743,0.8112266327423612,0.8434551036523624,0.3245474402535476,560368,0.0285855101034992,0.0305799046340975,0.0169228078691145,0.0106792717086834,0.0018375819295323,0.8289797930014786,0.3486517393992758
10,2,750,31,0.4828053554711886,0.8112284106341792,0.8469383820758166,0.3065824862503959,571471,0.0125698324022346,0.0623093735290154,0.021430658773586,0.0051954616940013,0.0017853636176532,0.8105214152700186,0.3195863119359851,0.4847276820895949,0.8109486452245022,0.8433591937166727,0.3244917898677698,559857,0.0281065088757396,0.0292681881266109,0.0168418006741007,0.003417551568412,0.0018393246695966,0.8274161735700197,0.350135292535509
10,3,250,31,0.7577155674434682,0.6693062033066043,0.7510161118992289,0.3103439412799301,272343,0.0135009310986964,0.0241496935849278,0.0246380483434492,0.1648167857685875,0.0017281939092683,0.7462756052141527,0.3351703151145697,0.7594559496916755,0.6705874756614181,0.7363464343560204,0.3396513595891605,258203,0.0391440501043841,0.0080905334175048,0.0113631522484246,0.359980852082336,0.001867159694711,0.7969728601252609,0.3656322911091383
10,3,100,31,0.7200221649329973,0.6893677121361348,0.76089215026126,0.3093177708708594,289243,0.0135009310986964,0.0566789861811694,0.0230117928523767,0.3912406978162742,0.0016878540329202,0.7607076350093109,0.3201536665565541,0.7203644077703119,0.6917048721415924,0.7491352777645007,0.334510509201228,275235,0.0377456049638055,0.0407142986902101,0.0108416444129562,0.4758165268606104,0.0018131549439433,0.8014477766287487,0.342631065647725
10,2,50,31,0.4452960621917844,0.8258086644955092,0.8532244796598238,0.2943926141885326,617400,0.0125698324022346,0.1418189180434078,0.0201473922902494,0.3863680489726927,0.0017368380047507,0.8170391061452514,0.2613319305366495,0.4461450804997208,0.8263864683501052,0.8508968208737281,0.305983543276432,606196,0.0201177625122669,0.1245042857425651,0.0161729869547143,0.4012772610435381,0.0017833916890272,0.8316977428851815,0.2730677968333803
10,3,500,31,0.7655169569322402,0.6648840980741927,0.7487737951128998,0.3106443690622597,269147,0.0135009310986964,0.0166526099120554,0.0253095891836059,0.0466309683177153,0.0017424859121713,0.7430167597765364,0.3433775062032557,0.7669117213192655,0.6664096451018487,0.7332876533592638,0.3417600866079343,254942,0.0413612565445026,0.0016905806026468,0.0115084999725427,0.2668213457076566,0.0018859607102504,0.7916230366492146,0.3776017334530784
10,50,1000,31,1.306017410199933,0.1299640410164574,0.4997730528755566,0.0866546141835812,24338,0.0135009310986964,0.0053414413674089,0.5583449749363136,0.1307692307692307,0.0005839943930001,0.2039106145251396,0.2008432078571184,1.1572072574957637,0.3033969675348936,0.3593520042369948,0.3465346534653465,5353,0.2465753424657534,0.0132635905099943,0.0777134317205305,0.0704225352112676,0.0029740388371691,0.3664383561643836,0.3497804037058716
10,3,750,31,0.7670651427269252,0.6640846741632976,0.7484695927417536,0.3114374091603622,268330,0.0135009310986964,0.0158908806320575,0.0253717437483695,0.022983114446529,0.0017426754205607,0.7397579143389199,0.3422101238050394,0.7687295663909673,0.6654085898591586,0.7324796729223046,0.3432319463467624,254076,0.0409019402202412,0.0006494119869645,0.0116028275004329,0.2121212121212121,0.0018872254417233,0.7923439958049292,0.3788357216835929
10,50,250,31,1.0688490041720515,0.3824282578848057,0.5634009196840667,0.2467247526423493,47401,0.0135009310986964,0.041792367249636,0.1814940613067235,0.2776375567895002,0.0010086899304319,0.4878957169459962,0.3206793874886723,0.97704603547804,0.4799194999514249,0.5072232584961361,0.393715781956677,29407,0.1097322011757021,0.0511102798653381,0.0187030298908423,0.2874251497005988,0.0018493441424826,0.5852384062704115,0.3965093173057765
10,50,500,31,1.202593127034032,0.2455709511891597,0.5219465213880701,0.164870146243066,31728,0.0135009310986964,0.015191628845184,0.343166918809884,0.2053941908713693,0.0007642279163605,0.3486964618249534,0.2697302432030272,1.0748720862933088,0.3884060809060233,0.4240757809559361,0.3873394634850672,13159,0.1770917952883834,0.0227980849608632,0.0380728018846416,0.2133333333333333,0.0021741289706736,0.5085296506904955,0.3913019725856994
10,50,750,31,1.2674993205890923,0.1736602454451945,0.5077897834691846,0.116097159324825,26719,0.0135009310986964,0.0093192110483176,0.4670833489277293,0.1566265060240964,0.0006469842794284,0.2704841713221601,0.2289463846605319,1.1248617116753232,0.3376318053893008,0.3851438537341493,0.3631291999492836,7887,0.1915103652517275,0.0172435653607201,0.0543933054393305,0.125,0.0025403202687877,0.437314906219151,0.3661381163925458
10,50,100,31,0.860587405488045,0.5647170299382992,0.6506255108105882,0.3132044222661963,92984,0.0135009310986964,0.1018454787920502,0.0658070205626774,0.4465681098204857,0.0012803578529302,0.6396648044692738,0.3472253987791603,0.8127710881765003,0.6109395889744736,0.6277112141712564,0.3814949325431684,76271,0.0572711959573273,0.1036173643980018,0.0083517981932844,0.4614703277236492,0.0016649807522075,0.699606962380685,0.38344453285759
10,5,1000,31,0.9840108021975296,0.4895900271883961,0.6221178435713743,0.2803394791736761,118888,0.0135009310986964,0.0097402597402597,0.057028463764215,0.0336787564766839,0.0016625902699481,0.6284916201117319,0.3347021819877365,0.9754406023320572,0.5021221321620253,0.5664423984735285,0.3602806798080588,102323,0.0567375886524822,0.0004691027432737,0.0116200658698435,0.2291666666666666,0.0020723287157984,0.7287234042553191,0.4073767963163525
10,5,100,31,0.8510176579348883,0.5854269483162907,0.6736886535716438,0.3064642448340261,149391,0.0135009310986964,0.0690670790074368,0.0390585778259734,0.4302190346966466,0.0015421454400938,0.6866852886405959,0.3415437662402801,0.8377545651247931,0.6001965306712403,0.6465554195841303,0.3547630993657188,133537,0.0379955947136563,0.0607397200775814,0.0082673715898964,0.4620885217605721,0.0018062345066257,0.7516519823788547,0.372791238795451
10,5,250,31,0.9515842998321704,0.5138599147490305,0.6347500248177734,0.2863315788212554,125201,0.0135009310986964,0.0233224974241419,0.0514852117794586,0.2335616438356164,0.0016184191794036,0.6457169459962756,0.3373640061792698,0.9414961364184322,0.5272646845144052,0.5901979418717958,0.3530368464577781,108830,0.0563218390804597,0.0149407332536984,0.0106036938344206,0.3204182041820418,0.0019823947481,0.7339080459770115,0.3870990839133411
10,3,50,31,0.6478563643238527,0.7261398470994475,0.7804053205492122,0.3059286968470875,327475,0.0135009310986964,0.1175753874341552,0.0200626001984884,0.5516453263382074,0.00164133067545,0.7681564245810056,0.3052054240063344,0.6461209295601221,0.7295915960560867,0.7722369706579086,0.3252430586526332,313916,0.0370934959349593,0.1053147975891639,0.0099007377769849,0.5842710223835451,0.0017426405180664,0.7992886178861789,0.3193074741310784
10,5,500,31,0.9766581661706784,0.4951782928551576,0.6252892337220471,0.2812957905954442,120112,0.0135009310986964,0.0122469028906354,0.055964433195684,0.089055064581917,0.0016483743756331,0.6322160148975792,0.3371870903220469,0.96769483438629,0.508001008524261,0.573341762651233,0.3574241371322678,103608,0.0579964850615114,0.0027990116593313,0.0113601266311481,0.2655172413793103,0.00204610212306,0.7252489748096075,0.4027860732040377
10,5,750,31,0.9820730811976632,0.4911195560128635,0.6233479234913373,0.2789437936557183,119257,0.0135009310986964,0.010037146666443,0.056818467679046,0.0492898913951545,0.0016587200752106,0.633147113594041,0.3318457394257807,0.9733596924116256,0.5037313097473143,0.5687150202729201,0.3588357345334463,102657,0.0565704183853859,0.0007403294466037,0.0117478593763698,0.2368421052631578,0.0020660827884772,0.7312905126694166,0.4075359170277031
10,7,1000,31,1.0862451309864325,0.3888939137806452,0.5589184135971441,0.2493356657363761,74887,0.0135009310986964,0.0063695968592679,0.1056124561005247,0.0419287211740041,0.0015358446168625,0.5339851024208566,0.3141946946442139,1.064572375947446,0.4171109090388705,0.4664330326767391,0.3804298603128156,57414,0.0782493368700265,0.0006618594767826,0.0143693175880447,0.1052631578947368,0.0022678971458455,0.6730769230769231,0.4221064033563417
10,5,50,31,0.7099802766187356,0.6761631291817395,0.7275416368968044,0.313809352302059,199908,0.0135009310986964,0.1441212957960662,0.0268773635872501,0.563222380340842,0.0015133261029447,0.722998137802607,0.3308774556636732,0.6954671637799873,0.689835909175695,0.7144698383803815,0.3428934490496661,184935,0.0428870292887029,0.1397518046881336,0.0064455078811474,0.5811955890887986,0.0016853212719063,0.7672594142259415,0.3475207871806606
10,7,100,31,0.8710839589608954,0.5616812833100243,0.6510507250246376,0.3049274191423779,113873,0.0135009310986964,0.0845591141007965,0.0525761154970888,0.4418942777027729,0.0014226712778626,0.6578212290502793,0.3439935973725099,0.8429772025354377,0.5898775074746548,0.6219400044381854,0.365276281360628,97455,0.0525139664804469,0.080396080242163,0.0076855984813503,0.4597319719208679,0.0017623501173808,0.7307262569832402,0.3803951727114809
10,3,25,31,0.5334119357012816,0.78119118850033,0.8110977497452596,0.2899221758723364,412083,0.0130353817504655,0.2198319270632372,0.0166034512464721,0.6731060062479992,0.0016178558367252,0.7867783985102421,0.2792791099526042,0.530252801133505,0.7848721385489268,0.806633316439955,0.3026239359038558,399400,0.0288413724515166,0.2120230345518277,0.0095568352528793,0.6849035214095085,0.0016905374536558,0.8145201392342118,0.2872561751687382
10,7,250,31,1.0219541618869568,0.4435422959429506,0.5857798348011212,0.272545951820755,83729,0.0135009310986964,0.0246748438414408,0.0854542631585233,0.2633107454017425,0.0014694313189624,0.5814711359404097,0.3380758220495292,0.9966895414316896,0.4731094302051296,0.5218953096874368,0.3679772747768058,66534,0.0734394124847001,0.0218685183515195,0.0120239276159557,0.2907216494845361,0.0020367299597384,0.6897184822521419,0.3980120793472796
10,7,500,31,1.069798529785944,0.403004911419871,0.5659444566392489,0.2555293750081362,76817,0.0135009310986964,0.0113516539307705,0.0994701693635523,0.1238532110091743,0.0015115740721848,0.5502793296089385,0.3280660343081262,1.0481434312703957,0.4306318917991636,0.4826977483952919,0.3727242133602557,59430,0.0755813953488372,0.0042402826855123,0.0140164899882214,0.2579365079365079,0.0021958395827573,0.6757105943152455,0.4146386960227308
10,7,750,31,1.081237123803329,0.3931120032487344,0.5601571197964047,0.2527116980931922,75414,0.0135009310986964,0.0086456095685151,0.1042644601798074,0.0736196319018405,0.0015260849155663,0.5405027932960894,0.3197590753518401,1.0593993258261225,0.4213445823274134,0.4723689511234062,0.377065296126384,57982,0.0769230769230769,0.0022248283950191,0.0142285536890759,0.1550387596899224,0.002241596224397,0.6712689020381328,0.4201300273325832
150,10,700,14,1.0573014532126273,0.318126867207566,0.8174055394829736,0.0419750816054434,174008,0.0125698324022346,0.160067353225139,0.5541009608753621,0.6141887767924461,0.0007482124826106,0.483705772811918,0.0817263840551496,1.2007951611855887,0.2028282792965299,0.7913575427116144,0.0307200148361073,107845,0.018172888015717,0.0751819741295377,0.685669247531179,0.4967932905772076,0.0007806371024684,0.3261296660117878,0.0822458190728956
10,7,50,31,0.7062146909976157,0.6757543941827133,0.7207121963013142,0.3219849471185226,173123,0.0135009310986964,0.1568537975889974,0.0308162404764242,0.5748849199042534,0.0014490204658876,0.7141527001862198,0.3374166766197772,0.6841529336424971,0.695781414476977,0.7094248486631709,0.3539797780142922,157848,0.0492662473794549,0.1553709898129846,0.0062401804267396,0.5875637104994903,0.0016441660039659,0.7615303983228512,0.3548671605451659
150,30,250,31,1.2179179395606936,0.169055386261755,0.807554791602822,0.0201267212745786,146621,0.0125698324022346,0.1079108722488593,0.7800110488947695,0.5631399317406144,0.0007270283691799,0.207169459962756,0.0749266520406025,0.5490453423550149,0.7271521132193793,0.788495109927234,0.136055675899894,21697,0.1527680448493342,0.5209015071208001,0.1177582154214868,0.5531764289506282,0.0023498118631193,0.2810091100210231,0.1434892372470388
10,5,25,31,0.5447766769966357,0.770507134226702,0.7886649083128157,0.3019817347122155,306045,0.0130353817504655,0.2450162557793788,0.0176215915960071,0.6780865761608834,0.0015330284555902,0.7704841713221602,0.3041255707011605,0.534290751123842,0.7795625895910004,0.7841302849048174,0.3176467371241848,292564,0.0355355355355355,0.2412907944928289,0.0069659971835222,0.6852095816865695,0.0016314245666214,0.7897897897897898,0.3131601988520386
150,30,500,31,1.3247559377525822,0.0788690693220041,0.8016433570468184,0.0091716970928278,136834,0.0125698324022346,0.0453469167019892,0.8935206162211147,0.5132957292506044,0.0006935577586284,0.1261638733705772,0.0600029963142711,0.6442207892683603,0.6599641309821758,0.7655240768528498,0.1427441229656419,8848,0.2111517367458866,0.4375,0.1859177215189873,0.5024541462154481,0.0028581883582076,0.196526508226691,0.1492545544278265
15,10,100,31,0.8658755729841976,0.5498793786699206,0.6775982943685371,0.2472942397915707,102097,0.0130353817504655,0.1308461561064478,0.101814940693654,0.4427726626244479,0.001238344714963,0.6075418994413407,0.2898642293729934,0.7955901736075367,0.6165633770725851,0.6503857388245922,0.3223416692080919,78696,0.0589569160997732,0.1446452170377147,0.0129739758056317,0.4526047614864271,0.0017420361447474,0.6638321995464853,0.3297076874897319
15,10,250,31,1.0789156794211636,0.3700383686402753,0.6052124901325134,0.1830910996730236,63919,0.0130353817504655,0.0480608269841518,0.2131134717376679,0.2913411458333333,0.0011003636927311,0.4706703910614525,0.2611103212973363,0.9897272910749758,0.4649221842103853,0.5269026878011517,0.3162769039735099,38656,0.104221635883905,0.0591628725165562,0.0248603062913907,0.3008307826847398,0.0021396064673829,0.5824538258575198,0.3372503352843993
15,10,500,31,1.1770754506901009,0.2777450383455134,0.5739374817971501,0.1446061963419186,53580,0.0130353817504655,0.0172639044419559,0.2884098544232922,0.174054054054054,0.001073397627464,0.3864059590316573,0.2341554038068926,1.099535387659355,0.3681629950723971,0.4411258903565519,0.3072456450391315,27727,0.1349883630721489,0.0202329858982219,0.0342265661629458,0.2032085561497326,0.002641996416452,0.5546935608999224,0.3363758580001918
150,10,700,7,0.8721237625032282,0.4522585009454614,0.8368099200773633,0.0541665360027596,223219,0.0125698324022346,0.2988724078147469,0.4335876426289877,0.6830650238330785,0.0008014537446585,0.5526070763500931,0.0835805584006456,0.9305994899428152,0.4129058729507943,0.8245414864257432,0.0540913675834981,177459,0.0129001433349259,0.2479558658619737,0.4653638305185986,0.6569928639607291,0.0008117356237974,0.52269469660774,0.0864585461041617
15,10,700,14,1.1277900284874738,0.3289199813231025,0.6085666579409692,0.138530638434392,62340,0.0130353817504655,0.0265640038498556,0.1990696182226499,0.3291062801932367,0.0008621796530023,0.5870577281191807,0.2241129429084114,1.1729866660327584,0.2865714543223151,0.5559271109382466,0.1515406672431841,43942,0.0171736997055937,0.0100359564880979,0.2247963224250148,0.2244897959183673,0.0011497442919369,0.4720314033366045,0.2372444624067436
15,10,700,7,1.0381312226872796,0.4092856013018562,0.6597832217440723,0.1468555090419949,82891,0.0130353817504655,0.0580642047990734,0.1628524206488038,0.4126324537710368,0.000729056658658,0.6778398510242085,0.2317944130649792,1.0702174408738605,0.3836898831367061,0.6344092786396291,0.1518098405439914,67354,0.01434034416826,0.0370133919292098,0.1628708020310597,0.4071399919775371,0.000794584547052,0.6534416826003824,0.2377152475557173
10,7,25,31,0.538465370442485,0.7739597564881294,0.7881356681317225,0.3058888988109549,291158,0.0130353817504655,0.2542227931226344,0.0182203477149863,0.6805955227711804,0.0015109624844171,0.7662942271880819,0.3088735595809225,0.5260694549145883,0.7844378832078124,0.7839529264680692,0.3211174191222853,277425,0.0355355355355355,0.2520068486978463,0.0069207894025412,0.6875259250783116,0.0016149271036815,0.7837837837837838,0.3173284795768617
15,10,50,31,0.6884004880862193,0.6778482804527629,0.7426113930574859,0.2706302851698651,168987,0.0130353817504655,0.2126435761330753,0.0509920881487925,0.5706016585963155,0.0013704808394188,0.6857541899441341,0.2911165182697039,0.6462601931054208,0.7148596920776863,0.7305687404214944,0.3116237426321465,147431,0.0506062203479177,0.2189227503035318,0.0090754318969551,0.5838703680753501,0.0016435926144912,0.7158671586715867,0.312828491639297
15,10,25,31,0.5223488193702381,0.7763572967709418,0.8016274136088517,0.2600941665982316,292248,0.0130353817504655,0.313870411431387,0.027959130601407,0.6832482993197279,0.0014821944410558,0.7439478584729982,0.266723329278875,0.5008378587039563,0.7940798771490726,0.7968060531854151,0.2812210746598471,273333,0.0386546184738955,0.3138991632916625,0.0092414746847252,0.690672385459038,0.0016230509436382,0.768574297188755,0.279285264328891
15,2,250,31,0.5424033663937224,0.7816531301295535,0.8386046264517261,0.273329816802256,492910,0.0130353817504655,0.0748067598547402,0.0316568947678075,0.0875708513004095,0.0017651714225723,0.7900372439478585,0.2667168820672776,0.5455618374553732,0.7818419975969564,0.8331106659451403,0.2986368879102443,476850,0.0299102691924227,0.0262472475621264,0.0233721296005033,0.1619527005433045,0.0018521236431651,0.8130608175473579,0.3047855046274398
15,2,100,31,0.5238191702390695,0.7894483027253429,0.8418473050125131,0.2703742348222203,510829,0.0130353817504655,0.1099722216240659,0.0299571872387824,0.2815921106502661,0.0017438582955207,0.7914338919925512,0.2482737044574163,0.5262639786903708,0.7901393193459556,0.8372649120278144,0.2913508346855758,494857,0.030272952853598,0.0723926305983344,0.0222165191156233,0.3575256811076373,0.0018254314879504,0.8094292803970223,0.2717122505723047
15,2,500,31,0.5457122235728965,0.7803795081971824,0.8378981278294628,0.2744639137360617,489660,0.0130353817504655,0.0681146101376465,0.0318139116938283,0.0236860252451053,0.001776383104224,0.7886405959031657,0.2759956215784019,0.5492082701810249,0.780337717308522,0.8321557422250053,0.3014786794321837,473463,0.0319361277445109,0.0163434101503179,0.0234210487408731,0.0469113466011889,0.0018651567402036,0.813872255489022,0.3216488888662744
15,3,100,31,0.7479309284106684,0.6626674631805516,0.7604866912919687,0.2604932007699726,258191,0.0130353817504655,0.0885972012967144,0.0392848705028447,0.3917377049180328,0.0016572951604032,0.7253258845437617,0.2745278428296571,0.7444921801347173,0.6695739919324679,0.7431150897986497,0.2951644441460569,238318,0.0389884088514225,0.0668182848127292,0.0165199439404493,0.4729967344888219,0.0018567001578037,0.7781875658587988,0.3026050497299138
15,3,250,31,0.8030706657637072,0.6314170157411977,0.7465572892425216,0.2589493317804138,236973,0.0130353817504655,0.0407936769167795,0.0441906883906605,0.1749250025861177,0.0017017669042543,0.7099627560521415,0.2839373842438672,0.8025498846370526,0.6366093681680695,0.7237988021474057,0.2997996750489273,216648,0.0442902881536819,0.015319781396551,0.0182554189283999,0.3564326604398915,0.001935910653077,0.7577374599786553,0.3237569152762884
15,3,500,31,0.8157785178608391,0.6239873661291893,0.74390498269293,0.2561795530947202,232622,0.0130353817504655,0.0282862326005278,0.0455889812657444,0.0609422492401215,0.0017205752230723,0.712756052141527,0.2864825029780107,0.8157878421486118,0.6287949317566509,0.7189103063518755,0.3011964765179707,212290,0.0461373390557939,0.0037401667530265,0.0188327288143577,0.2745591939546599,0.0019641391783027,0.7516094420600858,0.3368368756979987
15,2,25,31,0.4232948152215483,0.830031597605641,0.8604066339394344,0.244338729256837,629364,0.0130353817504655,0.2716250055611697,0.0241211762986125,0.6252083930483003,0.0016934679220477,0.7998137802607076,0.2049472405005527,0.4230727607517036,0.8317899161529693,0.857880371217782,0.2551010450921652,614874,0.0244977951984321,0.256631439937288,0.0186981397814836,0.6393001090014956,0.0017505336513224,0.8162665360117589,0.2126420477953248
15,5,100,31,0.8544897129161104,0.5706875776390608,0.6940877761450078,0.2462139271391311,142628,0.0130353817504655,0.1084148974955829,0.06824746894018,0.4319989652719395,0.0014635448026764,0.6499068901303539,0.2847008870816784,0.8251318037240655,0.6003972641287032,0.6593059128708463,0.3054055628125234,120191,0.0453781512605042,0.1029361599454202,0.0132705443835228,0.4634658907209829,0.0018547718417863,0.711484593837535,0.3227886432203954
15,5,250,31,0.9828712283713946,0.4769731401562506,0.6505768331204991,0.2246661225056876,115162,0.0130353817504655,0.0366787655650301,0.095561035758323,0.2516571969696969,0.0015163012055615,0.589851024208566,0.2809012939553676,0.9594608175800148,0.5054710583929829,0.5897893851985527,0.3039970343880154,91718,0.0658288450029922,0.027290172049107,0.0177936719073682,0.3188174190970835,0.0021003329023031,0.6864153201675643,0.3370789302134187
15,3,50,31,0.6571246153669632,0.711475771765454,0.7835540224639884,0.2605356504705306,302212,0.0130353817504655,0.1638187762233134,0.03231175466229,0.5554051870404783,0.0016130018345121,0.7402234636871509,0.2633758058877903,0.6510009426088229,0.7193083609761582,0.7723490617985365,0.2870924147956825,283407,0.0401441070509521,0.1480485661963183,0.0139834231335146,0.5902569235902569,0.0017645192423995,0.7766340710241894,0.2827642735843992
15,3,25,31,0.5273803229036051,0.7768174764280145,0.8164555507683605,0.2486921171314235,393575,0.0130353817504655,0.2783408499015435,0.0242901607063456,0.6788074633950414,0.0015913250898326,0.7662942271880819,0.2423326536078213,0.5198725373556446,0.784119985507458,0.8107455383311142,0.2650691469702166,376083,0.0359281437125748,0.2702275827410438,0.0120664853237184,0.6896229385602393,0.0016949945606137,0.7879241516966068,0.2529768187482971
15,5,500,31,1.0193073840486484,0.4489005527360022,0.6378251173419762,0.2168458945937755,108893,0.0130353817504655,0.019312536159349,0.1055807076671595,0.1098430813124108,0.0015567749373424,0.5754189944134078,0.2740675774864682,0.999460372458632,0.4755069909414731,0.5648459837128803,0.3063307493540051,85140,0.0671224362958359,0.0062485318299271,0.019497298567066,0.2481203007518796,0.002225729758626,0.6768178993163455,0.3441760942196308
15,7,100,31,0.8695092430416675,0.550988350689367,0.6790806168279006,0.2438070175438596,114000,0.0130353817504655,0.1222280701754386,0.0892543859649122,0.4378498636428879,0.0013287101779747,0.6196461824953445,0.2871027465886328,0.8174020407165972,0.6014743527898471,0.6461456965267813,0.3129808803619192,90849,0.0587902769926512,0.1262754680844038,0.0127684399387995,0.4575488145048814,0.0018018438454814,0.6721311475409836,0.3275771197424563
15,7,250,31,1.0476577387354489,0.4087123726218742,0.6165326555359953,0.2011779750633253,81326,0.0130353817504655,0.040319209109018,0.1504561886727491,0.2695943885330893,0.001319188856024,0.5232774674115456,0.2713113398912039,0.9977115578423188,0.4641932469953642,0.5367237624387172,0.3100530592818488,56729,0.0796178343949044,0.0399971795730578,0.0212237127395159,0.3085059497576025,0.002176444041081,0.6242038216560509,0.3404554343225156
15,5,50,31,0.6997408883553872,0.6731514703451741,0.7450451199161752,0.263054674008833,196309,0.0130353817504655,0.1943059156737592,0.0438441436714567,0.5617397231543624,0.0014592854230556,0.696927374301676,0.2832516850443158,0.6727574519357922,0.6977741413616597,0.7298612185886613,0.3017167626760965,175330,0.0494476591267753,0.1901328922603091,0.0096731877031882,0.5802135829133669,0.0017023867890748,0.7390846922672277,0.3067494791783097
15,7,500,31,1.111808958773571,0.3527876545271715,0.5948654409080866,0.1798941076935673,73282,0.0130353817504655,0.0168117682377664,0.1818454736497366,0.1655844155844155,0.0013391704475942,0.4851024208566108,0.2516422086048857,1.0683841169918888,0.4057191226076657,0.4860425982728626,0.3107218287986085,48294,0.0946132596685082,0.0122375450366505,0.0256967739263676,0.2301184433164128,0.0024298992372873,0.6125690607734806,0.3426276988886473
15,7,50,31,0.6930722917472868,0.6748878890962917,0.7423772411417849,0.2680760906188787,175107,0.0130353817504655,0.2101343749821537,0.0496039564380635,0.5691379497771497,0.0013959533063706,0.6824953445065177,0.2894450513443911,0.6547941790638483,0.7088062182681338,0.7291423103303715,0.3076587743098254,153693,0.0500790722192936,0.214616150377701,0.0088878478525372,0.5819918144611187,0.0016625506395231,0.7227200843437006,0.3105879374016352
15,5,25,31,0.5293764009535394,0.7722118790558744,0.8011109279974943,0.2588403731621372,305926,0.0130353817504655,0.3052404829926191,0.0266927296143511,0.6835544703954766,0.0015039701788767,0.7439478584729982,0.2646938781977486,0.5108750969105295,0.7874985947364587,0.7957041616900441,0.2786884675111244,287206,0.0386352232814852,0.3039142636295899,0.0093138722728633,0.6902137799876269,0.0016390142599687,0.77019568489714,0.2764260314853476
200,10,1000,14,1.053840063229204,0.3108036118629837,0.8285805160798119,0.0374736975669588,189146,0.0125698324022346,0.1760756241210493,0.5866579256235923,0.6663463848186404,0.0007776583831236,0.4660148975791434,0.0707464548805009,1.2140446502215303,0.1851687220622118,0.8022694905979898,0.0262999103510102,116008,0.0172244094488189,0.0764516240259292,0.726915385145852,0.5516969218626677,0.0008112530004718,0.3075787401574803,0.0731707583644138
15,2,50,31,0.4869721559770751,0.8043518000698335,0.8482559639488163,0.2623350916269015,548638,0.0130353817504655,0.1701960126713789,0.0276885669603636,0.4695210760795065,0.0017127891740246,0.7905027932960894,0.2291454832966407,0.4880144918199168,0.8057501693821237,0.8446145474988539,0.2793143272825447,533374,0.0266930301532377,0.1442515008230622,0.0208109131678709,0.5079542500649857,0.0017832594176871,0.8136431043005438,0.2448671722187214
15,7,25,31,0.5235331741684726,0.7756119158925084,0.801548166020449,0.2590620366969981,294084,0.0130353817504655,0.3129173977503026,0.0276757661076427,0.682343736416587,0.0014851572422972,0.7434823091247672,0.2663208702905168,0.5025596733297458,0.7928698343308731,0.7968438225981269,0.2788938879641811,275162,0.0386546184738955,0.3132772693903954,0.0091909493316664,0.6889747337648778,0.0016255476143553,0.768574297188755,0.2776258865533379
200,10,500,14,1.0373069401758688,0.3230168513729568,0.8299677895245825,0.0381948610929959,191675,0.0125698324022346,0.1890230859527846,0.5753488978740054,0.6661422538709945,0.0007839107943429,0.4720670391061452,0.0753091137455316,1.1834600952754126,0.2083046607264722,0.804195924762291,0.0281364847095316,118636,0.0181283684468397,0.0993796149566742,0.7040274452948515,0.5707379134860051,0.0008215604859253,0.3091621754042136,0.0746768053554492
200,10,600,14,1.0428578159394348,0.3189831414092593,0.8293409827985555,0.0380319065249997,190682,0.0125698324022346,0.1841285491026945,0.5793520101530296,0.6640273426374252,0.0007814098991369,0.4716014897579143,0.072156427274415,1.1943453272915865,0.2001419489121101,0.8042278838683127,0.0272558068381734,117663,0.0181550539744847,0.0916515812107459,0.712781418117845,0.5589762611275965,0.0008181407439757,0.3076545632973503,0.0747181055837345
200,10,1000,7,0.8591810743026861,0.4498773480208304,0.8461554920637455,0.0499870478227807,239342,0.0125698324022346,0.32075022352951,0.4589583107018409,0.7325873725071318,0.0008306395898953,0.5460893854748603,0.077195851973333,0.9212023205281472,0.4077926750747994,0.834273255895811,0.0489656661173385,189929,0.0129001433349259,0.2699008576889258,0.4952166335841288,0.7085560454137568,0.0008418846454876,0.5107501194457716,0.078930033442031
200,10,700,14,1.0472128515361518,0.3158179957261937,0.8289976509437623,0.037459686117293,190071,0.0125698324022346,0.1807219407484571,0.5824507683970727,0.6680349344978166,0.0007800889069568,0.4646182495344506,0.0717280701648945,1.2022600366457894,0.1942761614759,0.8034187369126793,0.0266117454023381,117016,0.018172888015717,0.0853131195733916,0.7183547549053121,0.555644595812882,0.0008157582766417,0.3104125736738703,0.0735080808696464
200,10,800,14,1.0500892133548485,0.3136344778816322,0.8290030569691282,0.0373065464420364,189645,0.0125698324022346,0.1786337630836563,0.5849086451000554,0.6662042093455737,0.0007792300195081,0.4683426443202979,0.0721033197348163,1.2067613601729696,0.1906487792940601,0.8029466312042229,0.0261866355493015,116548,0.0172074729596853,0.0822322133369942,0.7224319593643821,0.5553005008347245,0.0008137476109341,0.3033431661750246,0.073505978855773
200,10,900,14,1.0528990234090991,0.3115552916106118,0.828493770001369,0.0375396703859578,189373,0.0125698324022346,0.1765404783152825,0.5861500847533704,0.6670555156736061,0.0007784312582144,0.4650837988826816,0.0722842787586342,1.2113390619051387,0.1873075702340293,0.8023176103624109,0.0264742310603454,116264,0.0181907571288102,0.078588385054703,0.7247643294570977,0.5513844806829376,0.0008124152070415,0.3048180924287119,0.0753274495780639
200,15,1000,14,1.0537821251154418,0.3108640304757104,0.8286004378666735,0.037488567335092,189151,0.0125698324022346,0.1759758076880376,0.586631844399448,0.6666165955657033,0.0007777562947836,0.4660148975791434,0.0709126618099858,1.2139870124471093,0.1852268125840294,0.8023177570537492,0.0262921968207992,116004,0.0172244094488189,0.0764542601979242,0.7269749318989001,0.551584169579434,0.0008111600273724,0.3075787401574803,0.0733666142998542
200,10,700,7,0.856364146916483,0.451785271150951,0.8462507841313393,0.0499516610271198,239972,0.0125698324022346,0.3234794059306919,0.4579325921357491,0.7308376059567671,0.0008324256407436,0.547486033519553,0.0772335517699617,0.9181375528394056,0.4100657117317785,0.8343494748422068,0.0491509151859487,190617,0.0129001433349259,0.2726094734467545,0.4934030018308965,0.7059502732661073,0.0008443375108665,0.5107501194457716,0.0787310484909662
200,15,700,14,1.0472686806523028,0.3157930200270815,0.8290591681974446,0.0374988819261387,190059,0.0125698324022346,0.1807596588427804,0.5824349281012738,0.6675301993887353,0.0007798970144199,0.4646182495344506,0.0716626145759652,1.202302396288658,0.194223900563432,0.8034525421662233,0.0265447397658319,117010,0.018172888015717,0.0853089479531663,0.7184941457995043,0.5554998998196754,0.0008155592766694,0.3099214145383104,0.0735304073524596
200,3,1000,14,1.0135665427350675,0.3529669414629477,0.8279271051276069,0.0479667391432097,204204,0.0125698324022346,0.1858582593876711,0.519666607901902,0.624140384159355,0.0009122777686989,0.4976722532588454,0.0741468672616386,1.156386881634588,0.25069734865338,0.7984119660595952,0.0433466586154445,130829,0.0147130946542422,0.0780713756124406,0.5988733384800006,0.4876639906011357,0.0010691710048542,0.3609612555174105,0.0776324870657387
200,15,1000,7,0.8591888668520048,0.4498710061468841,0.8461641869112682,0.0500081473713237,239341,0.0125698324022346,0.3207682762251349,0.4589602282935226,0.7325231526708609,0.0008306239068121,0.5465549348230913,0.0773992123255824,0.9211952142188868,0.4078006356075232,0.8342744373543595,0.0489817193883998,189928,0.0129001433349259,0.2698864832989343,0.4951981803630849,0.708597514582805,0.0008418649017507,0.5107501194457716,0.0790577696445861
200,15,700,7,0.85640438246296,0.4517574123610982,0.8462974306572277,0.0499906244140258,239985,0.0125698324022346,0.3234535491801571,0.4579536221013813,0.730779140472019,0.0008326337950625,0.5465549348230913,0.0770783815925333,0.918134648901139,0.4100542995889546,0.8343379636691121,0.0491656218359991,190621,0.0129001433349259,0.2725617849030274,0.4934503543680916,0.7060589729771345,0.0008444165623682,0.5102723363592929,0.078614315951482
200,3,700,14,1.0078132598577272,0.3571793216412757,0.8284907652784844,0.048580610605249,205370,0.0125698324022346,0.1905536349028582,0.5154160782977065,0.6241375785761741,0.0009163012928737,0.5013966480446927,0.0753985005097121,1.1457651984110098,0.2584156103678843,0.7990215011185229,0.0442502007241217,132022,0.0151960784313725,0.0861598824438351,0.592090712154035,0.5008351648351649,0.0010739473013632,0.3627450980392157,0.0797380390131027
200,3,1000,7,0.8404535167808709,0.4691581316182965,0.8457235478532465,0.054709946572786,250247,0.0125698324022346,0.3272366901501317,0.4306505172889185,0.7136036146049579,0.0009091250415739,0.5581936685288641,0.0746317194287158,0.9018806784780816,0.4298562852192409,0.8331669723384963,0.0551924907904509,200607,0.0129001433349259,0.2717253136730024,0.4578504239632714,0.68631443771785,0.0009467364372723,0.5298614429049212,0.0778273058211978
205,10,1000,14,1.053694063556204,0.3103823599657438,0.8297745655631302,0.03734982128142,190523,0.0125698324022346,0.1767083239293943,0.5889735097599765,0.6705676181423946,0.0007804259657487,0.4688081936685289,0.0729451725847516,1.215372155078352,0.1832805179805766,0.8035170979022227,0.0258056233149313,116835,0.0172244094488189,0.0770916249411563,0.7321692985834725,0.5570112135006107,0.0008144071326184,0.2977362204724409,0.0733021432398911
205,10,500,14,1.0366687335564158,0.3226500144729753,0.8308962871920882,0.0381065762571495,193195,0.0125698324022346,0.1898134009679339,0.5774994176867931,0.6734476834555916,0.0007876201789083,0.4739292364990689,0.0746033079877782,1.183591266174497,0.2072028583446903,0.8060327364077555,0.027207130375164,119601,0.0181283684468397,0.1006262489444068,0.7078870578005201,0.5803905276277523,0.0008264455345238,0.3027927486526213,0.0752427465006069
200,3,700,7,0.8377986316010413,0.4710670442018487,0.8455702718365732,0.0548894843932293,251141,0.0125698324022346,0.330973437232471,0.4293444718305653,0.7104462169608161,0.00091236986129,0.5600558659217877,0.0745247394261085,0.8986011943516938,0.4322759385133759,0.8330276506673928,0.0554697854976345,201443,0.0129001433349259,0.2761823443852603,0.4555928972463675,0.6827896108564753,0.000950348880113,0.5312947921643574,0.0770303185457004
205,10,600,14,1.0434331555947238,0.3178571879445502,0.8307934563339517,0.0372876415722851,192128,0.0125698324022346,0.1850745336442371,0.5818985259826782,0.6698914449631588,0.0007847716152471,0.4739292364990689,0.0724440384765217,1.1957602818618889,0.1982111562613103,0.8056887904645366,0.0265926482126736,118529,0.0181550539744847,0.091386917969442,0.7169384707539926,0.5649926144756278,0.0008217643700468,0.2988223748773307,0.0741947265724062
205,10,700,14,1.047031601505387,0.3151380980188438,0.8303017908604532,0.0370737872291535,191483,0.0125698324022346,0.1825122856859355,0.5848822088644945,0.6672484834611423,0.000782986746902,0.4660148975791434,0.0721022269870879,1.20338937245459,0.1924650655900725,0.8043235302663192,0.025359643539147,117825,0.018172888015717,0.0864926798217695,0.7235221727137704,0.5568638995191836,0.0008185681012438,0.2927308447937131,0.0720017673823582
205,10,900,14,1.052184537583326,0.3114447910286986,0.8298771893215294,0.0371531308641457,190778,0.0125698324022346,0.1779502877690299,0.5883854532493265,0.6692391528469175,0.0007814120070435,0.4669459962756052,0.070390656220144,1.2128168244859567,0.1853117132125295,0.8038575943408638,0.0253532195513641,117066,0.0181907571288102,0.0787504484649684,0.7299044983171886,0.5577611454604621,0.0008156243280659,0.2930186823992133,0.0717978406568212
205,10,800,14,1.05012086370132,0.3129611981587352,0.8300913497722977,0.0374745502792272,191063,0.0125698324022346,0.1795899781747381,0.5868483170472567,0.6692798647742838,0.0007822528071804,0.4692737430167598,0.0712703181414809,1.2085209592070194,0.1882591728905195,0.8040427608796628,0.0256316336439681,117394,0.0172074729596853,0.0822869993355708,0.7276010699013579,0.5614906832298137,0.0008172047676658,0.2925270403146509,0.0714879859399484
210,10,1000,14,1.0512959988965078,0.3112433210238935,0.8304510562410073,0.0374486905997527,191729,0.0125698324022346,0.1795398713809596,0.5900411518340992,0.6766987188798187,0.0007841509505252,0.4655493482309125,0.0726443391351317,1.2142100532037703,0.1838192560259562,0.8047268958418439,0.0255303939339784,117507,0.0172244094488189,0.078335758720757,0.7325180627537083,0.5642585551330799,0.0008190146434211,0.3105314960629921,0.0742208290876437
210,10,500,14,1.0355527586636628,0.3226250285171778,0.8313786547498451,0.0380694070601071,194303,0.0125698324022346,0.1921174660195674,0.5798109138819266,0.6738728602427068,0.0007904371893225,0.4720670391061452,0.0756295073794893,1.1833170773079174,0.2068214542445831,0.8066618577052633,0.027049971701568,120148,0.0181283684468397,0.1014332323467723,0.7106235642707328,0.5850496430622795,0.0008293786078694,0.3125918667319941,0.075619109228105
210,10,700,14,1.0456797745526496,0.3156971083962946,0.8307848895960227,0.0374901423650022,192744,0.0125698324022346,0.1836996222969327,0.5857925538538165,0.6709125314203406,0.000786965149574,0.4646182495344506,0.073310587425118,1.2027673551350777,0.1927176950724403,0.8053253779969033,0.0256464371037591,118457,0.018172888015717,0.0863351258262491,0.7233932988341761,0.5660506502395619,0.0008231701411905,0.3089390962671905,0.0714677439549239
210,10,600,14,1.0418569388856505,0.3180083934891564,0.8308971140975288,0.0375031045616359,193264,0.0125698324022346,0.1869773987912906,0.5837145045119629,0.678215629842816,0.0007876164208551,0.4706703910614525,0.07498664389089,1.1943242551709123,0.1985981497138616,0.8057266904474698,0.0269782511982406,119133,0.0186457311089303,0.0931563882383554,0.7175929423417525,0.5815462245449631,0.0008259386712677,0.3130520117762512,0.0745677135826341
210,10,800,14,1.0484153292715546,0.3133425588200382,0.8308430489599269,0.0372057943876622,192255,0.0125698324022346,0.1819094431874333,0.5884580375022757,0.6757784576673433,0.000785878438872,0.4636871508379888,0.0722407873990451,1.208428571991974,0.1880916444331028,0.8052714493863304,0.0254645910835797,118007,0.0172074729596853,0.082876439533248,0.7285245790503954,0.5678936605316973,0.0008210813291263,0.3062930186823992,0.0717940410685424
210,10,900,14,1.0501464254753623,0.3120509267308816,0.8306093155210056,0.037403522659806,192014,0.0125698324022346,0.1799452123282677,0.5895663857843699,0.6761692521416994,0.0007853704019341,0.4674115456238361,0.0721836366928514,1.2119758154638431,0.1854538922687459,0.8046425202689779,0.0259594638215456,117722,0.0181907571288102,0.0797217172661015,0.7311207760656462,0.5655833777304209,0.0008197032633483,0.3087512291052114,0.0737074646188681
215,10,1000,14,1.0513523395096085,0.310489521240859,0.8312374846402522,0.0364587650227932,193040,0.0125698324022346,0.1804496477414007,0.5927372565271446,0.6773554573118218,0.0007864409221297,0.4674115456238361,0.0702345025697602,1.2150344776823108,0.1825266154449623,0.8059891769138158,0.0246826992952628,118342,0.0172244094488189,0.0793463013976441,0.7356813303814369,0.564643237486688,0.0008210337443129,0.2982283464566929,0.0717487227743336
215,10,500,14,1.0342234519217572,0.3230050418045039,0.832206864319746,0.038258460563373,195643,0.0125698324022346,0.1935106290539401,0.5807823433498771,0.6786497266171848,0.0007928178406212,0.4711359404096834,0.076651226505514,1.183501998725906,0.2062753316718902,0.8077909994413008,0.0270402049502086,121005,0.0181283684468397,0.1019048799636378,0.7116648072393703,0.593463628253994,0.0008319058833313,0.308672219500245,0.0766273257836375
215,10,600,14,1.0413413249456749,0.3179753410071124,0.8321605176540694,0.0373314152130911,194635,0.0125698324022346,0.1879004290081434,0.5856757520487066,0.6753800721863721,0.0007906452308252,0.4716014897579143,0.0741259957800268,1.1947607656614354,0.1979369688078811,0.8073670201567503,0.026385774191128,119951,0.0186457311089303,0.0937882968878958,0.720327467049045,0.5776888888888889,0.0008278691011557,0.3066732090284593,0.0737319261062296
215,10,700,14,1.0450267658149204,0.3152969108720879,0.8315264261029881,0.0369480850800653,194029,0.0125698324022346,0.1855650444005793,0.5884223492364543,0.6739897236494932,0.0007893845346167,0.4692737430167598,0.0714307335080054,1.2034086536031745,0.1914016194065294,0.80668586093948,0.0253713078754148,119308,0.018172888015717,0.0876051899285881,0.7270426123981627,0.5724263298890164,0.0008259083260061,0.3015717092337917,0.071293539970306
215,10,800,14,1.0468963149818369,0.3137057953471408,0.8315447896212834,0.0368266395368653,193637,0.0125698324022346,0.1838853111750337,0.5901661356042492,0.6780127503019069,0.0007883598290468,0.4674115456238361,0.0712965440869617,1.2079131138145784,0.1878412380350669,0.8061025323993048,0.0252430941085427,118884,0.0172074729596853,0.0842081356616533,0.7308973453113959,0.5711717111177704,0.0008239326317114,0.2999016715830875,0.071572958273713
215,10,900,14,1.04972466354745,0.3116346303418093,0.83147633389796,0.0369603800042429,193261,0.0125698324022346,0.1812160756696902,0.5917800280449754,0.6779452915310377,0.000787100519981,0.4692737430167598,0.0715949734915792,1.212453975443948,0.1845158152461803,0.8059945175766617,0.0249409581646423,118560,0.0181907571288102,0.0809547908232118,0.733611673414305,0.5656386747239008,0.000822315171117,0.2979351032448377,0.0727497747662881
220,10,1000,14,1.051434552551703,0.3096693361318545,0.8328266765758153,0.0366734313351807,194146,0.0125698324022346,0.1810750672174549,0.595139740195523,0.68206514009387,0.0007888451969762,0.4599627560521415,0.0724838144938343,1.2140498294748077,0.1826910227269062,0.8068333371777184,0.025281867175611,118939,0.0172244094488189,0.0804866360066925,0.7372098302491193,0.577875274208712,0.0008246827033245,0.2947834645669291,0.0744233406353538
220,10,500,14,1.0354324306982603,0.321405612235594,0.8333002235366737,0.0379870327838865,196804,0.0125698324022346,0.1938629296152517,0.5845409646145403,0.684533326343931,0.0007957406868142,0.4711359404096834,0.0736349149508979,1.1857889771914971,0.2037989399031569,0.8081427188295495,0.0270565885671521,121597,0.0181283684468397,0.1016554684737287,0.7163663577226412,0.598333468166006,0.0008355423576293,0.3062224399804018,0.0774365918881455
220,10,600,14,1.0417039187665151,0.3168911092708935,0.8330646459507031,0.0369798904602305,195728,0.0125698324022346,0.188879465380528,0.5882295839123682,0.6836538721631638,0.0007927383236713,0.467877094972067,0.072331266910954,1.1968266632080269,0.1954257172494955,0.8078644065937164,0.0257688352187904,120572,0.0186457311089303,0.0938277543708323,0.724753674153203,0.5921506231768762,0.0008310356750407,0.3007850834151128,0.0753580830129054
220,10,700,14,1.0454553211731106,0.3142044729791928,0.8329073618046173,0.0367563412759415,195150,0.0125698324022346,0.1864360748142454,0.5908070714834742,0.6789434626061622,0.0007915754241468,0.462756052141527,0.0722011206565053,1.2032548514645485,0.1908363964014087,0.8070973449688312,0.0257088058705803,119920,0.018172888015717,0.0886507671781187,0.7289442961974649,0.5823534944972251,0.0008287177400449,0.2966601178781925,0.073835228841928
220,10,800,14,1.0477064383186734,0.31256426269732,0.8326094455693219,0.0368209989063069,194753,0.0125698324022346,0.1844490200407696,0.5926686623569342,0.6810032848950504,0.0007906850872805,0.4613594040968343,0.073612732172012,1.207729046512116,0.187572100080997,0.8068281650034912,0.0253138075313807,119500,0.0172074729596853,0.084836820083682,0.7320251046025105,0.5799960544486092,0.0008270322179478,0.2944936086529007,0.0735390368887358
220,10,900,14,1.0497561222498923,0.3110372625741033,0.8327376352979878,0.0364910187033188,194404,0.0125698324022346,0.1822699121417254,0.5940309870167281,0.6836089631427442,0.0007896165017715,0.4590316573556797,0.0725940727396267,1.2121074609357645,0.1842681700945701,0.8068605128900819,0.0250142650958278,119172,0.0181907571288102,0.0817725640251065,0.7357097304736012,0.5732170343766034,0.0008253290213092,0.3003933136676499,0.0730171111879712
225,10,1000,31,1.3804861646846789,0.028823310536326,0.8174875126279273,0.0029687439231497,154274,0.0125698324022346,0.0171901940702905,0.9627869893825272,0.5754147812971342,0.0007311086263764,0.0516759776536312,0.0425513779931316,0.6905598859723509,0.6001575278100927,0.737756185525425,0.1581170790585395,3314,0.3355704697986577,0.3805069402534701,0.2926976463488231,0.5638382236320381,0.0041485408608686,0.1181208053691275,0.1659138049081234
225,10,1000,21,1.1627636662998746,0.2202907757595304,0.8249507569784339,0.0258461116570305,175036,0.0125698324022346,0.1160675518179117,0.7010900614730684,0.6489958653278204,0.0007666010127836,0.361731843575419,0.0636808573436417,1.3353625039067396,0.0775693094115975,0.783147037604749,0.0115503791852039,82941,0.0250914793518034,0.0256326786510893,0.8694855379124921,0.3932267168391345,0.0008957675024829,0.1453214845791949,0.055150331982974
225,10,1000,14,1.0484631989600206,0.3109735673690563,0.8330751463543009,0.0363358263164894,195482,0.0125698324022346,0.1838276669974729,0.5966534003130723,0.6860164185334632,0.0007925065986079,0.4613594040968343,0.0713705231081723,1.214672496964656,0.1814101092082596,0.8068958279503013,0.0245708459391244,119654,0.0172244094488189,0.0812927273638992,0.7414294549283769,0.5764367225249306,0.0008268129511249,0.2913385826771653,0.0700032938315307
225,10,1250,14,1.0515021432442082,0.3087062711653989,0.8332411002440815,0.0357201435161455,195100,0.0125698324022346,0.1821014864172219,0.5985340850845721,0.6856282368835848,0.0007912467544076,0.4567039106145251,0.0702169093313334,1.2191245698949082,0.1784566931061396,0.8069704795667322,0.0238761925521034,119282,0.0157790927021696,0.0774215724082426,0.7436746533424993,0.5648077964266378,0.0008255056973428,0.289447731755424,0.0684163569711809
225,10,100,14,0.8670696401954457,0.4433806056755674,0.8476702648434822,0.0473517448083922,233550,0.0125698324022346,0.3206765146649539,0.4683536715906658,0.728416161508265,0.0008761627782517,0.5009310986964618,0.0822938479504915,0.8954249089027962,0.4198975514371629,0.8331508784622323,0.046261434275029,158296,0.0179524502668607,0.3086748875524334,0.499172436448173,0.7172035528631656,0.0009674594652896,0.3803978651140223,0.0863775790985862
225,10,1000,7,0.851565389429859,0.4507125964212726,0.8493453827544607,0.0487747321824536,245783,0.0125698324022346,0.3312922374615006,0.4672210852662715,0.7505587895758111,0.000844985523299,0.5470204841713222,0.0746184971812026,0.9149909755738383,0.4077288302511055,0.8377353709970919,0.0479203226501647,194886,0.0129001433349259,0.2790246605707952,0.5048592510493314,0.7262311964397367,0.0008575036576978,0.5145723841376015,0.0760355485666349
225,10,1500,14,1.0528574093808285,0.307631444211433,0.833080617743762,0.0356048670590831,194861,0.0125698324022346,0.1811445081365691,0.5999045473440042,0.6862145164031956,0.0007905239466593,0.457169459962756,0.0680539244778004,1.2215884140154352,0.1765574097471104,0.8071507849584969,0.0238443190217026,119064,0.0157790927021696,0.0753964254518578,0.7453890344688571,0.5666703798596413,0.0008243783522398,0.2899408284023668,0.0674755432100739
225,10,1750,14,1.053182740271334,0.3075043699962396,0.8329735664306389,0.0357350094228685,194739,0.0125698324022346,0.1806417820775499,0.5999465951863777,0.687134004207175,0.000790144664614,0.4618249534450652,0.0693369195856781,1.2231192447525725,0.175422653243891,0.8069932025002576,0.0236654056326187,118950,0.0157790927021696,0.0744346364018495,0.7467171080285835,0.5641517957985092,0.0008236419216135,0.291913214990138,0.0672897185950466
225,10,2000,14,1.0541672920787477,0.3068226117002386,0.8328755414918293,0.0357698848602241,194633,0.0125698324022346,0.1797845175278601,0.6003401273165393,0.6870999085505258,0.0007897399822177,0.4613594040968343,0.0682418770870798,1.224506069027938,0.1743794435289835,0.806704984917976,0.0238926513271358,118865,0.0157790927021696,0.0734110124931645,0.7477053800530014,0.5638322255328903,0.0008232300849166,0.2909270216962524,0.0657703281313884
225,10,100,7,0.7509208026232761,0.5225240836523938,0.8585755858627839,0.0534951456310679,278100,0.0125698324022346,0.4053110391945343,0.3994534340165408,0.7701943806169433,0.000906867389166,0.5684357541899442,0.0805124506037048,0.7811426590252175,0.5031123657977163,0.8504120909284815,0.0544041222971606,227446,0.0124105011933174,0.3794131354255515,0.4147402020699419,0.7582738481505515,0.0009353223016904,0.5403341288782816,0.083516310050759
225,10,250,14,0.99435444609057,0.3504761291630593,0.8373739425732369,0.0387792632377838,205548,0.0125698324022346,0.2275770136415825,0.5582199778154008,0.6935525246910941,0.0008147768881326,0.4697392923649907,0.0752091273283858,1.1100150880185642,0.2598784022345518,0.8149192229391959,0.0306953290051968,129694,0.0185365853658536,0.158449889740466,0.6612564960599565,0.6425304136253042,0.0008647529542189,0.3136585365853658,0.0771361496531858
225,10,600,14,1.0399606250362925,0.3173007419770527,0.8333436331320526,0.0367454867508158,197031,0.0125698324022346,0.1907567844653886,0.5901558637980825,0.6858055075162964,0.0007964450611715,0.4664804469273743,0.0702240121915678,1.1961815577845791,0.1953056044941601,0.8083696790651477,0.0256733798472627,121254,0.0186457311089303,0.0952051066356573,0.7268296303627096,0.5834199584199584,0.0008332294466325,0.2968596663395486,0.0717313420960247
225,10,500,14,1.0333253594743272,0.3221539027719018,0.8336504801283788,0.0369947914563734,198136,0.0125698324022346,0.1962894173698873,0.5853958896919288,0.6851794713565772,0.0007993421646313,0.4697392923649907,0.07091320818385,1.185691929564419,0.2032310596536127,0.8087602737671481,0.0261664513385775,122294,0.0181283684468397,0.1030712872258655,0.7193975174579292,0.5908766362554542,0.0008377752884208,0.294953454189123,0.0737463456983363
225,10,700,31,1.3594222295956933,0.046365782558337,0.8190076700620084,0.0043105107185467,155898,0.0125698324022346,0.029455156576736,0.94110893019795,0.5844947735191638,0.0007350124085628,0.0684357541899441,0.0451868669644112,0.6209156084871714,0.6542873678931961,0.7703007707914373,0.1471330688784709,5546,0.2486368593238822,0.4439235485034259,0.2326000721240533,0.5694557270511779,0.003393862691801,0.1472191930207197,0.1562177340949405
225,10,700,21,1.153842774495062,0.2269488586792247,0.826086771802017,0.0261756927023621,176194,0.0125698324022346,0.1233583436439379,0.6942120617047118,0.6478490913273522,0.0007691982041451,0.3598696461824953,0.0655600556121173,1.3106023168865075,0.0974626141978852,0.7851554202752623,0.0139963167587476,84165,0.0290005178663904,0.0409790292877086,0.8480603576308442,0.4752102058567701,0.0008998700172506,0.1450025893319523,0.0630373133083141
225,10,700,14,1.0443209489409346,0.3142123098327178,0.8337052188075958,0.0363052266085592,196418,0.0125698324022346,0.1873708112291134,0.5931482857986539,0.6857049697035568,0.000794913626553,0.4608938547486033,0.0705553333028092,1.203619246444935,0.1900067720175841,0.8074797938680185,0.0254415789037233,120590,0.018172888015717,0.0882743179368106,0.7323990380628577,0.581305777360263,0.0008309564937206,0.293713163064833,0.074849853778062
225,10,250,7,0.8255804186086351,0.4691394527929063,0.8518342884844783,0.0498429211922202,253376,0.0125698324022346,0.3521762124273807,0.4500978782520838,0.7528716954489931,0.0008619663526977,0.5493482309124768,0.0760401619758102,0.8790873636107017,0.4331117273691771,0.8410117404417863,0.0494813790378346,202460,0.0133651551312649,0.3090832757087819,0.4810431690210412,0.7308595809962126,0.0008782287018683,0.516945107398568,0.0789478610492717
225,10,800,14,1.0456837093591005,0.3129822232416975,0.8332448026806968,0.0363284718465825,195962,0.0125698324022346,0.186587195476674,0.5947020340678295,0.686194070670605,0.0007938405212587,0.462756052141527,0.0700285196229626,1.2087521900259992,0.1861405770702035,0.8069752477531273,0.0247818993074054,120128,0.0172074729596853,0.0853755993606819,0.7358983750665956,0.5734204368174727,0.000828961964464,0.2944936086529007,0.0709046335032738
225,10,900,14,1.0478261586587596,0.3115576002092559,0.833054409740772,0.0363203425598994,195703,0.0125698324022346,0.1847697786952678,0.5958467678063187,0.6843196902654868,0.0007931163325475,0.4604283054003724,0.0718888133557375,1.212734141284646,0.1830923682382567,0.806914358944121,0.0252229852066315,119851,0.0181907571288102,0.0826693143987117,0.7391594563249368,0.5705490512716996,0.0008279096454373,0.2969518190757129,0.0714541565103047
225,15,1000,14,1.0484761149279638,0.3109903277629807,0.8330870429767304,0.0363331269920038,195469,0.0125698324022346,0.1837375747560994,0.5966930817674414,0.6861756926075456,0.0007922952235572,0.4618249534450652,0.0712646358532933,1.214596067447909,0.181512312725475,0.8069311913277432,0.0246379112934903,119653,0.0172244094488189,0.0811095417582509,0.7414272939249329,0.577537351880474,0.0008267755026959,0.2918307086614173,0.0699421954248235
225,10,700,7,0.8498430113437742,0.4519857440387623,0.8496953862355061,0.048614717912095,246448,0.0125698324022346,0.3334293644095306,0.4659197883529182,0.7490903338079418,0.0008466455565793,0.5470204841713222,0.0736654026125194,0.912934415472666,0.4092042532063048,0.8379685988629716,0.0477169615410189,195507,0.0129001433349259,0.2815193317886316,0.5031175354335139,0.7253947201075601,0.0008590243850693,0.5107501194457716,0.0752321938265624
225,15,700,14,1.044243979708571,0.3142584535366847,0.8336283550677618,0.0362603290006262,196413,0.0125698324022346,0.1875792335537871,0.5931226548140908,0.6851776456857477,0.0007948148997341,0.4608938547486033,0.0707525742677798,1.2036810465944097,0.1899396914076926,0.8074774889023025,0.025400116095862,120590,0.018172888015717,0.0882328551289493,0.7324156231860022,0.5815789473684211,0.0008309160586378,0.293713163064833,0.0749017521943094
225,20,1000,14,1.048476114927964,0.3109903277629808,0.8330870429767305,0.0363331269920038,195469,0.0125698324022346,0.1837375747560994,0.5966930817674414,0.6861756926075456,0.0007922952235572,0.4618249534450652,0.0712646358532933,1.214596067447909,0.1815123127254751,0.8069311913277433,0.0246379112934903,119653,0.0172244094488189,0.0811095417582509,0.7414272939249329,0.577537351880474,0.0008267755026959,0.2918307086614173,0.0699421954248235
225,15,1000,7,0.8515545342107413,0.4507179229553374,0.8493517884668922,0.0487789992757809,245782,0.0125698324022346,0.3313139286033965,0.4672270548697626,0.7505495450135697,0.0008449772026958,0.5470204841713222,0.0746217754243877,0.914987982566874,0.4077307119143221,0.8377328394150816,0.0479254538550742,194886,0.0129001433349259,0.2790349229806143,0.5048643822542409,0.7262044869437293,0.0008575036576978,0.5145723841376015,0.0760352524254089
225,15,700,7,0.8498430113437742,0.4519857440387623,0.8496953862355061,0.048614717912095,246448,0.0125698324022346,0.3334293644095306,0.4659197883529182,0.7490903338079418,0.0008466455565793,0.5470204841713222,0.0736654026125194,0.912934415472666,0.4092042532063048,0.8379685988629714,0.0477169615410189,195507,0.0129001433349259,0.2815193317886316,0.5031175354335139,0.7253947201075601,0.0008590243850693,0.5107501194457716,0.0752321938265624
225,20,2000,14,1.0542208384176583,0.3067729243790419,0.8328879509491367,0.0357236439863743,194633,0.0125698324022346,0.1797588281534991,0.600386368190389,0.687140938062709,0.0007897529171856,0.4613594040968343,0.0682059256868165,1.2244580917299506,0.174433124647768,0.8067020999530705,0.0240362773636654,118862,0.0157790927021696,0.0733960391041712,0.7477747303595766,0.5639614855570839,0.0008231561263761,0.2909270216962524,0.0659466260363834
225,20,500,14,1.0333564592808258,0.3221218912968145,0.8336603762153691,0.0369420707547407,198121,0.0125698324022346,0.1963295158009499,0.585515922088017,0.6849628506054452,0.0007991066887052,0.4692737430167598,0.0707968305507787,1.1857225074080746,0.2032153186965554,0.8087420860119566,0.0261339569721897,122293,0.0181283684468397,0.1031866092090307,0.7192889208703687,0.5896663760995324,0.0008377304157059,0.294953454189123,0.073831387433376
225,20,700,14,1.044243979708571,0.3142584535366847,0.8336283550677618,0.0362603290006262,196413,0.0125698324022346,0.1875792335537871,0.5931226548140908,0.6851776456857477,0.0007948148997341,0.4608938547486033,0.0707525742677798,1.2036810465944094,0.1899396914076926,0.8074774889023025,0.025400116095862,120590,0.018172888015717,0.0882328551289493,0.7324156231860022,0.5815789473684211,0.0008309160586378,0.293713163064833,0.0749017521943094
225,30,700,14,1.044243979708571,0.3142584535366847,0.8336283550677618,0.0362603290006262,196413,0.0125698324022346,0.1875792335537871,0.5931226548140908,0.6851776456857477,0.0007948148997341,0.4608938547486033,0.0707525742677798,1.2036810465944097,0.1899396914076926,0.8074774889023025,0.025400116095862,120590,0.018172888015717,0.0882328551289493,0.7324156231860022,0.5815789473684211,0.0008309160586378,0.293713163064833,0.0749017521943094
225,3,1000,14,1.0159965383322391,0.3455708109242472,0.8321477127719968,0.0446623564252835,208341,0.0125698324022346,0.1932024901483625,0.5401769214892892,0.6450114280035775,0.0009053251557631,0.4832402234636871,0.0713080179381096,1.1655469645699852,0.2377998135798868,0.8038724471551542,0.0390141718468775,132234,0.0156939676311917,0.0832388039384727,0.628416292330263,0.514854183701281,0.0010415262494138,0.3477194703285924,0.0768599481281843
225,30,700,7,0.8498430113437742,0.4519857440387623,0.8496953862355061,0.048614717912095,246448,0.0125698324022346,0.3334293644095306,0.4659197883529182,0.7490903338079418,0.0008466455565793,0.5470204841713222,0.0736654026125194,0.912934415472666,0.4092042532063048,0.8379685988629716,0.0477169615410189,195507,0.0129001433349259,0.2815193317886316,0.5031175354335139,0.7253947201075601,0.0008590243850693,0.5107501194457716,0.0752321938265624
225,3,2000,14,1.0208122352406723,0.3424166606153013,0.8319903433027501,0.0446870844014417,207532,0.0125698324022346,0.1887034288688009,0.5423982807470655,0.6450130228282519,0.0009029240500427,0.4818435754189944,0.0702367973399897,1.1726633903707455,0.2329628433921584,0.8027026865752009,0.038871220536543,131434,0.0161923454367026,0.0765022749060364,0.6327890804510249,0.5068125310790651,0.0010394253167018,0.3464180569185476,0.0725681691033264
225,3,1000,7,0.8368515022849852,0.4661164416021036,0.8491248604567923,0.0526807185196518,254913,0.0125698324022346,0.3375504583916865,0.4438730076535916,0.7330265206982312,0.0009113997114101,0.5567970204841713,0.0731400095047197,0.898418851844578,0.4264530415772434,0.836786943903672,0.0527676906467759,203780,0.0129001433349259,0.2836294042594955,0.4726666012366277,0.7056991591404547,0.0009439047855988,0.5250836120401338,0.0746553630557891
225,3,500,14,1.0023283448007632,0.3551023586731998,0.8333657284672347,0.0450394954439268,211037,0.0125698324022346,0.2052862768140184,0.5312480749821121,0.6501627311128039,0.0009140441086473,0.4860335195530726,0.0710712195053721,1.1384693196754716,0.2569328376048398,0.8056651846201773,0.0396338076156757,135011,0.0171232876712328,0.1057765663538526,0.6117427468872907,0.5538127582102094,0.0010566503308686,0.3527397260273973,0.0750959935814825
225,3,700,14,1.0110704253337428,0.3491404729609281,0.8329346224550347,0.044671209393608,209419,0.0125698324022346,0.1978664782087585,0.5370047607905681,0.6455341844245481,0.0009093335384634,0.483705772811918,0.0719873792008364,1.15479046226161,0.2458128883504178,0.804468386848994,0.03963968018241,133326,0.0156862745098039,0.0914150278265304,0.621356674617104,0.5245323268788973,0.0010503689647427,0.3504901960784313,0.0760650118901277
225,5,700,14,1.0421952004020842,0.3165825308036989,0.8333376213268119,0.0367525527535261,197238,0.0125698324022346,0.1884474594145144,0.5888520467658362,0.682477333261589,0.0008046792432445,0.4608938547486033,0.0697375209028981,1.2006027975299682,0.193817101054692,0.8067480495971915,0.0263704216301715,121386,0.0171905697445972,0.0886263654787207,0.722570971940751,0.5752928053541551,0.0008494669855991,0.2966601178781925,0.0729257759430049
225,7,700,14,1.0441426919970282,0.3144126903186726,0.833541623155951,0.0364559744747113,196511,0.0125698324022346,0.1875671082025942,0.5928217758802307,0.6847988279660328,0.0007961363208799,0.4608938547486033,0.0707995624200996,1.203414020542846,0.1903292539452192,0.8074722463172921,0.0256835265744523,120661,0.018172888015717,0.0883632656782224,0.7311061569189713,0.5803789157756518,0.0008326907357574,0.293713163064833,0.0750434908767462
230,10,1000,14,1.0493425141454795,0.3096677520227363,0.8339324529461589,0.035860202196997,196541,0.0125698324022346,0.1841753120214103,0.5983687881917767,0.6924968230288966,0.0007943043503589,0.4590316573556797,0.0699722431149517,1.2154423053724177,0.1803516447379425,0.8081056829708939,0.0242805231953833,120261,0.0172244094488189,0.0807576853676586,0.7435494466202676,0.5828871499176277,0.0008300520014956,0.2903543307086614,0.0714755654774763
225,3,700,7,0.8343343759544916,0.4680226300451235,0.8492364692718652,0.0526676214849772,255546,0.0125698324022346,0.339492694074648,0.4417286907249575,0.7343699571211213,0.000914761531144,0.5526070763500931,0.0738014497047013,0.8953438282081065,0.4287577334823301,0.8368807079223539,0.0530284507124903,204494,0.0129001433349259,0.2865952057273074,0.4703609885864622,0.7053594280546692,0.0009499242432482,0.52269469660774,0.0768962485782421
230,10,500,14,1.0334261037586268,0.321245543627717,0.8349822772718403,0.0367412300957812,199204,0.0125698324022346,0.1975412140318467,0.5873827834782435,0.6922060430484613,0.0008009305589027,0.4669459962756052,0.072161126089647,1.1856518431805825,0.2028061853608131,0.8102995780535431,0.0256109863646718,122916,0.0181283684468397,0.1036154772364867,0.7202072960395718,0.6017587939698492,0.0008407792501228,0.2978931896129348,0.0718401328890356
230,10,600,14,1.0399867129171645,0.3165510310008964,0.834493715310729,0.0367048872559904,198148,0.0125698324022346,0.191861638775057,0.5920877324020429,0.68948102164821,0.00079842395384,0.4604283054003724,0.072027810866786,1.196040165349331,0.1951427934390117,0.8099034216621597,0.0255245156739554,121922,0.0186457311089303,0.0957825494988599,0.7277521694197929,0.5902551806816235,0.0008372630863975,0.2953876349362119,0.0720865010073875
230,10,700,14,1.0429128001257322,0.3144985255823635,0.8345665263946338,0.0364380871396177,197568,0.0125698324022346,0.1893069727891156,0.5944586167800453,0.687548461271089,0.0007972125156661,0.4632216014897579,0.0698976084451041,1.204520505664713,0.1888319938084017,0.8089415136360554,0.0247560281464738,121223,0.018172888015717,0.0885970484149047,0.7347863029293121,0.5844506517690875,0.0008343531826644,0.2932220039292731,0.0706443124227171
230,10,800,14,1.0449940632934964,0.3128508325629435,0.8341847701084434,0.0365986021930758,197166,0.0125698324022346,0.1875272612925149,0.5961271213089477,0.6897549629469357,0.0007962923639716,0.4594972067039106,0.0703446515407797,1.208761693198327,0.1855387718857158,0.8086394341210766,0.024613500182077,120828,0.0172074729596853,0.0850713410798821,0.7377180785910551,0.5848817978402568,0.0008329449149899,0.2915437561455261,0.0693960227765185
230,10,900,14,1.046793421858828,0.3115664563287051,0.8340844714944753,0.0360639081510833,196845,0.0125698324022346,0.1867713175341004,0.5969163555081409,0.6870665034679723,0.0007954608535615,0.4599627560521415,0.0687932775908147,1.212510460493068,0.1826399375602203,0.8085195143038514,0.02488276548948,120485,0.0181907571288102,0.0826409926546873,0.7406731128356226,0.57758360952094,0.0008311289738682,0.2930186823992133,0.0700504026745044
235,10,1000,14,1.0486170815851756,0.3098094682658782,0.8340535664142643,0.0360582647245091,197375,0.0125698324022346,0.1857276757441418,0.5997618746041798,0.6904904795678979,0.0007970454730523,0.4632216014897579,0.0700379172534266,1.215770905464257,0.1798685910148746,0.8087507797898382,0.024211511232187,120769,0.0172244094488189,0.081345378366965,0.7440816765891909,0.5844869706840391,0.0008322387754646,0.2869094488188976,0.070699331567663
235,10,500,14,1.032923586222092,0.3212277938313046,0.8357747642848098,0.0366477485811435,199985,0.0125698324022346,0.1993649523714278,0.5895292146911019,0.6898419864559819,0.000803148283165,0.4655493482309125,0.072764650660025,1.1857474201812346,0.202548210894944,0.8110623944980825,0.0261108454824671,123397,0.0181283684468397,0.1043542387578304,0.7219381346386055,0.5990525743573814,0.0008423531816371,0.2964233219010289,0.0739720426498752
235,10,600,14,1.0385385814739871,0.3172771505296207,0.8354088163268591,0.0365204108294977,199012,0.0125698324022346,0.1933903483207043,0.5927933993930015,0.6883363213552628,0.000800912303191,0.467877094972067,0.0717000958230483,1.196295751807323,0.1946891534373741,0.8102464765291327,0.0255279173303925,122415,0.0181550539744847,0.0958951108932728,0.7291018257566475,0.5905954510605673,0.0008390003382919,0.2939156035328754,0.0735805794235648
235,10,700,14,1.042362141589509,0.3144287347391858,0.8345225903301694,0.0361705774990168,198338,0.0125698324022346,0.1906745051376942,0.5953322106706733,0.6884816753926701,0.0007992759343192,0.4660148975791434,0.0700605371314039,1.2044035533856292,0.1885385372788484,0.8097945193076524,0.0247075831252464,121744,0.018172888015717,0.0898689052437902,0.735083453804705,0.5906224293940224,0.0008360941129973,0.2951866404715128,0.0699526543698642
235,10,800,14,1.044874923660734,0.3125409587930969,0.8349015556074911,0.035822554567502,197920,0.0125698324022346,0.1885307194826192,0.5976101455133387,0.6891783244894678,0.000798274620588,0.4604283054003724,0.068689903655711,1.2088486588692646,0.185031126333272,0.8095583335767976,0.0242676030796115,121314,0.0172074729596853,0.0868325172692352,0.739700281913052,0.5881906208467819,0.0008342997190472,0.2915437561455261,0.0678283813166772
235,10,900,14,1.047694644298449,0.3105097313831372,0.8342658109250103,0.0360616088324883,197634,0.0125698324022346,0.1863343351852414,0.5993047754940951,0.6900830934665725,0.000797479652403,0.4646182495344506,0.0700876372750674,1.2129010240751004,0.1820598421508898,0.8091549058300429,0.0242876504032791,121008,0.0181907571288102,0.0832176385032394,0.7419344175591697,0.5850049652432969,0.0008332513900734,0.2900688298918387,0.0712087994177633
240,10,1000,14,1.0475994454569288,0.3098053443069452,0.8356273125290833,0.035541228025991,198530,0.0125698324022346,0.1867878909988415,0.6022918450611998,0.6956826578216433,0.000799594207356,0.4562383612662942,0.0695343791001943,1.2149137533174967,0.1798985733474403,0.809824444342189,0.0242626462349645,121380,0.0172244094488189,0.0825341901466469,0.7466633712308453,0.5900379317228988,0.0008358474304411,0.2883858267716535,0.0724718162953553
240,10,500,14,1.031817735357214,0.3212875035041658,0.836396206886114,0.0367042725523441,201121,0.0125698324022346,0.1996609006518464,0.5911814280955245,0.6970315768502839,0.0008059986860362,0.4622905027932961,0.0736856184454942,1.185781010700616,0.2016191152896278,0.8115789518844224,0.0262147822020094,124014,0.0181283684468397,0.1042785491960585,0.7247649458932056,0.6074079802041448,0.00084582115224,0.2978931896129348,0.0782260066219886
240,10,600,14,1.0377210457757249,0.3167088598600333,0.8360451055024205,0.0362708543667969,200078,0.0125698324022346,0.1953038315057127,0.5958926018852647,0.6970774900194493,0.0008033953479755,0.4636871508379888,0.0708678591531227,1.196556133344144,0.1931781828257796,0.8104695843687875,0.0254551365409622,123040,0.0181550539744847,0.0970334850455136,0.73379388816645,0.6014741603149343,0.0008427756913132,0.28900883218842,0.074372548207269
240,10,700,14,1.041589527262105,0.3141729025817097,0.835625052190961,0.0360031673165011,199538,0.0125698324022346,0.1919734586895729,0.59824193887881,0.6952174594058372,0.0008024156312566,0.4594972067039106,0.0710405132942049,1.2035542923525349,0.1883478434974458,0.8094826983966414,0.0250100121780778,122351,0.018172888015717,0.0912701980367957,0.7387679708379988,0.5965792065908481,0.0008397831829657,0.2878192534381139,0.0727792290875189
240,10,800,14,1.0442927596799936,0.3121645008261555,0.8351620631682498,0.0357612899984929,199070,0.0125698324022346,0.1903451047370271,0.6003214949515245,0.6921249868046025,0.0008011764548471,0.4581005586592179,0.069406636890748,1.208580027097082,0.1844478141954669,0.8093972376848195,0.024571676959542,121929,0.0172074729596853,0.0875017428175413,0.7425222875607935,0.59452619739432,0.0008385575913082,0.2910521140609636,0.0721859127264242
240,10,900,14,1.0458098162258118,0.3109349164417928,0.8356635287279476,0.0356907439555186,198735,0.0125698324022346,0.1885224042066068,0.6010969381336956,0.6975924838520259,0.000800039316172,0.4590316573556797,0.0717411831376349,1.2123921741493189,0.1817056397400108,0.8096409304889274,0.0244790895785024,121614,0.0181907571288102,0.0844475142664495,0.7452924827733649,0.591236611489776,0.0008367271836739,0.2910521140609636,0.0740982035118867
245,10,1000,14,1.0472906858781024,0.3091630040117308,0.8359696493171361,0.0350241304043094,199748,0.0125698324022346,0.1887027654845104,0.6040410917756373,0.7008728411110816,0.0008022231848782,0.4557728119180633,0.0670818160986436,1.2156626388150114,0.1790302609914906,0.8102725196254262,0.0232491459748175,122069,0.0172244094488189,0.0830431968804528,0.7483718224938355,0.5870573147874124,0.000838980069244,0.2913385826771653,0.0685664638255224
245,10,500,14,1.0323722129043338,0.3200448370752078,0.8371304372440062,0.0361320740729758,202341,0.0125698324022346,0.2005574747579581,0.5936611957042814,0.7018309060890564,0.0008083890466947,0.4632216014897579,0.0713056138931072,1.1872766174752776,0.1999974895526192,0.8118641527799313,0.0251656585428465,124654,0.0181283684468397,0.1050588027660564,0.7277905241709051,0.6112553451435553,0.0008486281295186,0.2988731014208721,0.0715442702347999
245,10,600,14,1.0381723122653193,0.3159614557107687,0.8365419813388888,0.035713398610014,201297,0.0125698324022346,0.1961877226188169,0.5971176917688789,0.6998632634457612,0.0008056971290722,0.4655493482309125,0.0699280961067256,1.197605544881857,0.1924286348034817,0.8114191200579289,0.0247240975057606,123685,0.0181550539744847,0.0969721469862958,0.7350689250919675,0.60013340003335,0.0008451953259848,0.3002944062806673,0.0716663688120707
245,10,700,14,1.0422177373262689,0.3129343138038609,0.836253183435577,0.0354318348308391,200667,0.0125698324022346,0.1924980191062805,0.600163454877982,0.7014341928135032,0.0008044345599695,0.4590316573556797,0.0699018701612447,1.2052087769801303,0.186797853992833,0.8111640108043093,0.0239363215792768,122993,0.018172888015717,0.0906474352198905,0.7406519070190987,0.6003228989147009,0.0008425777320861,0.293713163064833,0.0704459363010053
245,10,800,14,1.0444636919692438,0.3112552352634882,0.8363467279051146,0.0355345158197507,200256,0.0125698324022346,0.1908207494407159,0.6020393895813358,0.6987150969565331,0.000803506379877,0.4539106145251396,0.0692183564571501,1.2098683758574922,0.1833185400286978,0.8108911997791101,0.0239315262977529,122558,0.0172074729596853,0.0877788475660503,0.7439824409667259,0.5886781929726715,0.0008409833147696,0.2885939036381514,0.0683261311300144
245,10,900,14,1.0465539031220177,0.3098424605969679,0.8358860819560957,0.0352202138620199,199942,0.0125698324022346,0.1890298186474077,0.6029148453051385,0.7001719804206906,0.000802562330304,0.4543761638733706,0.0684207598902138,1.214036420665041,0.1801163235666182,0.8104421629821176,0.0232048535592222,122302,0.0181907571288102,0.0842831678958643,0.746512730781181,0.5934225844004657,0.0008398191028382,0.2900688298918387,0.0663359385867001
250,10,1000,14,1.0467979946434556,0.3089945008585007,0.8360076706985827,0.0350238595056569,200549,0.0125698324022346,0.1895796039870555,0.6054280998658682,0.704550236717517,0.0008042313422227,0.4585661080074488,0.0692536522087764,1.216629324419395,0.1774785626806867,0.8103886944778257,0.0234056101622963,122492,0.0172244094488189,0.0830339940567547,0.7509714920158052,0.6022023399862354,0.0008398742509058,0.2898622047244094,0.0706378994191002
250,10,500,14,1.0307859597987572,0.3206070393575926,0.8374655458614566,0.0360463685363392,203155,0.0125698324022346,0.2024365632152789,0.5944180551795427,0.7025239507853912,0.0008103617436863,0.4636871508379888,0.073066139758282,1.1864626979532331,0.2000955583612668,0.812644914035672,0.0252796420581655,125160,0.0181283684468397,0.1062559923298178,0.728651326302333,0.6133543875479359,0.0008502207882529,0.2920137187653111,0.0743503079665666
250,10,600,14,1.0377950717786089,0.3156622620715749,0.8366077563799136,0.0358421875309155,202164,0.0125698324022346,0.1969143863398033,0.598326111473853,0.7054686126252857,0.0008080689200631,0.4599627560521415,0.0720968725232189,1.1979525077446809,0.1913823698392373,0.8116280627893229,0.0246586377733918,124135,0.0181550539744847,0.0968783985177427,0.7370765698634552,0.6145019125228671,0.0008460033434102,0.2880274779195289,0.0739310267387034
250,10,700,14,1.040609253337993,0.3135524406047742,0.8365497467995522,0.0352499392327954,201589,0.0125698324022346,0.1945790692944555,0.6012431233847085,0.7025876354365838,0.0008069469429353,0.4585661080074488,0.0699836076913267,1.2048202216297792,0.1862995870957183,0.8112392594643532,0.0238357495747954,123470,0.018172888015717,0.0922491293431602,0.742658135579493,0.6050043898156278,0.0008440097403628,0.2848722986247544,0.0731007969807621
250,10,1000,7,0.8475211110311288,0.4500045322791546,0.8522460676856135,0.0469632951165022,251111,0.0125698324022346,0.3390731588819287,0.4745192365129365,0.7634270949556639,0.000856093699679,0.5386405959031657,0.0707508258714144,0.9113102713801944,0.4066860261586418,0.8408079543127018,0.0458778733322617,199072,0.0129001433349259,0.2876999276643626,0.5127642260086803,0.7404012361845896,0.0008688794186175,0.5074056378404205,0.0717480597253501
250,10,800,14,1.0431859760049376,0.3115335917708245,0.8361595495318855,0.0352916020209253,201096,0.0125698324022346,0.193037156383021,0.6031497394279349,0.7049640639892836,0.0008056111095448,0.4594972067039106,0.0704175378142619,1.2096442762542856,0.1826601235704801,0.8109934088174526,0.0236345903771131,123040,0.0172074729596853,0.0886540962288686,0.7462288686605982,0.6042354235423543,0.0008421064140583,0.283677482792527,0.0716640158618794
250,10,900,14,1.045471653200863,0.3097975583280331,0.835908751463512,0.0351964295498582,200759,0.0125698324022346,0.1907361562868912,0.6046902006883875,0.7044291235767262,0.0008047299984896,0.4618249534450652,0.0694506746242013,1.2134788423601308,0.1795880447197526,0.8109025772203808,0.0237466588434708,122712,0.0181907571288102,0.0854032205489275,0.7496332876980246,0.6043893129770992,0.0008409599958412,0.2876106194690265,0.0710482778257795
250,15,1000,14,1.046767925204818,0.3090130664606752,0.8359822908413425,0.0350235102293182,200551,0.0125698324022346,0.1895527820853548,0.6054071034300502,0.7046955149283177,0.0008042586130707,0.4585661080074488,0.0694390914982806,1.216670802593963,0.1774513628080024,0.8103972215772439,0.0233727641579518,122493,0.0172244094488189,0.082984333798666,0.7509898524813663,0.6027545499262175,0.0008399006594203,0.2903543307086614,0.0706343295389275
250,10,700,7,0.8456702962339568,0.4512309146793586,0.8524221514983887,0.0472962777658653,251838,0.0125698324022346,0.3405324057529046,0.4732089676696924,0.7640480882472976,0.0008584109534815,0.5409683426443203,0.0729841836786543,0.908627593400156,0.4084130557919545,0.8412082913055942,0.0458819406198367,199730,0.0129001433349259,0.2901216642467331,0.5111700796074701,0.741397162875781,0.0008714894848844,0.5074056378404205,0.0737825418259545
250,15,700,14,1.040616078846582,0.3135452919571809,0.836572268299994,0.0352742172308424,201592,0.0125698324022346,0.1945513710861542,0.6012192944164451,0.7027027027027027,0.000806991431222,0.4585661080074488,0.0699910383758796,1.2048597503782723,0.1862619165919823,0.8112332376398146,0.0238608199828292,123466,0.018172888015717,0.0922521179919978,0.7426659971166151,0.604828797190518,0.0008439016081765,0.2848722986247544,0.0731264551553466
250,3,1000,14,1.0166040115065489,0.3402118812551513,0.8356029974404467,0.042453699111533,211713,0.0125698324022346,0.1990383207455376,0.5552138980601097,0.6722513585989226,0.0009026013371659,0.4823091247672253,0.069435485430777,1.1712399834723333,0.2286710755610108,0.8071302649502856,0.0366219356773371,133390,0.0166748406081412,0.0864982382487442,0.6505660094459854,0.5431617264690588,0.0010243820138895,0.3384011770475723,0.0744496247402767
250,15,1000,7,0.8475211110311288,0.4500045322791546,0.8522460676856135,0.0469632951165022,251111,0.0125698324022346,0.3390731588819287,0.4745192365129365,0.7634270949556639,0.000856093699679,0.5386405959031657,0.0707508258714144,0.9113102713801944,0.4066860261586417,0.8408079543127018,0.0458778733322617,199072,0.0129001433349259,0.2876999276643626,0.5127642260086803,0.7404012361845896,0.0008688794186175,0.5074056378404205,0.0717480597253501
250,15,700,7,0.8456702962339568,0.4512309146793586,0.8524221514983887,0.0472962777658653,251838,0.0125698324022346,0.3405324057529046,0.4732089676696924,0.7640480882472976,0.0008584109534815,0.5409683426443203,0.0729841836786543,0.908627593400156,0.4084130557919544,0.8412082913055942,0.0458819406198367,199730,0.0129001433349259,0.2901216642467331,0.5111700796074701,0.741397162875781,0.0008714894848844,0.5074056378404205,0.0737825418259545
25,10,100,14,0.8584628052036787,0.5390630510150712,0.7287730433277233,0.1701609899433017,120815,0.0125698324022346,0.1824194015643752,0.1585150850473865,0.4696674077771223,0.0009979131878096,0.6415270018621974,0.2223965640514627,0.836605293461553,0.5586549164336541,0.7108279609217633,0.1978571353393746,95013,0.0193986420950533,0.1872585856672244,0.1351499268521149,0.4699865107913669,0.0012282440696652,0.5911736178467507,0.2380714527539381
250,3,700,14,1.011329449234751,0.3440860962457064,0.8361107185331988,0.0427619061042127,212853,0.0125698324022346,0.2035865127576308,0.5517610745444039,0.6685281764895925,0.0009068157119746,0.4855679702048417,0.0692029487141801,1.1603879011247458,0.2365399480886265,0.8078136226643756,0.0367719204352867,134532,0.0166666666666666,0.0954642761573454,0.6436907204233937,0.549248617924161,0.0010327784153111,0.3348039215686274,0.0729195678416467
250,3,1000,7,0.8339693027362707,0.4640754270780174,0.851448938360317,0.0511619653107832,259216,0.0125698324022346,0.3442264366397136,0.4532436269366088,0.7481648343027492,0.0009148997505672,0.5502793296089385,0.0699639382322161,0.896977106254475,0.4231925551597515,0.8391611815098493,0.0513261842830482,206834,0.0129001433349259,0.2905663478925128,0.4840838546853999,0.7215594269455399,0.0009453949172396,0.5217391304347826,0.0718537093854013
25,10,250,14,1.040262531596916,0.3922607645047041,0.6913359296223077,0.1203369020161336,87147,0.0125698324022346,0.0865319517596704,0.2478111696329191,0.3706404986076117,0.0007752703059558,0.5972998137802608,0.1948185618063032,1.0655963833800028,0.3694733192069415,0.6568076743988329,0.1359609473874525,60841,0.0185365853658536,0.0722867802961818,0.2657254154270969,0.3310595725329695,0.0009519391471465,0.4839024390243902,0.2135496248088814
25,10,100,21,0.8629025083157654,0.5355030092719716,0.7216259795978496,0.1756449894321298,114498,0.0125698324022346,0.1818896399937117,0.1610770493807752,0.4589935657351388,0.0010593384920143,0.5996275605214153,0.2252107172763306,0.8152757854404891,0.5773490671977773,0.7006452370413022,0.2153925798101812,86925,0.0269192422731804,0.1976186367558239,0.113304572907679,0.469263010827803,0.0013920810984976,0.5677966101694916,0.2455437095265444
25,10,100,31,0.8705719384929854,0.5278435923226154,0.7163679334515873,0.1772852684427156,110545,0.0125698324022346,0.1805870912298159,0.1756931566330453,0.4581475730100686,0.0011103243845455,0.5516759776536313,0.2249764321633684,0.7412996239283149,0.6469027906961142,0.6886644488762658,0.2668443040008569,74684,0.0606754436176302,0.2221627122275186,0.0201381822077017,0.470407425265188,0.0018097472828889,0.6050372066399542,0.2729467717846387
25,10,250,31,1.1078261882649854,0.3251187243568158,0.6603465968227016,0.1143008889137362,71548,0.0125698324022346,0.0696175993738469,0.3512467154916979,0.3184099578397912,0.0009015279646834,0.3980446927374301,0.1924471899609703,0.937010409507646,0.498882642970371,0.5797255439803976,0.255673129855037,32698,0.128552097428958,0.1140130894855954,0.0414398434154994,0.3175965665236051,0.0023152470602014,0.489851150202977,0.2750621426804506
25,10,250,21,1.066073532963188,0.3682341482113527,0.6768992264748964,0.1203539598946728,78992,0.0125698324022346,0.077780028357302,0.2747366821956654,0.3470052083333333,0.0008252527247221,0.5330540037243948,0.1966064063646873,1.067883217682098,0.3647309820265845,0.6301174045617438,0.145442703193463,50666,0.0253678335870116,0.0782181344491374,0.2719180515533099,0.3313146606106485,0.0011516128507858,0.426179604261796,0.2163402754591979
25,10,500,21,1.147172767767836,0.2964136583895754,0.6617699940566023,0.0931515047879616,70176,0.0125698324022346,0.0401846785225718,0.3257381440948472,0.3152482269503546,0.000749006498151,0.5018621973929237,0.1712007866035247,1.2012180126402443,0.2406220206877487,0.6000265167886206,0.0946295852313593,41710,0.0271794871794871,0.0270438743706545,0.3838168304962838,0.2411347517730496,0.0010511160028469,0.3471794871794871,0.1796867069607648
25,10,500,14,1.105510378869966,0.3360758937833245,0.6791499650087134,0.0990080218640079,79034,0.0125698324022346,0.0531922969861072,0.282852949363565,0.3518078020932445,0.0007099569622219,0.5628491620111732,0.1761463442725758,1.163198264681649,0.2826422930093057,0.6366413684633522,0.0994036914339801,52825,0.0186183243508084,0.0286038807382867,0.3308471367723615,0.2587690271343481,0.000852986054683,0.4483096521313082,0.182638071073847
25,10,500,31,1.2259229753876415,0.2128308635834974,0.6363368640070369,0.0766332281148259,60509,0.0125698324022346,0.0262440298137467,0.4757639359434134,0.2418136020151133,0.0008288711007155,0.3077281191806331,0.1626835829843006,1.0749820812175035,0.3795153626990342,0.485764734183752,0.237191093711769,20435,0.1725589225589225,0.0471739662344017,0.0613653046244188,0.2354771784232365,0.0031991662978452,0.4385521885521885,0.2644404909723011
25,10,700,14,1.1221787663051717,0.3211512172684577,0.6758613938497329,0.0940509474992233,77256,0.0125698324022346,0.0457957957957958,0.2928316247281765,0.3566986998304126,0.0006964528931637,0.5628491620111732,0.1699601901075078,1.188853637048647,0.2587384985591822,0.6318875406564373,0.0905164833017411,51173,0.0176817288801571,0.0190530162390323,0.3503996248021417,0.2441025641025641,0.000829630895004,0.431237721021611,0.1761625928206898
250,3,700,7,0.8317444643063372,0.4655640609976872,0.8517938055190195,0.0509728629527169,259903,0.0125698324022346,0.3460791141310412,0.4521725412942521,0.7489855136913961,0.0009191103573676,0.5512104283054003,0.0697043013719557,0.8936651571616185,0.4253982724502322,0.8395142806525051,0.0514201479882842,207584,0.0129001433349259,0.293090989671651,0.4824986511484507,0.7230979109482093,0.0009510239282981,0.5231724796942189,0.0726048205357258
25,10,700,21,1.1667213195257788,0.2781224216467514,0.6572515401512478,0.0874201050152842,68371,0.0125698324022346,0.0318556112971874,0.3412850477541648,0.3255280073461891,0.0007318249025103,0.4864990689013035,0.1687828637049633,1.2386079255466929,0.2043706953912679,0.5913401819202995,0.0807370772977179,39833,0.0263429752066115,0.0135565987999899,0.4192754751085783,0.2129629629629629,0.0010233690207731,0.3083677685950413,0.1636165415383562
25,10,700,7,1.002427006063305,0.424591901510427,0.7187593383394723,0.1090187751452838,107376,0.0125698324022346,0.09856019967218,0.2274064967963045,0.4508173485779079,0.0006716257724317,0.6657355679702048,0.1752495262119036,1.0398027430429535,0.3961981881767638,0.6984718983942957,0.1115219659209458,86270,0.0133779264214046,0.0685174452300915,0.2342877014025733,0.4383353070546439,0.000693964248056,0.6402293358815098,0.1825915080562469
25,10,50,31,0.6785928744354192,0.6688450168425333,0.7685799819561739,0.2076268547715963,176639,0.0125698324022346,0.2783417025685154,0.0885025390768743,0.5811739820200952,0.0012931016799121,0.6447858472998138,0.232632550572638,0.6014673327267017,0.7350514457056802,0.756949572198465,0.2598693552967906,144361,0.0513499205929063,0.3012101606389537,0.013147595264649,0.5916795069337443,0.0016789716554632,0.6776071995764955,0.2613169783904309
25,10,25,31,0.5062721631808392,0.7749746456620232,0.817628325188439,0.2097397689956594,299042,0.0125698324022346,0.3844811096769016,0.0448599193424335,0.6901353325911495,0.0014398760205963,0.7118249534450651,0.2192473743730769,0.4682341034921364,0.8056469802850729,0.8123038458569929,0.235228531344606,270860,0.0382293762575452,0.392313372221812,0.0123938566048881,0.6987728444787412,0.0016416794859517,0.7233400402414487,0.2349038272742419
25,2,250,31,0.6159043022357318,0.7392409650529121,0.8292305628163605,0.2230687092873581,410192,0.0125698324022346,0.1076885946093536,0.0526314506377501,0.128540058406719,0.0017566951679729,0.7602420856610801,0.2089312894434122,0.620556320748938,0.7415618024957071,0.8193533466423867,0.2618663121874724,385166,0.0398989898989899,0.0324587320791554,0.0345097957763665,0.295392737162054,0.0019230850327916,0.7833333333333333,0.2602974160052364
25,2,100,31,0.5825385302227043,0.7540662887312944,0.8352799310186486,0.2221517868011677,435387,0.0125698324022346,0.1534795480802137,0.0488025595619529,0.3483830417670562,0.0017263642410061,0.7676908752327747,0.1969276741968277,0.5845981983925973,0.7577471930700997,0.8273543606847762,0.2536352093559513,411118,0.0372420734776044,0.099696437519155,0.0319786533306739,0.4568765706199527,0.0018734406490027,0.790135883241067,0.2283479222069396
25,2,500,31,0.624434832114238,0.7352958540925459,0.8278806337076456,0.2250118649765666,404552,0.0125698324022346,0.094168364017481,0.0539065435345765,0.0407129357412851,0.0017676256688289,0.7607076350093109,0.2230021648425246,0.6295958593833332,0.7374034202383851,0.8174348354885564,0.2663118407975937,379341,0.041497975708502,0.0127563326927487,0.0351372511803364,0.1620169456499276,0.0019396693728758,0.7874493927125507,0.2783802256650688
25,3,100,14,0.7681955060794142,0.6324212354566366,0.7704299110310735,0.1969946857247572,234651,0.0125698324022346,0.1463876139458174,0.0756016381775487,0.4380494905385735,0.0015448682858,0.7057728119180633,0.2127367834074562,0.7754154414677606,0.6317616994444359,0.7542539577706462,0.2193698009048915,210854,0.0202800579430226,0.1174699080880609,0.0551139651133011,0.488150510719044,0.0017618565046095,0.6914534041525833,0.2293720356790207
25,3,100,21,0.7709049081978033,0.631445011162799,0.7683287130707676,0.198578352180937,232125,0.0125698324022346,0.1438707592891761,0.0731545503500269,0.4299916157623668,0.001573042622095,0.6945996275605214,0.2133128800098522,0.7712517920713534,0.6363056908688597,0.7488937925521018,0.2293672210729287,206407,0.0256663376110562,0.1153788388959676,0.0453424544710208,0.4960739030023094,0.001829901249458,0.6880552813425469,0.2373511692644701
25,3,100,31,0.7736201756516145,0.6296004564243101,0.7673049179649946,0.2004640411403637,231014,0.0125698324022346,0.1413507406477529,0.0741470213926428,0.4247259141299687,0.0015868755152377,0.680633147113594,0.2154852624938492,0.7590067176798047,0.648384557041729,0.7404235218178855,0.2480183573192327,200465,0.0484391819160387,0.1142643354201481,0.026648043299329,0.5023138042434296,0.0019341040043428,0.721205597416577,0.2518112007730392
25,3,250,14,0.8437390134243168,0.5876092147066124,0.7533674166777727,0.1914664908559307,209316,0.0125698324022346,0.0792772649964646,0.088488218769707,0.2593105941906713,0.0015763373845251,0.6992551210428305,0.2135278234880223,0.8608991014515828,0.5800936406245675,0.7323082278504734,0.215553969592768,184956,0.0179437439379243,0.0381712407275243,0.0672700534181102,0.3320113314447592,0.001839425989974,0.6799224054316197,0.2381059038446948
25,3,100,7,0.7539060367941791,0.6383262060320531,0.7786906621439982,0.189138821683123,244688,0.0125698324022346,0.1669391224743346,0.0850756882233701,0.4621523697610654,0.00144941187254,0.7248603351955307,0.2094435695784714,0.7661255269251983,0.6338738443620708,0.7674155013313937,0.202532547329427,224596,0.0142857142857142,0.1361689433471656,0.0722274662059876,0.4930843932903901,0.0015920961343225,0.7204761904761905,0.2189249931649778
25,3,250,21,0.8495827103727512,0.5843254607893477,0.7500287859504607,0.1944785127372324,206285,0.0125698324022346,0.0734954068400513,0.0864725985893302,0.2312512367258096,0.0016156320232531,0.6899441340782123,0.2150895785414069,0.8593591098984303,0.5827523827738145,0.7247887512750215,0.2270068492009265,180021,0.0218905472636815,0.0352625527021847,0.0564656345648563,0.3460932577189666,0.0019304505081623,0.6676616915422886,0.2467990319734686
25,3,250,31,0.8549650188255327,0.5804481266228722,0.748588882185407,0.1948353827071267,204778,0.0125698324022346,0.0708669876646905,0.0891648516930529,0.2088616317530319,0.0016370564051503,0.6643389199255121,0.2141474114500074,0.8457984801087315,0.597089973496697,0.7113590700107068,0.2524420940812414,173212,0.0555861309851403,0.0336466295637715,0.0323765097106436,0.3620452985586822,0.0020769623797431,0.7033571821684095,0.2704815798577223
25,2,25,31,0.4442910572803499,0.8137415017218527,0.8601023461951534,0.2038035967283505,575245,0.0125698324022346,0.334381002877035,0.0349729245799615,0.6721410338391794,0.0016653079334282,0.7811918063314711,0.1724928515175479,0.4412400172560339,0.8186515394673766,0.8562153283687852,0.219495849929101,553605,0.029585798816568,0.3141481742397558,0.0238924865201723,0.6934404360776015,0.0017569169570516,0.7919132149901381,0.1839105543560805
25,2,50,31,0.5277264219259896,0.7779342309591688,0.8446875029381168,0.2163101903463366,482594,0.0125698324022346,0.2254918212824859,0.0430278867951114,0.5311199125168855,0.0016871694474244,0.7695530726256983,0.1849854713725774,0.5265469349098717,0.7828666642755613,0.8384680170113246,0.2424064275916127,459270,0.0339830084957521,0.1880593115161016,0.0282883706752019,0.5880398286442051,0.0018095514438204,0.791104447776112,0.2093822348389968
25,3,250,7,0.8202233693445857,0.5997719371378979,0.7645842735344885,0.1835942975217822,221167,0.0125698324022346,0.1074030031605076,0.0967006831941474,0.3429738149364317,0.0014523285870649,0.7160148975791434,0.2087328464559404,0.8409322957547138,0.589831891879494,0.7507158907289427,0.1977463863010561,200833,0.0152380952380952,0.0650142157912295,0.0837213007822419,0.3762732633836256,0.0016149937450448,0.7152380952380952,0.2248972785141391
25,3,500,14,0.8640151740696123,0.5750021541634357,0.7498497786719197,0.1891235521994769,203412,0.0125698324022346,0.0585019566200617,0.0921774526576603,0.1840336134453781,0.0015880848199093,0.7001862197392924,0.2186794733786437,0.8838484084921538,0.5655043604200934,0.7275089561996059,0.2131142044470274,178951,0.0179524502668607,0.01511586970735,0.0708294449318528,0.2425138632162661,0.0018654699735651,0.6787967006307618,0.242817614255557
25,3,500,21,0.8708119823419233,0.5711646090930503,0.7456857221003855,0.1930420534135302,200174,0.0125698324022346,0.0522045820136481,0.0903414029794079,0.1317703349282296,0.0016311527225024,0.6801675977653632,0.2204687385090746,0.8834380252047687,0.5674510265208076,0.7188843288561758,0.2256195112968014,173766,0.021414342629482,0.0115327509409205,0.0597412612363753,0.2549900199600798,0.0019654763039277,0.6648406374501992,0.2528569556307487
25,3,25,31,0.5169549486427639,0.7713721326395938,0.8263622693540658,0.2001698866628384,377899,0.0125698324022346,0.3549361072667564,0.0386346616423965,0.6883769477372698,0.0015495997384056,0.728584729981378,0.2008051802361712,0.4995274959564172,0.7867403179845406,0.818766512956248,0.2226238891399307,351867,0.0350877192982456,0.3480718566958538,0.0162589842184689,0.7019391712594407,0.0017067023364503,0.7468671679197995,0.2162056672473945
25,3,500,31,0.8775433999834278,0.5661111196605808,0.7439188961279938,0.1938417663478883,198466,0.0125698324022346,0.0483710056130521,0.0942478812491812,0.0847916666666666,0.0016564798204328,0.6531657355679702,0.2206294816999177,0.8695950533921919,0.5824025918115499,0.7030939927797298,0.2541003289868645,166572,0.0573177518085698,0.0098095718368033,0.0336551161059481,0.2802937576499388,0.0021296947450502,0.6994991652754591,0.2851042343103814
25,3,25,14,0.5167095289227993,0.7709551205199013,0.8273225621855615,0.1984992406715779,379941,0.0125698324022346,0.3566158956258998,0.0406773683282404,0.6888769161506498,0.0015346867250756,0.7392923649906891,0.1998615925727248,0.5095495671502782,0.7779909980267008,0.8221462738489894,0.2123116347734046,359010,0.0186692197223551,0.3484554747778613,0.0279490821982674,0.6997657854978857,0.0016440225166971,0.7343226424126377,0.2095318994882479
25,5,100,21,0.8558720050682843,0.5512693929493729,0.7258463183945304,0.1796110709244264,142391,0.0125698324022346,0.1602418692192624,0.122465605269996,0.4584739448656703,0.0012916385508564,0.6261638733705773,0.2215837782911021,0.8325271004537415,0.5736998237085575,0.698951397181248,0.2147506931226588,115059,0.025909317389138,0.1606132505931739,0.0788378136434351,0.4729978354978355,0.001650214949778,0.5984055804683608,0.2432571740761235
25,5,100,14,0.851634880421115,0.5540230712964039,0.7309291818763045,0.1772857717397973,146701,0.0125698324022346,0.1614917417059188,0.1248048752223911,0.4618631547845173,0.0012367098467891,0.6550279329608939,0.2219966183828798,0.8440765935184291,0.5627504732580197,0.7090253563030089,0.2023515821609802,121195,0.0193986420950533,0.1558067577045257,0.0985189157968563,0.470687920351639,0.0015144204939037,0.6231813773035888,0.2381048942758742
25,5,100,31,0.861655184521044,0.5462588317182477,0.7227396268529706,0.1806425800367229,139967,0.0125698324022346,0.1580301070966727,0.1280444676245115,0.4536371445363714,0.0013278383486671,0.5875232774674115,0.2214442344061894,0.7948174640419601,0.6102329228609104,0.6818202534737857,0.25181497221933,105649,0.0525414049114791,0.1684351011367831,0.0231332052362066,0.4787861758921045,0.0019296689799381,0.6516276413478013,0.2661798237018777
25,3,25,7,0.5153835529848559,0.7698268575734375,0.8301925024631671,0.1952145359699013,386462,0.0125698324022346,0.3612463838618027,0.0472025710160378,0.692059194315512,0.0014931732208395,0.7481378026070763,0.1990695690192032,0.5126482532691954,0.7735184510323969,0.8262560875593372,0.2032876057913108,368414,0.0142314990512333,0.3536863419956896,0.0385435949773895,0.6995464417549865,0.0015749736938338,0.7490512333965844,0.2039417626545034
25,5,100,7,0.8259027484923367,0.5691924347200807,0.7495206201088315,0.1649840546137161,162743,0.0125698324022346,0.1846531033592842,0.1324665269781188,0.493494392865462,0.0010960569017074,0.6950651769087524,0.2137077990388846,0.8337467217970987,0.5663942653043603,0.735265397691092,0.1784415950401578,141940,0.0128878281622911,0.1685078202057207,0.1195152881499225,0.4927669537586754,0.0012260815336963,0.679236276849642,0.2240111156799942
25,5,250,14,0.99202178031227,0.4504794020095407,0.6974975841399794,0.148285206198662,118090,0.0125698324022346,0.0757388432551443,0.1697095435684647,0.3367620751341681,0.0011883430264269,0.6182495344506518,0.2071359049257024,1.013616841831114,0.4354367226969362,0.6611650971668335,0.1710050496823587,92085,0.0175524134568503,0.0531031112559048,0.1515230493565727,0.3351738241308793,0.0015421919881518,0.5568015602145295,0.227250091873894
25,5,250,21,1.006775288434378,0.4386429712249258,0.6878170711445831,0.1517473154035097,112773,0.0125698324022346,0.0672235375488813,0.1737649969407571,0.3078749505342303,0.0012653053636249,0.5847299813780261,0.2126680495753418,1.011392902799789,0.4388616533643117,0.6408185167230317,0.1861518855902204,84748,0.0232323232323232,0.0526738094114315,0.1314485297588143,0.3351254480286738,0.0017615554961856,0.5222222222222223,0.2361373215933085
25,5,250,31,1.0240543415523835,0.4230839555408125,0.6803209964271748,0.1535051565276327,109182,0.0125698324022346,0.0615486069132274,0.1918539686028832,0.2790178571428571,0.00132957871895,0.5204841713221602,0.2123694016211786,0.9655982252646887,0.4883304460445604,0.5966181221870147,0.2487597642866931,72970,0.0771663504111321,0.0576812388652871,0.0368370563245169,0.3392729864575908,0.0023162886618996,0.6129032258064516,0.2774296045484664
25,5,250,7,0.9355360930323368,0.4908788901697742,0.7257875608394803,0.1436672555562825,137547,0.0125698324022346,0.1127832668106174,0.1659287370862323,0.4204215818990524,0.001014158136078,0.6787709497206704,0.207155574384813,0.9619947554090178,0.4734719983410294,0.7053418869992799,0.153339289702926,116402,0.0138424821002386,0.0849126303671758,0.1581244308517035,0.4111695669769324,0.0011479692261878,0.6620525059665872,0.2155283654286183
25,3,50,31,0.6613200942321582,0.6939063495155552,0.7930010569363641,0.2042989224091699,279698,0.0125698324022346,0.2330406366867121,0.0564001172693405,0.5726055138767432,0.0015562688972353,0.7053072625698324,0.2117652214021636,0.6424658165500098,0.7130627484976203,0.7769596316726951,0.239433027691106,250947,0.0416233090530697,0.2177949925681518,0.0207653408887135,0.6064221022779251,0.0018054749682378,0.7304890738813735,0.2377355475974882
25,5,500,14,1.0350787813781055,0.4172676344733814,0.6883185823657656,0.1380935251798561,111200,0.0125698324022346,0.0496492805755395,0.184568345323741,0.2912515848578156,0.0011805688498958,0.6038175046554934,0.1939376978624652,1.0713513593729178,0.3896323003990543,0.6456508324524911,0.1572823309111893,84911,0.0180752320468979,0.0203978283143526,0.171803417696176,0.2569284064665127,0.001569807341806,0.5354176844162188,0.2160151085279011
25,5,500,21,1.055767867611207,0.4002304949493327,0.6765917480935614,0.1403755111334592,105403,0.0125698324022346,0.0399703993244974,0.1914651385634184,0.2435319249940659,0.0012666407246576,0.5702979515828678,0.1963403222928295,1.0774897841151556,0.3854110759797523,0.6204798821814439,0.1710497294912879,77077,0.0238578680203045,0.0170478871777573,0.1561814808568055,0.258751902587519,0.001830656488936,0.4974619289340101,0.2233339015426005
25,5,500,31,1.0829348786273465,0.3752267966160157,0.6677890184984729,0.1380841260110348,101134,0.0125698324022346,0.0319180493207032,0.2200051416931991,0.1530359355638166,0.0013481774015092,0.4762569832402235,0.1911429955471622,1.033233259605417,0.4361246599992168,0.5596072078515849,0.2459726420091608,64186,0.0901749663526245,0.018056897142679,0.0431714080952232,0.2528041415012942,0.0025602051737535,0.5874831763122477,0.2816213445217397
25,5,50,31,0.689138024220869,0.6647017679041423,0.7686506584625485,0.2037144485840509,196476,0.0125698324022346,0.2621948736741383,0.0789205806307131,0.5777928758613996,0.0013772917254758,0.648975791433892,0.2276690718408417,0.6315092169962565,0.7147697225759924,0.751321771930649,0.2517736087025067,164918,0.0508205399682371,0.2730144677961169,0.014613322984756,0.5946696279844531,0.0017341178900698,0.6881948120698782,0.2562669532481657
25,5,25,31,0.5134883346989139,0.7709077394773993,0.8169654067329996,0.2076796411067603,308504,0.0125698324022346,0.3778395093742707,0.0439346005238181,0.6898726032685626,0.0014591454857672,0.7104283054003724,0.21789083734308,0.4786438272825085,0.7990972644141675,0.8107786770855353,0.2325578909487381,280657,0.0382293762575452,0.3844621726876578,0.0125348735288982,0.6978091230931771,0.0016556489242099,0.721327967806841,0.2332641371531064
25,5,25,14,0.5140664031870964,0.7697359526511407,0.8188174878692056,0.2047824621655887,311555,0.0125698324022346,0.3792749273803983,0.0465182712522668,0.6915076376253544,0.0014341690384595,0.7257914338919925,0.2165271974528487,0.4965776125880167,0.7838983725103575,0.8141801792147464,0.2198143910764144,289749,0.019147917663954,0.3806846615518949,0.0304297857801062,0.6966537628169678,0.0015615075902939,0.7194830062230733,0.225741253450732
25,7,100,14,0.8604732287043183,0.5401784344549834,0.7269133099688233,0.1704760187239781,127537,0.0125698324022346,0.1757372370370951,0.1490704658256035,0.465622629723821,0.0010774224347904,0.6424581005586593,0.2209433188475052,0.8436804312988537,0.5557873475971784,0.7065923677798192,0.1974686775853265,101844,0.0193986420950533,0.1772122069046777,0.1243961352657004,0.4713541666666667,0.0013323028132309,0.5935984481086324,0.2365519294845157
25,7,250,14,1.0293111344029917,0.40766660328263704,0.6906907668774896,0.12839731744285032,96326,0.012569832402234637,0.08080891971015094,0.21917239374623673,0.3647225077081192,0.0009316739791817451,0.5935754189944135,0.19732084482949475,1.053359289402194,0.38751738189249857,0.6523617442349594,0.1482286645976058,69919,0.018536585365853658,0.06247228936340623,0.22076974785108483,0.3491300366300366,0.0012108190618848771,0.4995121951219512,0.22025682642979308
25,7,100,31,0.8727939126624722,0.5298993851129054,0.714841233627728,0.17815501263689976,118700,0.012569832402234637,0.1717775905644482,0.15928390901432182,0.4525747915644924,0.0011859730607985213,0.5670391061452514,0.22480519859433304,0.7679279275579195,0.6275098340540264,0.6798879840388121,0.26037640732649975,83314,0.057813394390383514,0.20086660105144394,0.0208488369301678,0.47248282043621154,0.0018671243254847565,0.6159129937034917,0.2702142480062539
25,7,100,21,0.8653482699445203,0.5368790171985295,0.7197848497017055,0.17695169723492485,122022,0.012569832402234637,0.1730753470685614,0.14839946894822245,0.45920734883280456,0.0011390262121916644,0.6149906890130353,0.22504614946843834,0.8267153625222571,0.571574362623389,0.6957599180814473,0.2143129245941885,94502,0.02642073778664008,0.1839431969693763,0.1013523523311676,0.4698843697865731,0.0014925536080251974,0.5757726819541376,0.2446279990187125
25,7,250,21,1.0496102487191568,0.3897759880390468,0.6764699701063548,0.13107947805456702,89358,0.012569832402234637,0.07384901184001433,0.2326708296962779,0.34732535232611,0.0010044954615274265,0.5418994413407822,0.19852046328569792,1.0535013241389486,0.38713577758554574,0.626655005133657,0.1627282843490214,61108,0.025835866261398176,0.06534332656935263,0.20781239772206586,0.349862258953168,0.0014550513804278248,0.44883485309017224,0.2271558227846847
25,7,250,31,1.0806131503582403,0.35919743270387133,0.6647263671235387,0.12818066916271195,83866,0.012569832402234637,0.06546156964681754,0.27863496530179094,0.32367941712204007,0.0010872039104367188,0.43947858472998136,0.1988594336310379,0.9693012819178058,0.4759951959107461,0.5695004898575031,0.2543443229824485,45922,0.1116986120290813,0.08133356561125386,0.039305779365010236,0.34109772423025436,0.0023900473508962176,0.5373430270984798,0.2813898661888168
25,7,500,14,1.0867787036233831,0.3600548951229132,0.6769627752844033,0.11370482777295138,88633,0.012569832402234637,0.050218315977119135,0.24484108627712026,0.3275668389126039,0.0008913787596913827,0.5782122905027933,0.184234207309324,1.1356661606662235,0.3169105770926668,0.6319425471381648,0.12336012861736334,62200,0.01860920666013712,0.025112540192926046,0.2637781350482315,0.24647887323943662,0.001175789935519171,0.4715964740450539,0.1987449833387409
25,7,500,21,1.1188140739502797,0.33069250909262965,0.6612474261350668,0.11258849939561388,81074,0.012569832402234637,0.03840935441695242,0.26871746799220464,0.2915863840719332,0.0009673997782269547,0.5228119180633147,0.189197904590666,1.156642985486421,0.2959595117260371,0.5982941244676333,0.13017976120422922,52681,0.026046986721144024,0.021298001176894895,0.2687686262599419,0.24331550802139038,0.001463939407972603,0.39989785495403474,0.20191193007660307
25,7,500,31,1.1700016705610392,0.27939956179091363,0.6434107359996623,0.10530986540452596,74371,0.012569832402234637,0.02666361888370467,0.34334619677024647,0.19919314170448815,0.0010701505596502582,0.37756052141527,0.1826100563606496,1.0781735574315594,0.38546026792902965,0.4992937008976637,0.24534791925115598,35468,0.13059984813971146,0.027179429344761474,0.05280816510657494,0.2354771784232365,0.0029101639596935936,0.4996203492786636,0.2801807376665857
35,10,700,14,1.1114911261936786,0.3213909249066447,0.7129729212569588,0.07723213310915562,91594,0.01303538175046555,0.063814223639103,0.35276328143764873,0.40718562874251496,0.000659173751980626,0.5512104283054003,0.13863898051882131,1.1920324212073548,0.24797831170301976,0.6746468591502709,0.07130520184231916,59056,0.018664047151277015,0.02739772419398537,0.4306590354917367,0.2904820766378245,0.000733479512655765,0.4076620825147348,0.15055660658801903
35,10,700,7,0.974260849823662,0.4358506984014788,0.7519946163830509,0.09373797954265349,127387,0.012569832402234637,0.13455062133498707,0.2718566258723418,0.48646441073512253,0.0006758254438708721,0.6359404096834265,0.15071985302980154,1.0167265572221174,0.4054059691216355,0.7340601427903063,0.09442009589081389,101991,0.013377926421404682,0.09794001431498858,0.28211312762890844,0.46290920012013215,0.0006880883749848872,0.6110845676063067,0.1574582653404312
25,7,50,31,0.6824337750707297,0.666646962346572,0.7677350328532843,0.2066505555033264,180827,0.012569832402234637,0.27299573625620066,0.08630901358757265,0.5826800364630811,0.0013139580663443476,0.6471135940409684,0.2325609755964299,0.6103545117760847,0.7285720167126691,0.7541680789849178,0.258248560202379,148632,0.0513499205929063,0.29138408956348566,0.013597341084019592,0.5954189660347734,0.0016938600894261925,0.676019057702488,0.2619805339017846
3,10,100,31,0.864932026466116,0.5847388026638158,0.566497514773613,0.531638383715508,98646,0.018156424581005588,0.023335969020538087,0.012377592603856213,0.4687228496959166,0.001509836670191107,0.7439478584729982,0.5491244194914287,0.8575795483688582,0.5923980854305232,0.5515916989364636,0.5645960858694715,92792,0.04910955207771182,0.02071299249935339,0.0023170100870764723,0.49791883454734653,0.001645523588401011,0.8186724230976794,0.5687258457376652
3,10,250,31,0.9855202753490265,0.4909349277107415,0.4782310588908899,0.5435176399551453,69558,0.018156424581005588,0.004657983265763823,0.020400241525058226,0.3333333333333333,0.0015963517170669355,0.6955307262569832,0.5897551840771794,0.9782227323354501,0.49970599981034014,0.4453160823989107,0.6100471698113208,63600,0.048654836863194044,0.0030345911949685536,0.002877358490566038,0.46113989637305697,0.001818335322506653,0.8019461934745278,0.6323744630587378
3,10,500,31,1.018928877756777,0.46340664067135606,0.45369110658443873,0.5456987577639751,64400,0.018156424581005588,0.0015372670807453415,0.023664596273291927,0.09090909090909091,0.0016574015124458455,0.6848230912476723,0.6046270435611861,1.0120025167363549,0.47216435419087927,0.4104679093829652,0.6344866549108901,58411,0.04590935844614479,0.0005136018900549554,0.002996011025320573,0.23333333333333334,0.0019138882168802523,0.8045909358446145,0.6681984622560634
3,10,50,31,0.7226427549040492,0.6835480558745227,0.6603980725515812,0.5091015561729856,160522,0.01675977653631285,0.05235419444063742,0.0070644522246171865,0.6157782008567348,0.0015113338896526355,0.7891061452513967,0.5095035723562362,0.7176235890236915,0.6883588207801412,0.6540648738825872,0.5250211441742151,154889,0.043545081967213115,0.0498486012563836,0.0022596827405432277,0.6209040279756508,0.0015887962951936661,0.8329918032786885,0.5179842730123975
25,7,25,31,0.5084505367963437,0.773846498113877,0.8174759706144137,0.20928900610032233,300312,0.012569832402234637,0.38307160553024855,0.04484003303231306,0.6874331759981224,0.0014418490279021134,0.7108938547486033,0.2190562527953853,0.47078671297687663,0.8043205372055556,0.8118474564168043,0.23526298768118073,272104,0.03822937625754527,0.3905087760562138,0.012293093817069944,0.6953575697117421,0.001644487634521982,0.721327967806841,0.23532633146039894
25,5,25,7,0.5150627714639503,0.7664255688977663,0.8226011085003121,0.1984258892571931,320689,0.012569832402234637,0.3837612141358138,0.05537764001883445,0.6939903142977866,0.001373398171825047,0.7351024208566108,0.213497226551628,0.5055693630505282,0.7746709484783516,0.8194671899404185,0.20831981137698774,301978,0.014705882352941176,0.3821503553238978,0.044900621899608584,0.696969696969697,0.0014631074831187578,0.7305502846299811,0.21909110172843257
3,10,25,31,0.5716659846999027,0.7714302892380279,0.7481142103786164,0.4585297589177804,282974,0.016294227188081937,0.10814421112893764,0.005360916550637161,0.6879615711391412,0.0015515321247757364,0.8258845437616388,0.44809563028760135,0.5690545658773942,0.7737846096205333,0.7457768741899253,0.46528050357043826,277697,0.03316831683168317,0.10658739561464474,0.0031113047674263677,0.6898543869725329,0.001593246976050089,0.85,0.4516790325856188
3,2,100,31,0.3076228640975003,0.8846435913818119,0.8696989616131529,0.36415802299943084,904805,0.013500931098696461,0.15244500196174868,0.008135454600715072,0.024163905664344284,0.0018743966069068693,0.8631284916201117,0.36640913152453713,0.30772299486732146,0.8845576343355669,0.8690311064914984,0.3675240346974743,900469,0.019249278152069296,0.15049157716700964,0.007528299141891614,0.02012353058378163,0.0018880368100606178,0.87776708373436,0.3722399272444129
3,2,250,31,0.3096572983772603,0.8838370661356361,0.8694014595453275,0.3654154175850682,899661,0.013500931098696461,0.1447256244296463,0.00815640557943492,0.004254861601794108,0.0018769131052662022,0.8626629422718808,0.3771340133793846,0.30976373325902856,0.8837022014498075,0.868593349736685,0.36929720118037856,895306,0.019258545979778528,0.14115062336229178,0.007535970941778565,0.0029041013507632167,0.001890580352846769,0.8786711603273952,0.38613029135576044
3,2,500,31,0.3101513766362675,0.8836141669925904,0.8694221509909265,0.3652364477768013,898930,0.013500931098696461,0.1462305185053341,0.00814635177377549,0.0008368137176590517,0.0018796137230889898,0.8631284916201117,0.3831689312588465,0.3102734378069715,0.8834626091291061,0.8685401259390069,0.3691053765941083,894544,0.019258545979778528,0.1413602908297412,0.0075278577688744205,0.0003400472902975809,0.0018933726144222465,0.8791526239768898,0.39244226313143743
3,2,25,31,0.29115383811223405,0.8908372979914613,0.8731851236858387,0.3478236613016979,949990,0.013500931098696461,0.21593806250592112,0.00841166749123675,0.20235547604307325,0.0018399924162285923,0.8608007448789572,0.31645012595556693,0.2911610961823302,0.8909282716561394,0.8726735866879938,0.3504291128425078,945672,0.016338298894762134,0.21268156400950858,0.007825123298564407,0.19799927409050003,0.0018525240676823488,0.877462758289284,0.3191507837678536
3,3,100,31,0.5889539378216188,0.7763403715649749,0.7812014791679197,0.4546117881715708,437184,0.01675977653631285,0.010000365978626849,0.005091677646025472,0.4057639524245197,0.0017757393551061788,0.8342644320297952,0.45855552081831946,0.5894160623343236,0.7763321855363247,0.7784328583318808,0.4617043629581291,432138,0.023680315737543166,0.007610994635972768,0.0036215283080867685,0.4660991182730313,0.0018063385568244839,0.8623581647755303,0.4658802888886903
3,3,250,31,0.5970270505187092,0.7727921486989892,0.778411427038938,0.457418131454439,430324,0.01675977653631285,0.0036972141920971176,0.00498926390347738,0.12382149591451917,0.0017963309506576037,0.8375232774674115,0.47240609827539276,0.5974887310277519,0.7727037015594039,0.7750577967953357,0.46510282685678545,425278,0.02277227722772277,0.0018435000164598217,0.0034306970969577547,0.17091836734693877,0.001828026748355454,0.8648514851485148,0.481896904619454
3,3,500,31,0.5986457585264219,0.771950549739852,0.7783756151172189,0.4564367856269006,429135,0.01675977653631285,0.002780010952264439,0.005026390296759761,0.02933780385582565,0.0017976074884373991,0.8384543761638734,0.47537935556951116,0.5990818910300412,0.7718810799443058,0.7749258685275161,0.4642540508931772,424104,0.02526002971768202,0.001216682700469696,0.0034543413879614434,0.03488372093023256,0.00182931759999796,0.8652798415056959,0.4852653445628551
3,3,25,31,0.5076877386489483,0.81103315419494,0.804506719129597,0.43163574359413565,513748,0.015828677839851025,0.07955846056821632,0.005528002055482454,0.6571330707312896,0.00171487840714604,0.8472998137802608,0.40013689943541003,0.507793572564137,0.8113492396518578,0.8030791498964573,0.43588665386829734,508919,0.02197265625,0.07700832548991096,0.0043405728613001284,0.6612997882166824,0.001738646248529276,0.87158203125,0.4036126873849726
3,5,100,31,0.7945621197366046,0.6480484014613279,0.6506017553288782,0.4846712949050328,196331,0.018156424581005588,0.013405931819223659,0.006514508661393259,0.45440729483282677,0.0016741930802059216,0.792364990689013,0.5080919608407295,0.7934714213727115,0.6497305748685224,0.6410278859531785,0.503312403693959,190798,0.04082687338501292,0.011698235830564261,0.0021174226144928146,0.48879928315412186,0.0017452343147210036,0.8459948320413436,0.5216566982005219
3,5,250,31,0.8308712205866275,0.6255147551510698,0.6307825483177422,0.4884715690232751,183286,0.018156424581005588,0.003011686653645123,0.006972709317678382,0.20108695652173914,0.0017224105753549954,0.7839851024208566,0.5272085988755845,0.8300375482029183,0.6270116684699123,0.6175976467377376,0.513040198600564,177643,0.03920543648719289,0.0010526730577619158,0.002178526595475195,0.37433155080213903,0.0018030276762593844,0.8395190799790905,0.5485704726425708
3,3,50,31,0.5646991775732063,0.7871848022109216,0.7881232984174045,0.45053040222259627,457483,0.016294227188081937,0.029393441942104952,0.0049903493681732435,0.5669666096527106,0.0017515030220367543,0.8421787709497207,0.43684251418086045,0.5651611985564349,0.7872650319568251,0.7859444605871923,0.4561557825038621,452477,0.02064896755162242,0.026613507426896835,0.00363333384901332,0.5807174887892377,0.00177992276926823,0.8682399213372665,0.44219052614034454
3,5,500,31,0.837069000240066,0.6215224908297403,0.6282536871034649,0.48808834317927335,181293,0.018156424581005588,0.0014837859156172604,0.0071265851411803,0.02973977695167286,0.0017352767546015384,0.7816573556797021,0.5292142280562324,0.8361503574938358,0.6231100195965212,0.6133672218605247,0.5161554797679304,175637,0.0429769392033543,0.00017650039570250004,0.002163553237643549,0.12903225806451613,0.0018178691177256252,0.8385744234800838,0.5540698873628185
3,7,100,31,0.851968540003144,0.6000499519197584,0.5911259347965986,0.5136705871528683,130426,0.018156424581005588,0.017757195651173847,0.009361630349776886,0.4883419689119171,0.001591579138726604,0.7672253258845437,0.5362364435082754,0.8483684354055397,0.6042735982262556,0.5770120939898532,0.5413224466224995,124678,0.03253333333333333,0.016506520797574552,0.0019410000160413224,0.48833819241982507,0.0016980234583489006,0.8453333333333334,0.553844946767667
3,5,50,31,0.7127481957825976,0.6964555531801522,0.691115230497241,0.47623618332702045,232328,0.01675977653631285,0.040765641679005545,0.00553527771082263,0.6004645760743321,0.001617232829987194,0.8086592178770949,0.4817820923343419,0.7113297318591033,0.6982851388658642,0.6855246096276858,0.4879236849181614,226849,0.03345159655347187,0.03836031897870389,0.0021556189359441744,0.6159503562399449,0.0016731362064000893,0.8540293968575773,0.4891193910026031
3,7,250,31,0.9257072875016586,0.5474037902484734,0.5440137227191464,0.5171183700746869,110729,0.018156424581005588,0.004063976013510462,0.011586847167408718,0.25555555555555554,0.0016762389735186817,0.7351024208566108,0.5614855817947354,0.9227851496706999,0.5513161664212435,0.5198206865802918,0.5623272131022518,104898,0.03444505194095134,0.0022688707125016684,0.0019161471143396443,0.3277310924369748,0.001814992712001124,0.8206670311645708,0.5950412235523731
3,7,500,31,0.9406077377771742,0.5363084645932727,0.5344856899648597,0.5155337190834873,107669,0.018156424581005588,0.0015789131504889988,0.0124083998179606,0.11176470588235295,0.0017068704716945594,0.7299813780260708,0.5641511213285452,0.9376879616121482,0.5402631291420614,0.5064038801163699,0.5681106189910338,101827,0.03425414364640884,0.00029461734117670164,0.001973936185883901,0.3,0.0018532873379839634,0.8243093922651934,0.6088675894951716
3,5,25,31,0.5792178661783943,0.7686624852734348,0.7529057313528409,0.447465343336977,322016,0.016294227188081937,0.09967517142005367,0.005024595051177581,0.677758045923295,0.0015922221756115673,0.8310055865921788,0.4378604086898359,0.5777487514523294,0.77011334178929,0.7502326744415825,0.454544306674411,316792,0.03162055335968379,0.09702580873254375,0.0031345488522437435,0.6811985554868725,0.0016293042349750063,0.8557312252964426,0.4424918850478703
3,7,50,31,0.7287115129547743,0.6811471532354678,0.6649791390382586,0.4979048722863638,179464,0.01675977653631285,0.04654415370213525,0.006614139883207774,0.6058900993654974,0.0015470866982668122,0.7867783985102421,0.503133945847575,0.7252248613152651,0.6846354516151963,0.6584674749068438,0.5126822115522843,173905,0.03885480572597137,0.044075788505218365,0.0022081021247232686,0.620221787345075,0.0016172644145892126,0.8328220858895705,0.5117047230657106
400,10,1000,14,1.0324312756273994,0.3057617563791651,0.8488180936800418,0.030839409471556455,221632,0.012569832402234637,0.2162638969101935,0.6373132038694773,0.7789948050322338,0.0008590984065416175,0.4441340782122905,0.060848673781255726,1.2192795708383724,0.1650519892502686,0.8232118746536455,0.01871615818365137,133895,0.0172244094488189,0.09637402442212181,0.7897531647933081,0.6864538127712337,0.0008989903122257572,0.2593503937007874,0.060728268156056524
400,10,1000,21,1.1583470021295046,0.20979606463648906,0.8417750292666567,0.021602128876619664,201045,0.012569832402234637,0.13702902335298067,0.7431371086075257,0.74819412682856,0.0008318367769327647,0.34124767225325886,0.056877409986818186,1.3510158337567533,0.058319541799514346,0.7990754046712466,0.007898876775322061,90899,0.02509147935180345,0.026523944157801516,0.9129473371544241,0.4997926171712982,0.0009766866647665999,0.10297961317302666,0.04694365056314232
400,10,1000,31,1.3825617199219704,0.02528703125035206,0.8358014455652711,0.0021295642455615546,179849,0.012569832402234637,0.01852109269442699,0.9709144893771997,0.6940858601020714,0.0008024263554362895,0.04189944134078212,0.037141074715205356,0.5908178208205916,0.6464525734899528,0.7701746408692591,0.149812734082397,3204,0.33694181326116374,0.4622347066167291,0.29275905118601747,0.6887238352464551,0.003811774463936938,0.11366711772665765,0.15791012006406707
3,7,25,31,0.5750020727819153,0.7695547164235457,0.7475519787668996,0.45656383650729543,289701,0.016294227188081937,0.10584706300634102,0.00521572241725089,0.686896686668406,0.0015620552020546646,0.8282122905027933,0.4475071856358748,0.572688166092322,0.7717094450167622,0.7451519201052798,0.4633299112604947,284428,0.0326571004453241,0.10404742149155498,0.003023612302586243,0.6877745488950463,0.0016031013681485882,0.8520534388916378,0.4512128615079114
400,10,1250,14,1.035068289503872,0.30388725112901993,0.849415056750714,0.030547633789958464,221261,0.012569832402234637,0.2142175982211054,0.6391094680038507,0.7820794126334445,0.0008579688455884244,0.4408752327746741,0.06085217057398651,1.2232958829703287,0.16237805486628612,0.823058465719577,0.018947904496569905,133524,0.015779092702169626,0.0927174140978401,0.7917228363440281,0.6866720516962843,0.0008974237607056088,0.2613412228796844,0.06192214690685574
400,10,1500,14,1.0362989189293503,0.3031218863572688,0.8492004270337368,0.03050540699515859,221010,0.012569832402234637,0.21344283064114747,0.6399484186235916,0.7769062811353953,0.0008575238258896817,0.4404096834264432,0.06007752170934593,1.226002606838551,0.16033503774163368,0.8233154521078166,0.018420420780935802,133276,0.015779092702169626,0.09075902638134398,0.7938413517812659,0.683614417989418,0.000896368893886048,0.2588757396449704,0.05830485147000286
400,10,1000,7,0.8283977802218621,0.44874920496791554,0.8619996016297852,0.042796535396017764,272008,0.012569832402234637,0.3654635157789477,0.5011359960001176,0.8268768421370298,0.0009095424283082576,0.5256052141527002,0.06431978694041891,0.8948133528801724,0.4032932640766858,0.8504874848839769,0.04137969495022725,215178,0.012900143334925944,0.314683657251206,0.5432060898418983,0.8087221065378879,0.0009237413593802063,0.4930721452460583,0.06513360637910127
400,10,1750,14,1.0368721278493607,0.3026422023842779,0.8489211510446003,0.030546034132227288,220847,0.012569832402234637,0.2125679769252016,0.6405384723360517,0.7783150495260411,0.0008568986263765759,0.4408752327746741,0.06070235486042716,1.227803244502898,0.1588438383136057,0.8230381900249473,0.01819629165133412,133159,0.015779092702169626,0.08944194534353668,0.7956728422412304,0.6876574307304786,0.000895847344374292,0.2578895463510848,0.05767725839211768
400,10,2000,14,1.0371702202622046,0.3023666401681092,0.8488640816681382,0.030493107008930997,220804,0.012569832402234637,0.21243274578359087,0.6407854930164308,0.7796657144075385,0.0008566287278875285,0.441340782122905,0.06114590116337201,1.2285477350631986,0.15840872551217205,0.8230452499246309,0.018127024447433884,133061,0.015779092702169626,0.088996775914806,0.7958530298133939,0.6852727579800709,0.0008950020609489291,0.2588757396449704,0.05873553910290958
400,10,500,14,1.0202327273149026,0.314809670534052,0.8501458243054358,0.0312402527381451,224422,0.012569832402234637,0.22568197413800786,0.6281024142018162,0.7790633391249407,0.0008656211979820904,0.44320297951582865,0.06331970421941588,1.190884469021724,0.18620464682570353,0.8246256990945373,0.02043474125505747,136679,0.018128368446839783,0.11658703970617286,0.7673234366654716,0.7024160652651397,0.0009091244987636073,0.26555609995100443,0.06462600201048198
400,10,700,21,1.1490471554088144,0.21656245863176996,0.8428111506825247,0.021542050993069765,202302,0.012569832402234637,0.1441359947009916,0.7365522832201362,0.7500257210466751,0.0008345953194817047,0.34450651769087526,0.055339367559139235,1.3273976642663945,0.07629584395820838,0.8009337701064979,0.009276941104986763,92164,0.02900051786639047,0.04229417125992795,0.8937329108979645,0.5851718830169318,0.0009805205350836013,0.1108234075608493,0.04990117785553277
400,10,700,14,1.0275391045410975,0.3094433089130546,0.849258067083731,0.031348680516563726,222625,0.012569832402234637,0.2197237507018529,0.6334104435710275,0.7782116280971462,0.0008616603057023828,0.4445996275605214,0.06288216802897705,1.2088777430569708,0.17291896566562515,0.8236728062952002,0.01967949478178368,134912,0.018172888015717092,0.10339332305502846,0.7812055265654649,0.6880063086959639,0.000903064123150863,0.2691552062868369,0.06184898771753428
400,10,700,31,1.363040186456855,0.04065572083387971,0.8367505070952053,0.00291856648824864,181596,0.012569832402234637,0.031135047027467565,0.9536608735875239,0.6954368588609834,0.0008059246124472413,0.05493482309124767,0.036933561921588136,0.5254450085332734,0.6961883483755756,0.797431584339977,0.1301775147928994,5408,0.25573770491803277,0.5295857988165681,0.23724112426035504,0.6826117318435754,0.0032311418575307264,0.12786885245901639,0.13908788694651952
400,20,1000,14,1.0324312756273994,0.3057617563791651,0.8488180936800418,0.030839409471556455,221632,0.012569832402234637,0.2162638969101935,0.6373132038694773,0.7789948050322338,0.0008590984065416175,0.4441340782122905,0.060848673781255726,1.2192795708383724,0.1650519892502686,0.8232118746536455,0.01871615818365137,133895,0.0172244094488189,0.09637402442212181,0.7897531647933081,0.6864538127712337,0.0008989903122257572,0.2593503937007874,0.060728268156056524
400,20,2000,14,1.0371702202622046,0.3023666401681092,0.8488640816681382,0.030493107008930997,220804,0.012569832402234637,0.21243274578359087,0.6407854930164308,0.7796657144075385,0.0008566287278875285,0.441340782122905,0.06114590116337201,1.2285477350631986,0.15840872551217205,0.823045249924631,0.018127024447433884,133061,0.015779092702169626,0.088996775914806,0.7958530298133939,0.6852727579800709,0.0008950020609489291,0.2588757396449704,0.05873553910290958
400,10,700,7,0.8256667486618059,0.4507143565795392,0.8622816681175977,0.042816696861453604,272674,0.012569832402234637,0.36791553283408024,0.4994242208644755,0.8274439050647422,0.0009111599571028596,0.5293296089385475,0.06424930471193913,0.8917112443607416,0.40559442325821365,0.8510141889955057,0.04150602409638554,215800,0.012900143334925944,0.3171362372567192,0.541014828544949,0.808775826295333,0.0009258154409390357,0.49498327759197325,0.06691918380264104
400,20,500,14,1.0202327273149026,0.314809670534052,0.8501458243054358,0.0312402527381451,224422,0.012569832402234637,0.22568197413800786,0.6281024142018162,0.7790633391249407,0.0008656211979820905,0.44320297951582865,0.06331970421941588,1.1908844690217237,0.18620464682570353,0.8246256990945373,0.02043474125505747,136679,0.018128368446839783,0.11658703970617286,0.7673234366654716,0.7024160652651397,0.0009091244987636073,0.26555609995100443,0.06462600201048198
400,20,700,14,1.0275391045410975,0.30944330891305466,0.849258067083731,0.031348680516563726,222625,0.012569832402234637,0.2197237507018529,0.6334104435710275,0.7782116280971462,0.0008616603057023827,0.4445996275605214,0.06288216802897705,1.2088777430569708,0.17291896566562515,0.8236728062952002,0.01967949478178368,134912,0.018172888015717092,0.10339332305502846,0.7812055265654649,0.6880063086959639,0.000903064123150863,0.2691552062868369,0.06184898771753428
400,3,1000,14,1.0187816995815324,0.32047229688103085,0.8488312208422276,0.0347037027257765,227238,0.012569832402234637,0.22034606887932476,0.6122567528318327,0.7611391823610473,0.0009092922485156947,0.452048417132216,0.0616511877129697,1.1970866129136615,0.19086787242874545,0.8216285902394157,0.025639001707831628,139358,0.016707616707616706,0.09847299760329511,0.7369365231992422,0.6454856809735481,0.0009921564992890952,0.2914004914004914,0.06489618428097638
400,3,2000,14,1.023172936491947,0.3173849156098109,0.8485728891445977,0.03453333392236295,226361,0.012569832402234637,0.2166627643454482,0.6152429084515442,0.7600114183182448,0.0009058381543850151,0.4506517690875233,0.06174581966624643,1.2056090806843802,0.18462338591243152,0.8210267858908227,0.025303205313312156,138520,0.01720747295968535,0.0916185388391568,0.7434594282414092,0.6405326609408242,0.0009860770936605087,0.2890855457227139,0.06170643891170978
400,3,500,14,1.0057321971646993,0.3296463909949629,0.8493655844698655,0.035066988722261806,230188,0.012569832402234637,0.23076354979408137,0.6028420247797452,0.763643893898605,0.0009164819133296254,0.4548417132216015,0.06201682110288187,1.170261422201152,0.2099685052694379,0.8229521689336879,0.026937209743485256,142331,0.01811949069539667,0.1188497235317675,0.7177635230554131,0.6745684558997399,0.0010040404228572892,0.29187071498530853,0.06490354551180669
50,10,1000,31,1.3495469105535487,0.07118080477991047,0.7080244358818719,0.016440602952279296,76822,0.012569832402234637,0.010934367759235635,0.823761422509177,0.28809523809523807,0.0006351566171171867,0.11731843575418995,0.07871892375713332,1.0935009583177009,0.3444592803044622,0.4877667979196014,0.2065778744223974,7358,0.27805486284289277,0.06441967926066866,0.17056265289480838,0.2848101265822785,0.007904966167835453,0.24189526184538654,0.22135971452282474
50,10,100,21,0.8760937542113811,0.4967998954865505,0.7705625315400949,0.1086210772901663,137883,0.012569832402234637,0.23371264042702872,0.27739460267037996,0.5213343677269201,0.0009091337248054628,0.5600558659217877,0.15899621504969325,0.8081850728862967,0.553188726092267,0.7516127660012414,0.13832495385986127,94278,0.02543640897755611,0.2721207492734254,0.21815269734190373,0.5195868251802768,0.0012089513255815565,0.49925187032418955,0.17670881331252342
50,10,100,14,0.8602518033353416,0.5098808785298911,0.7784585195083871,0.10809561144281607,149229,0.012569832402234637,0.2388342748393409,0.2621541389408225,0.5290816755983277,0.0008689393246029368,0.5996275605214153,0.1592382586715269,0.8408543440760563,0.5257654793827056,0.7627087594990787,0.1237144420131291,109680,0.01842870999030068,0.24892414296134208,0.2463986141502553,0.5271774961541279,0.0010400764424217347,0.5290979631425801,0.1701492583753272
400,3,700,14,1.0135300609361964,0.3242499529277346,0.8492106692681188,0.03475077615613328,228369,0.012569832402234637,0.2243956053579952,0.6085326817562804,0.7603083227631964,0.0009125864631259841,0.45251396648044695,0.06310366799351738,1.1879846008951624,0.19706413391660058,0.8219868275335002,0.026235765815167462,140419,0.016200294550810016,0.10589022853032709,0.7314038698466732,0.6536418050978546,0.0009970482277373994,0.2925871379479627,0.06593934403732675
50,10,100,31,0.8978049358881288,0.47555811350084726,0.7646069301397742,0.10671062034625049,130137,0.012569832402234637,0.23037260732919923,0.3140459669425298,0.512241494329553,0.0009521091069879359,0.48789571694599626,0.15797099913093773,0.642649810187053,0.699953710161482,0.742563072568828,0.20502778817634693,69454,0.06854838709677419,0.3521035505514441,0.03484320557491289,0.5191167450419137,0.0019041812657256086,0.5247695852534562,0.21083207036853627
50,10,250,14,1.0276046968478834,0.3797585686642862,0.7562338281283145,0.07699100159784711,118910,0.012569832402234637,0.13031704650576065,0.36352703725506685,0.45611770779556016,0.0007082083397502703,0.547951582867784,0.1357297582415853,1.0773498096548197,0.33567490238016734,0.7279632584740603,0.07926225135279323,78726,0.018048780487804877,0.10716916901658918,0.4143612021441455,0.41460234680573665,0.0007886236135158657,0.4346341463414634,0.14576647893527986
50,10,250,21,1.072003486569681,0.34027799415256094,0.7435915703896386,0.07268094457758285,105571,0.012569832402234637,0.11399910960396321,0.4132479563516496,0.4206896551724138,0.0007187553363832446,0.4781191806331471,0.13668121368867595,1.091217119679462,0.31893383858115615,0.7037810402942177,0.07899473044183218,61675,0.025888324873096447,0.11565464126469396,0.44476692338873125,0.39464460956119446,0.00090373433259092,0.35583756345177664,0.1433115064175199
50,10,250,31,1.155958142974744,0.2548441259487498,0.729358530799214,0.0565132127804804,92297,0.012569832402234637,0.09480264797339025,0.5629110371951418,0.38948571428571427,0.000737961589302314,0.30726256983240224,0.12640556042496084,0.80895039121868,0.5831371023019216,0.6675949182653413,0.19496498201779291,26415,0.14521679284239505,0.2498580352072686,0.07571455612341473,0.3809090909090909,0.00256047285967535,0.3922918100481762,0.20327274378505716
50,10,500,31,1.2818775200638295,0.13737032118129705,0.7149885905131719,0.031064525246070854,81379,0.012569832402234637,0.03599208641049902,0.7224591110728812,0.3171730966200068,0.0006631671352111165,0.2048417132216015,0.10297180393963967,0.9483958334023052,0.46972013881187946,0.5919234321455926,0.19616090547568063,13076,0.2001779359430605,0.14859284184765983,0.12641480575099417,0.3154915079773546,0.0040935680039679775,0.28825622775800713,0.20588424548799658
50,10,500,21,1.1438414778719912,0.27957703688592933,0.7351234166941044,0.05946211671207063,97642,0.012569832402234637,0.06898670654021835,0.4691833432334446,0.39697149643705465,0.0006669743753202402,0.4557728119180633,0.12509000143477778,1.2292967847600127,0.19610956644624905,0.6851923510910608,0.050669892072943805,53740,0.025179856115107913,0.04157052474879047,0.5770003721622627,0.3196060877350045,0.000796764092097317,0.2959917780061665,0.12458245947124826
50,10,500,14,1.08484053192255,0.33359789605670837,0.7489344416009918,0.06788570401653338,111290,0.012569832402234637,0.09016982657920748,0.39976637613442356,0.44783258594917785,0.0006664239708485139,0.5358472998137802,0.12725823147740695,1.1705531767648483,0.25752346284373373,0.7158907832367494,0.06208273012214148,71147,0.018128368446839783,0.04804137911647715,0.487118220023332,0.3601521357519017,0.0007134103576901162,0.4037236648701617,0.13453853943494412
50,10,700,21,1.1627279356543858,0.2634070375356215,0.7327078705654051,0.05506029868155214,96022,0.012569832402234637,0.05851783966174418,0.4841911228676762,0.390994838939313,0.0006572656796460153,0.44320297951582865,0.11398211150113706,1.2672206378771518,0.16137684187764412,0.6790723776642944,0.04084417706191016,52027,0.028970512157268494,0.024852480442846984,0.614873046687297,0.2791956689868523,0.000776156940314468,0.26332126228660113,0.10957130282330518
50,10,700,14,1.0977783234859968,0.32286514666194566,0.7469953905318214,0.06520015673552702,109739,0.012569832402234637,0.0813840111537375,0.40967204002223456,0.45526816705856005,0.0006588655770331262,0.5321229050279329,0.12382121204736886,1.1923217906915835,0.2388245357941284,0.7135750038400824,0.0570932019591227,69623,0.01768172888015717,0.0360800310242305,0.5051635235482528,0.34912420382165604,0.0007007495412739179,0.3988212180746562,0.12848297417494367
50,10,750,31,1.3282183288127956,0.09255424548170409,0.7104343316788462,0.020488029465930018,78192,0.012569832402234637,0.01831389400450174,0.7891983834663393,0.2807262569832402,0.0006428284956794017,0.14851024208566108,0.08518722538566618,1.0372913326937947,0.3941384308758347,0.5334190003920058,0.19822679509632224,9136,0.22653721682847897,0.09511821366024518,0.1533493870402802,0.2773302646720368,0.005981737260800006,0.2545846817691478,0.21090026633585174
50,15,1000,31,1.36264016919874,0.054864056411608166,0.7094531723263305,0.012517964353350435,74453,0.012569832402234637,0.0098585684928747,0.8793601332384189,0.3228882833787466,0.000586114662267018,0.10148975791433892,0.07677820379155051,1.0102880936257517,0.4151172211179367,0.5549403231334594,0.21999097472924187,4432,0.3269476372924649,0.09814981949458483,0.20397111913357402,0.296551724137931,0.00663706720048363,0.18901660280970625,0.2245146082268742
50,15,250,31,1.1599227482139702,0.24926448694989198,0.7303942185063754,0.05578886875027629,90484,0.012569832402234637,0.09407188011140091,0.5824786702621458,0.39826127819548873,0.0007006682769423787,0.31052141527001864,0.12872764934774433,0.779574885985097,0.6072760392688976,0.6856783579523207,0.19990958037072049,24331,0.14521679284239505,0.2666146068801118,0.07562368994287123,0.3861569292431016,0.0023228077391269876,0.3922918100481762,0.20722576281421085
50,15,500,31,1.291504846838024,0.1252382103203967,0.7167733385467635,0.026370654907064608,79141,0.012569832402234637,0.03607485374205532,0.7613499955775136,0.32889667250437826,0.0006175949077582432,0.1908752327746741,0.0963558720930042,0.8901593199535538,0.5184023963233665,0.6369754442834134,0.1915444348576359,10431,0.20071364852809992,0.1844501965295753,0.13584507717380884,0.3180873180873181,0.0033156386400041253,0.26672613737734163,0.19870672506808482
50,10,700,7,0.9457036418591235,0.44461250087258325,0.7799535276744802,0.08038271153782266,150505,0.012569832402234637,0.1745789176439321,0.31619547523338093,0.522511893434824,0.0006962484262902891,0.61731843575419,0.12695422905937478,0.9924096935039115,0.4121457214322887,0.7643656840707352,0.08137223095671849,120213,0.012900143334925944,0.13274770615490838,0.3323351051882908,0.4951121694447926,0.0007050637438337543,0.5891065456282848,0.1322908599521185
50,15,100,31,0.8980925462184556,0.4751854100616283,0.7653224504717541,0.10677252607793977,129228,0.012569832402234637,0.22948586993530815,0.3167889311913827,0.5135554356622606,0.0009384360271433088,0.48789571694599626,0.15819512169002614,0.6381980548497883,0.7037398894282944,0.7449394696716513,0.20590810905481932,68516,0.06854838709677419,0.35312919610018095,0.03491155350575048,0.5203554453399463,0.001878062652932274,0.5213133640552995,0.2111658162727813
50,15,750,31,1.3398634888652865,0.07790126014984605,0.7123412907483732,0.017053691452067792,75878,0.012569832402234637,0.018411133661930996,0.8379372150030312,0.2934860415175376,0.000594557433775632,0.13221601489757914,0.08438012191349306,0.961502060608604,0.4584610728672987,0.5937354597848895,0.20389425360139307,6317,0.24809575625680086,0.1372486940003166,0.1742915941111287,0.279123414071511,0.004658860060054881,0.21218715995647444,0.21220587880083497
50,20,1000,31,1.3647926873534983,0.05209749362178991,0.7101420964678433,0.011249476061060857,73959,0.012569832402234637,0.009924417582714748,0.8898578942386998,0.3228882833787466,0.0005756271933878307,0.09683426443202979,0.07396951430532442,0.9828221883143914,0.43879816209848954,0.5856610753142094,0.2143226473629783,3868,0.32864450127877237,0.11168562564632885,0.22078593588417786,0.2986111111111111,0.004887830605481269,0.1867007672634271,0.22323747794469434
50,20,250,31,1.1602521783335111,0.24866448645086892,0.7310637658375907,0.054984036892515076,90208,0.012569832402234637,0.0949804895352962,0.584970290883292,0.39822595704948643,0.0006940502887267684,0.3100558659217877,0.12696373596461158,0.7746636026330112,0.6110614767772721,0.6891078750647922,0.20085772577757421,24017,0.14521679284239505,0.27064162884623394,0.07644585085564391,0.38753846153846155,0.0022710810522093817,0.39022711631108054,0.20756830498309806
50,20,500,31,1.2928392177493397,0.12349471673697024,0.7173111285848557,0.025826131164209457,78680,0.012569832402234637,0.036718352821555666,0.7681367564819522,0.32329525787469715,0.0006069315918711176,0.18994413407821228,0.09643127168626164,0.8752637558592284,0.5313619940651455,0.6493832453362646,0.19509004930073448,9939,0.20071364852809992,0.19599557299527115,0.13955126270248516,0.31211498973305957,0.0029646733583614327,0.2622658340767172,0.20024582625679596
50,20,750,31,1.3417651911607482,0.07546783262061879,0.7129866563819369,0.015758267121198054,75389,0.012569832402234637,0.01798670893631697,0.8469537996259401,0.30162241887905605,0.0005840730643307344,0.12802607076350092,0.08185751378255392,0.9371878954683862,0.4800816466424055,0.6164304527107877,0.20385818561001043,5754,0.24918389553862894,0.145985401459854,0.18474104970455335,0.2892857142857143,0.0037387212583650875,0.20783460282916214,0.21165941991624704
50,20,100,31,0.898256894648513,0.4751267642773589,0.7651363688535782,0.10716469905167408,129175,0.012569832402234637,0.2299051674085543,0.31707373717824655,0.5111455316856354,0.0009374555776046106,0.4864990689013035,0.15924514298221565,0.63808136992742,0.7040652710402688,0.7448978464702982,0.20681343403503133,68453,0.06854838709677419,0.3538194089375192,0.03495829255109345,0.5188687035507845,0.0018758793868882257,0.5207373271889401,0.21203476808456864
50,2,1000,31,0.7289463037052969,0.6591142328432917,0.8183719417393609,0.1589105146398024,318242,0.012569832402234637,0.1376028305503359,0.11363993438955261,0.0213742549839008,0.0017259037901496666,0.7006517690875232,0.15062981061698394,0.7307482161661781,0.6719004735968847,0.7941240055369989,0.2220978836849554,273447,0.04564533053515215,0.006425376764052997,0.06183282317962896,0.1906659077973819,0.002137653041579261,0.7182581322140609,0.2411119800917118
50,2,250,31,0.7060552657761333,0.6705232133286799,0.8225108970008608,0.1570354119065945,330002,0.012569832402234637,0.16623232586469172,0.10791146720322907,0.1862296516397178,0.0017066611056206805,0.7015828677839852,0.13939811236571906,0.7044200737711735,0.6850414594353513,0.8010207235822975,0.21417049522203288,285791,0.04434011476264997,0.057314611026939265,0.05816488272898727,0.40915750915750915,0.002090995777473141,0.7198748043818466,0.20276010403207015
50,2,100,31,0.6460350528036044,0.7008619719873737,0.8321963991531732,0.15868590433012889,362622,0.012569832402234637,0.2294179614033346,0.09447854790939325,0.41707135301471293,0.0016656509898128511,0.7043761638733705,0.13761201620370042,0.6390743340489451,0.7167053720953492,0.8154040271007887,0.20680330380087159,319874,0.040847983453981385,0.15428575001406805,0.051288945022102454,0.5558234721997082,0.001980926387710596,0.7300930713547052,0.18085237697342216
50,30,1000,31,1.3654839957753995,0.05113937710233006,0.710687315527013,0.010846134031101289,73759,0.012569832402234637,0.010317384997085101,0.8935587521522798,0.316688567674113,0.0005715899252815542,0.09590316573556797,0.07248512579110837,0.967740011590694,0.45144488465584726,0.6014480779665172,0.21438337435056057,3657,0.32864450127877237,0.12031719989062073,0.2351654361498496,0.29772727272727273,0.003965896165083719,0.1815856777493606,0.22218124299321756
50,30,100,31,0.8981674384807413,0.4751464057478101,0.7652021859800882,0.10725566703827573,129168,0.012569832402234637,0.2298634336677815,0.317075436640654,0.5117712438112559,0.0009373903237627348,0.4864990689013035,0.15941287975852023,0.6378209450492128,0.7042087614325111,0.7450292503935735,0.20701846657316503,68448,0.06854838709677419,0.3538744740532959,0.03496084618980832,0.5192799933944348,0.0018757513286505741,0.5207373271889401,0.21223129285823805
50,30,250,31,1.1603844633347915,0.24852009733885114,0.730987370503266,0.055633810627654975,90161,0.012569832402234637,0.09435343441177449,0.5854194163773694,0.39637945221582227,0.0006926074972635712,0.3095903165735568,0.12891319791202135,0.7741109257798627,0.6116074380281784,0.6894943781863491,0.20219514230865537,23962,0.14521679284239505,0.2700525832568233,0.07666304982889575,0.3847936949466852,0.0022558428026741464,0.389538885065382,0.20875627385417186
50,30,500,31,1.2930251710563347,0.12312009643221013,0.7176733833216733,0.02558260891700289,78569,0.012569832402234637,0.03641385279181356,0.769845613409869,0.3278573925200979,0.00060409370600529,0.1894785847299814,0.09592106777188629,0.8699032095288548,0.535712067307769,0.6534088416769961,0.19508464205588416,9806,0.20071364852809992,0.194064858250051,0.14113807872730982,0.3210719915922228,0.0028327628403053925,0.2631578947368421,0.20021203493657616
50,30,750,31,1.3422245005121118,0.07487826206784813,0.7132598416006801,0.015867531362959812,75248,0.012569832402234637,0.018352647246438442,0.8495508186264087,0.2932657494569153,0.0005810388163253668,0.12756052141527002,0.08298260684368233,0.9293281663986978,0.48725814338737916,0.6248427284898189,0.2058665712752638,5591,0.24918389553862894,0.15095689500983725,0.19084242532641746,0.283175355450237,0.003368754217501997,0.20674646354733406,0.2128812538200805
50,3,1000,31,0.993851427514582,0.4495873720427521,0.7546213377981389,0.11983753664642813,168161,0.012569832402234637,0.05568473070450342,0.23522695512039057,0.04698846646732166,0.0014705860386130002,0.5405027932960894,0.13922141505804184,0.9544692961790936,0.5039271095130072,0.6749061187864215,0.20599012123933544,111350,0.09003601440576231,0.006268522676246071,0.07682981589582398,0.2994269340974212,0.0026116950067023694,0.5822328931572629,0.23791454736083492
50,2,500,31,0.7226413692157903,0.6622882683497339,0.8192806751179588,0.1598173373938849,321467,0.012569832402234637,0.14473647372825205,0.11195239324720734,0.0719781636863824,0.0017173807972849142,0.702048417132216,0.14513481939010908,0.7234667727980887,0.6755597157977543,0.7959213067559124,0.2214555622186739,276814,0.04657247514390372,0.020486680586964533,0.06088203631319225,0.31740433785928407,0.00211942941845913,0.7184720041862899,0.22192954786388538
50,2,750,31,0.7271789674555742,0.6599643031014002,0.8186945399040056,0.158959184249214,319019,0.012569832402234637,0.1396782009848943,0.11324090414677496,0.036916517055655296,0.001730195280248626,0.702513966480447,0.14576784814915308,0.7289293969331787,0.6727114262575213,0.7945366324880375,0.22229637328373722,274215,0.04612159329140461,0.009879109457907117,0.06173987564502307,0.26393503137689184,0.00214193964797666,0.7206498951781971,0.23674895926180073
50,3,100,14,0.7944450721971302,0.5836771033148227,0.791719413427993,0.12847043144485876,219101,0.012569832402234637,0.22045084230560336,0.16156019370062208,0.5014595971097907,0.0013456803841412524,0.6536312849162011,0.1493469247838791,0.8007773666488418,0.5854122679438334,0.7717750450134723,0.14833302044106766,181106,0.018384131591678763,0.18992744580521903,0.1297527414884101,0.534087275053057,0.0016485665652989467,0.6149008224479923,0.1653328163967654
50,3,100,21,0.8032803460267977,0.5791337710506683,0.78766379421634,0.13054048736614296,213474,0.012569832402234637,0.21240057337193288,0.1580895097295221,0.48886242336023994,0.0013953231751366241,0.6294227188081937,0.1492633295826589,0.7896725617396689,0.5969928789756905,0.76158752465943,0.16150751245262746,171249,0.022840119165839126,0.18953103375786137,0.10394805225140001,0.5376035986073883,0.0018045801685571722,0.6032770605759682,0.1743733440394882
50,3,100,31,0.8119740774004764,0.5728455570162712,0.785667281370299,0.13040567489031965,210612,0.012569832402234637,0.20745256680531024,0.16201830854842078,0.4800878879428728,0.0014250597963051067,0.6047486033519553,0.14843010943977775,0.7515531600133083,0.6330233183403006,0.7448109609689345,0.19387256922208768,157717,0.05817174515235457,0.19634535275208126,0.049068901893898564,0.5445151290082991,0.002094196779277552,0.6349030470914128,0.19724117448126366
3,2,50,31,0.30315203785294553,0.8863411224726679,0.8703422211271901,0.35987347324454494,916486,0.013500931098696461,0.17125848076239025,0.00829254347584142,0.08041744183083158,0.0018619757166151256,0.861731843575419,0.34473841422416607,0.3032590439286639,0.8863167167405066,0.8697328065459486,0.36273162004117687,912162,0.01875901875901876,0.16722577787717532,0.007685038403266086,0.07466385204901106,0.001875089780805918,0.8763828763828764,0.3496089473728732
50,3,250,14,0.8969907599497189,0.5176213522404511,0.7731576322257837,0.12313448500241389,190564,0.012569832402234637,0.13040238450074515,0.19558258642765686,0.373158953722334,0.0013306630083637864,0.638733705772812,0.1431067888810296,0.9289386617778692,0.501634676196805,0.7453941619652177,0.14175176334350983,151984,0.015070491006319884,0.07778450363196127,0.16852431834929993,0.3901201150397564,0.001692439612913556,0.5828877005347594,0.1628050827047015
50,3,250,21,0.9147583913190616,0.506251763980958,0.7675042012837103,0.12450120581622598,183693,0.012569832402234637,0.11723364526683107,0.1962567980271431,0.3307174367309032,0.0013972373956318085,0.6047486033519553,0.14482895930093867,0.9268564748982144,0.5065482782591771,0.730362242133115,0.1555727774301803,140648,0.023046092184368736,0.0716113986690177,0.1437987031454411,0.40488482922954727,0.0019139390014604703,0.562625250501002,0.17281763159940564
50,3,100,7,0.7590208862163139,0.6016699521311657,0.8040454669481977,0.12356898136542158,239340,0.012569832402234637,0.25925461686304,0.16999665747472215,0.5390652699435938,0.0012186643697441972,0.6759776536312849,0.1448886233269076,0.776342899816223,0.5949682010162495,0.7921319731281243,0.13382920871051768,209999,0.01239866475917978,0.2243486873747018,0.1567007461940295,0.5469615605034703,0.0013608236126112087,0.6604673342870768,0.1542604680464609
50,3,250,31,0.934528099503097,0.4911082134751142,0.7639965006035161,0.12427408050196916,179772,0.012569832402234637,0.10529448412433527,0.2082804886189173,0.2915632098895874,0.0014442670988728246,0.5628491620111732,0.14529840372504588,0.8851650789613553,0.549722939047439,0.6998224792052771,0.20022327344571966,124511,0.07544979686593152,0.07344732593907366,0.06660455702708998,0.42536905412793874,0.0023865888615278307,0.6088218224027858,0.20877158133047097
50,3,250,7,0.8364214196131873,0.5524244122369748,0.7919208804812027,0.11590910151202012,214349,0.012569832402234637,0.19356283444289454,0.19882528026722773,0.45779705953241745,0.0011756647177743667,0.6606145251396648,0.14217511216782244,0.8681689057009273,0.5365574430542893,0.7769509260251903,0.1251780945106261,184593,0.01335240820219361,0.1430065062055441,0.1881490630738977,0.4521554663232063,0.0013244272487755418,0.6471149260848832,0.15275431697926758
50,3,500,14,0.928781729929416,0.4962367441625523,0.7681995705848047,0.11937544357700497,183170,0.012569832402234637,0.10284981165037943,0.20831468035158596,0.30330696958437287,0.0013292155414343079,0.6261638733705773,0.13830296059234795,0.9710826980040193,0.47270807346172533,0.7373751171985257,0.1380238689980572,144120,0.01556420233463035,0.037052456286427976,0.1835345545378851,0.3101123595505618,0.0017140465325015885,0.5739299610894941,0.16102723513637235
50,3,500,21,0.9515253427994139,0.4813522384637159,0.7617326855780744,0.12079333082783833,175614,0.012569832402234637,0.08562529183322515,0.2100743676472263,0.23156214670479483,0.00140358183210333,0.6005586592178771,0.14170632339235228,0.975807452230972,0.4724478328261823,0.7201896843252036,0.14940249596996966,132133,0.024072216649949848,0.02809290638977394,0.15868859406809804,0.3119612068965517,0.001964528369397293,0.5521564694082247,0.16879656016757016
50,3,500,31,0.9770603228023793,0.4614281677014506,0.7575188063472553,0.11922283336158473,171083,0.012569832402234637,0.07191830865720147,0.22694832332844292,0.14141742522756828,0.0014603332566647878,0.5507448789571695,0.1380663807091561,0.935533294718186,0.5163397591005212,0.6820769356196639,0.20175262676025635,114685,0.08832246591582692,0.026603304704189736,0.07442124078998998,0.3477548344804982,0.0025371246810654644,0.5898043864848844,0.2207741709884783
50,50,1000,31,1.3655672870533722,0.05103552590570835,0.7107681270567051,0.010973955507325014,73720,0.012569832402234637,0.010119370591427021,0.8942213781877374,0.3203753351206434,0.000570864123011965,0.09543761638733705,0.07385674273975677,0.9648557172507436,0.45418234345367803,0.6052198325778299,0.21460176991150443,3616,0.32864450127877237,0.12140486725663717,0.23783185840707965,0.2984054669703872,0.003785083048752126,0.18286445012787725,0.22168550233694495
50,50,100,31,0.8981674384807413,0.4751464057478101,0.7652021859800882,0.10725566703827573,129168,0.012569832402234637,0.2298634336677815,0.317075436640654,0.5117712438112559,0.0009373903237627348,0.4864990689013035,0.15941287975852023,0.6378209450492129,0.7042087614325112,0.7450292503935736,0.20701846657316503,68448,0.06854838709677419,0.3538744740532959,0.03496084618980832,0.5192799933944348,0.0018757513286505741,0.5207373271889401,0.21223129285823805
50,3,750,31,0.9890456439927948,0.45299049952918036,0.7556397623557135,0.11941984750885785,169059,0.012569832402234637,0.0604226926694231,0.2328536191507107,0.07802251590797846,0.0014675797949181412,0.5418994413407822,0.13983302596160982,0.949644337756822,0.507031940125826,0.6774440045120729,0.20353140010674256,112420,0.09194029850746269,0.011999644191425013,0.0762053015477673,0.2883617494440326,0.0025889972492622293,0.5838805970149253,0.229863291093973
50,50,250,31,1.1603444875632887,0.24855328134998056,0.7310618033236812,0.055659079817205734,90156,0.012569832402234637,0.0944584941656684,0.585451883402103,0.39596054485674026,0.0006925396382613102,0.3095903165735568,0.12901220085621157,0.7737897881821613,0.6119171827602101,0.6897632932787845,0.20269706078824315,23952,0.14521679284239505,0.26978957915831664,0.07669505678022712,0.38517486846177657,0.002253044772690134,0.389538885065382,0.20915836868171495
50,50,500,31,1.2929732624639387,0.12313626204611303,0.7177621146983415,0.02559205500381971,78540,0.012569832402234637,0.036389101094983445,0.7701935319582378,0.3275017494751575,0.0006031389010845451,0.18994413407821228,0.09583528707520934,0.869108713358209,0.536488250598332,0.6543178922664699,0.19444160621232248,9787,0.20071364852809992,0.19393072443036682,0.14151425360171657,0.321390937829294,0.002809505245293106,0.2622658340767172,0.19964588571168493
50,50,750,31,1.3422756619839413,0.07477860358302948,0.7133694365144603,0.015715577301494442,75212,0.012569832402234637,0.0182949529330426,0.8500505238525767,0.29578488372093026,0.0005803007998417144,0.12756052141527002,0.08268046209678838,0.9265905772859976,0.4896408467056653,0.627366007279486,0.20587175792507204,5552,0.24918389553862894,0.15255763688760807,0.19218299711815562,0.2845336481700118,0.0032848405433089137,0.20674646354733406,0.2125599249575117
50,5,1000,31,1.2195249509170842,0.22213947181997543,0.7136296285761402,0.06219687577485743,100825,0.012569832402234637,0.02090751301760476,0.49790230597570045,0.13519924098671726,0.000997751254680033,0.31191806331471134,0.11361800795804461,1.1106130922179664,0.35249244257892826,0.5304689843334619,0.18686094781712312,35893,0.13109243697478992,0.013568105201571336,0.11233388125818404,0.2751540041067762,0.003882369347290006,0.43529411764705883,0.21988137410922393
50,5,100,14,0.8550026037610554,0.5202067754140095,0.776325445337877,0.11090537527867228,161480,0.012569832402234637,0.23176864007926679,0.2347473371315333,0.5210816010260247,0.0010084330499055129,0.6024208566108007,0.15561601850153034,0.8455448409698622,0.5293892326360097,0.7562713507359442,0.128163418781062,122336,0.01842870999030068,0.23113392623594037,0.21241498822913943,0.5247206111189702,0.0012525909305033593,0.5407371483996121,0.1696075900425304
50,5,100,21,0.8697595535061716,0.5093360651577384,0.7694070999817,0.11245403718973054,152569,0.012569832402234637,0.22381348766787487,0.24105158977249638,0.5105865815444988,0.0010638732399523162,0.5661080074487895,0.15619965506325206,0.8201114295851273,0.5518896461761686,0.7431172417315705,0.14161716839221022,108758,0.024925224327018942,0.24590374960922415,0.17784438845878003,0.519630571343105,0.0014563981857704774,0.5149551345962113,0.1747922269800289
50,5,100,31,0.8877572118073482,0.4930214023279114,0.7644256047674978,0.11136184443054838,147124,0.012569832402234637,0.218407601750904,0.261466518039205,0.5048081411632901,0.0011099439176929914,0.5102420856610801,0.15527114731845718,0.7139717931016931,0.6483303010978849,0.7200098800014006,0.1947457300556481,88233,0.06551724137931035,0.29078689379257194,0.04038171659129804,0.5199360798222707,0.0020635783606264596,0.5494252873563218,0.2045115703614065
50,5,250,14,1.0060114325128744,0.40729865874972937,0.7533018913260251,0.08865392435949573,132786,0.012569832402234637,0.12498305544259183,0.31312035907399877,0.43872017353579174,0.0009021722955350232,0.563780260707635,0.14085802333081965,1.0508575501313675,0.3718895016982176,0.7200823723456934,0.0965509049285128,92604,0.018048780487804877,0.09522266856723252,0.3260766273595093,0.4073486051258789,0.0011444905895285676,0.4653658536585366,0.15477289823304802
50,3,25,14,0.5044102665385822,0.758728135418139,0.8428434891515681,0.1455665441304809,372407,0.012569832402234637,0.4447687610598082,0.07735891108384106,0.7144323361608356,0.0014420548070899996,0.6987895716945997,0.15532578470487562,0.48464552946704875,0.7751393323155393,0.8368213004001468,0.15974829791623685,339290,0.01867816091954023,0.44580447404874884,0.05352648177075658,0.7246871219183244,0.0015990364121331035,0.6882183908045977,0.16476443593885015
50,5,100,7,0.8053257259017318,0.5526207469617923,0.796260245072247,0.10695215270770266,190272,0.012569832402234637,0.26780083249243186,0.22756895391860074,0.5620841919340595,0.0009148643216470028,0.6452513966480447,0.150044316384124,0.8183638052205326,0.5461366370626813,0.7848620050713916,0.11372781434230637,160295,0.012410501193317422,0.24940266383854767,0.22117346143048755,0.5559807894341888,0.00099195111309305,0.6252983293556086,0.1559708656658835
50,5,250,31,1.0934077792913772,0.33010512858883695,0.7313755593786666,0.08163856436903685,113929,0.012569832402234637,0.09067050531471355,0.39766872350323446,0.3632139399806389,0.0010232352685880138,0.39338919925512106,0.13846479653091937,0.9279996943810777,0.4956041419391591,0.6258682811559767,0.18997263487099297,51160,0.12125249833444371,0.14089132134480062,0.07709147771696638,0.3877635960044395,0.0027785417983006906,0.4763491005996003,0.20793977069098932
50,5,250,21,1.0411708390933867,0.3786548328592435,0.7413123312469777,0.08743540818749847,122113,0.012569832402234637,0.10804746423394725,0.33540245510306027,0.3989692284371684,0.0009580535678873647,0.5069832402234636,0.14235847523664272,1.0556890484188095,0.36805880810798935,0.6951407334785175,0.10291239635371066,77668,0.025809716599190284,0.09754338981305041,0.3100762218674358,0.3954593453009504,0.0014065553124469926,0.40030364372469635,0.15451896855618083
50,3,25,7,0.5025652279180272,0.7558156262508688,0.8474525039050507,0.13715724301003898,385696,0.012569832402234637,0.45642163776653116,0.0898116651456069,0.7190695296523517,0.0013758573836149916,0.7099627560521415,0.14956383520796027,0.495035738060257,0.7634249262651494,0.8431947350019235,0.14523210208979687,358743,0.014705882352941176,0.4518248439690809,0.0758927700331435,0.7252867251941835,0.0014749312533887161,0.7001897533206831,0.15505078561710695
50,5,500,14,1.0547258253733116,0.36963939993906303,0.7456584988003168,0.08277305241046777,125681,0.012569832402234637,0.08848592866065674,0.33819750001989163,0.42424242424242425,0.0008756869278905633,0.5549348230912476,0.13751880482247056,1.1249554896367782,0.3129170728412472,0.707821592820333,0.08665925188784171,85415,0.017131669114047968,0.044395012585611425,0.3671486272902886,0.3615506329113924,0.0011145582231909376,0.44738130200685267,0.15021115034523844
50,5,250,7,0.9059199870968615,0.48027433575758766,0.7810534606032958,0.09353693310264587,165881,0.012569832402234637,0.19252958446114987,0.27760261874476283,0.5167673857907756,0.0008262638042939625,0.6266294227188082,0.14446616705512028,0.9416681760839026,0.4569099493769553,0.7652150043084617,0.09800059023166593,135540,0.013365155131264916,0.15715655894938763,0.28173232993950126,0.5000234730763814,0.0008835459595563367,0.6047732696897374,0.15197066318419555
50,5,500,31,1.1805871114228093,0.2560632110005287,0.7193287586959415,0.06728325466740555,104662,0.012569832402234637,0.04119928914028014,0.464648105329537,0.26113172541743973,0.001006806848333012,0.3580074487895717,0.1226082620688796,1.0473715224703746,0.40301904193714366,0.5656472365623288,0.18767666749318127,40330,0.13577421815408086,0.0551698487478304,0.09640466154227623,0.3253932584269663,0.003445958995690891,0.4492753623188406,0.21369159085408201
50,5,500,21,1.1015270154564105,0.33013723657986555,0.7325320891893294,0.07782822848044234,114303,0.012569832402234637,0.06712859679973404,0.3703927280998749,0.3719536035448977,0.0009311291794847827,0.48743016759776536,0.1316225566297387,1.1569358564685275,0.283902112476784,0.6758034334123364,0.08840024671170589,69717,0.025,0.037207567738141344,0.37174577219329574,0.3215111796453354,0.0014048085600972793,0.3673469387755102,0.1439769605869753
50,7,1000,31,1.3069638310789942,0.12256569849377881,0.7066765862401838,0.03236434569545876,84074,0.012569832402234637,0.013904417536931751,0.6884887123248566,0.21471343028229256,0.0007663303872819006,0.19506517690875233,0.09337015747478239,1.1422643036607638,0.3096018323292151,0.4717873835983836,0.191713048855906,16170,0.20641711229946524,0.03320964749536178,0.15040197897340754,0.25139664804469275,0.005725600952799384,0.34866310160427805,0.22099178369220798
50,5,750,31,1.2071543183504712,0.23325135731387658,0.7147273277747809,0.06404433763303742,101945,0.012569832402234637,0.026376967972926577,0.48699789101966745,0.18073633320937152,0.000999297093796705,0.3333333333333333,0.11753113757333293,1.0910128391465006,0.36819954638742647,0.540947098241874,0.18748489973423532,37251,0.1336593317033415,0.025046307481678343,0.1094735711792972,0.2861736334405145,0.003735655040295302,0.4474327628361858,0.2193727553118231
50,7,100,21,0.8754733145425994,0.4993039822388931,0.7694492613329714,0.10823022825940694,141199,0.012569832402234637,0.23072401362615882,0.26721152416093596,0.5197065504328074,0.0009523928564404057,0.553072625698324,0.15728945237275418,0.8139135483534987,0.5505478435046703,0.7473330774958419,0.13888035081248334,97602,0.02543640897755611,0.26283272883752384,0.20727034282084383,0.5227848594706273,0.00128321858529207,0.5002493765586035,0.17689069513203368
50,7,100,14,0.8604230387872593,0.5109834449340706,0.7773418915947052,0.10573287842661995,151826,0.012569832402234637,0.23838472988816145,0.2566358858166585,0.5286933937501727,0.0009053281804915002,0.5963687150837989,0.15298981788594182,0.8433303363084361,0.5252608870109324,0.7604763499219697,0.12236993241739161,112307,0.01842870999030068,0.24477548149269412,0.23969120357591245,0.5275372862859221,0.001098568675643058,0.5286129970902037,0.16703138148763974
50,7,100,31,0.8969751095368952,0.4788803702448476,0.7638118208833231,0.10692896728442881,134248,0.012569832402234637,0.22637953638043024,0.2987307073475955,0.5096574643809022,0.0009981176051769096,0.4925512104283054,0.15568453378409905,0.6665462241355083,0.6819846584382576,0.7332731202162235,0.2005779800407827,74051,0.06854838709677419,0.333648431486408,0.03623178620140174,0.5193265066580321,0.001969837547677668,0.533410138248848,0.20794192587264315
50,7,250,14,1.0241330223025478,0.3850250065150186,0.7543612205986588,0.08039427579657464,122148,0.012569832402234637,0.12712447195205817,0.3514015784130727,0.4506053580628542,0.0007618551637822182,0.5540037243947858,0.13845922351750467,1.0728259938354374,0.3430470639208092,0.7240458714461633,0.08450618188926355,81852,0.018048780487804877,0.10236768802228412,0.3908273469188291,0.40816326530612246,0.0008933161991829384,0.4419512195121951,0.1506519900940662
50,7,250,31,1.1386975338005996,0.2767964168070988,0.7280403322637984,0.06524123920771965,98450,0.012569832402234637,0.09068562722194007,0.5036160487557135,0.38866487455197135,0.0008339333927519536,0.3370577281191806,0.13411041538291574,0.8723473240296538,0.5334273780605969,0.6358647608583924,0.19439553552776867,33509,0.1381668946648427,0.19720075203676624,0.07651675669223194,0.38332324455205813,0.0027915865363985657,0.41928864569083446,0.20795007478113534
50,7,250,21,1.0665270707718586,0.34828811865838905,0.7411396573522712,0.07734620156170181,109624,0.012569832402234637,0.10925527256805079,0.391273808655039,0.4205560657927695,0.0007902035160583724,0.48789571694599626,0.14034749159212578,1.0845942938108455,0.3299833176570446,0.697916583894888,0.0876904075751338,65583,0.0258751902587519,0.10575911440464754,0.4036259396489944,0.4002306805074971,0.0010708744795037714,0.3668188736681887,0.15112758315127237
50,7,500,21,1.1354287614414453,0.29052831042227767,0.7319140825094153,0.06411718442784113,101720,0.012569832402234637,0.06774478961856076,0.4407294534014943,0.390944710491946,0.0007455176232324115,0.4543761638733706,0.13056313770708525,1.210599096578838,0.2196223284001395,0.6786928799182325,0.06134064446719534,57629,0.024640657084188913,0.03940724288118829,0.5106109771122178,0.3188022897402025,0.0009987702626086123,0.31519507186858314,0.13384938575388775
50,7,500,14,1.078697314679954,0.3414243576802835,0.7468869344347111,0.07152501328408783,114799,0.012569832402234637,0.08906872011080236,0.38342668490143644,0.44117359413202933,0.0007240771232740093,0.5381750465549349,0.13302116444727782,1.1608559673122527,0.2699521539852745,0.7111613991334148,0.06818090290362853,74493,0.017638412542871143,0.047387002805632746,0.45292846307706763,0.35212464589235126,0.0008303975357405393,0.4145026947574718,0.14024235974940572
50,7,500,31,1.2503067731174897,0.17587504882305843,0.713565909892472,0.043176639952844625,88219,0.012569832402234637,0.03731622439610515,0.6207279610968158,0.29647630619684084,0.0007842913029466039,0.24441340782122906,0.11289493678618304,1.026414480201897,0.40838420569817196,0.5486575942804165,0.1897216475456084,21268,0.1860662701784197,0.0940379913485048,0.11721835621591123,0.3065,0.004129725681004721,0.36873406966864913,0.2117926826958344
50,7,750,31,1.289058285973821,0.13985102025345011,0.7090236427673651,0.035708841016499945,85273,0.012569832402234637,0.019373072367572384,0.6641023536172059,0.2524213075060533,0.000768043646536358,0.2053072625698324,0.10044045382687357,1.1036155061291284,0.3431715291817873,0.4983805064439891,0.18797246981834592,17726,0.19351669941060903,0.05325510549475347,0.13629696491030124,0.2531779661016949,0.005016668876028089,0.3388998035363458,0.21020105214011575
5,10,250,31,1.0238963838007324,0.44858437403901885,0.503358446426886,0.4145778364116095,63672,0.0148975791433892,0.01245445407714537,0.047257821334338486,0.27112232030264816,0.0014890781416749819,0.6303538175046555,0.474777907219817,1.0080440527954222,0.46712296039878815,0.4547734644379347,0.5089382898256618,54205,0.06414868105515588,0.009113550410478738,0.00606955077944839,0.32388663967611336,0.0018755909673119668,0.7446043165467626,0.5337865298175725
5,10,100,31,0.8717650005284892,0.5715916294753357,0.596399376404636,0.4360814401968793,96709,0.0148975791433892,0.04507336442316641,0.02579904662440931,0.4592796512961688,0.001447255261571158,0.7006517690875232,0.4638694437466036,0.8559320585386498,0.587613088504816,0.576772478496212,0.4802223769677736,87599,0.05115511551155116,0.04178129887327481,0.003835660224431786,0.4751366120218579,0.0016612798134177259,0.7744774477447744,0.48792498568972464
5,10,500,31,1.0752487773677728,0.4031631644960516,0.47430101693495513,0.3947400913693049,56693,0.0148975791433892,0.003704161007531794,0.05916074294886494,0.1380952380952381,0.0015553984053082387,0.5977653631284916,0.46628944286584895,1.0593500427340492,0.42283381999139025,0.40602628235658783,0.53019392935279,47079,0.060759493670886074,0.002251534654516876,0.0063935087831092415,0.20754716981132076,0.002043214364381312,0.7386075949367089,0.5638002421696174
50,5,25,14,0.5007165995528293,0.7576963960023035,0.8395272331725139,0.14618204613687416,325423,0.012569832402234637,0.4658183349056459,0.08849405235647143,0.7133480222708921,0.0013387263744258754,0.6857541899441341,0.1634754972630494,0.46757934264715983,0.7834777013627356,0.834777869547009,0.1615055344468645,291086,0.018687110685194058,0.47908865421215724,0.06076554695175996,0.7191085360256999,0.0015049848188966575,0.6765692381408721,0.1728347188479837
50,5,25,7,0.5010212250920865,0.7529878844669344,0.8447909143082795,0.13840758895675145,343341,0.012569832402234637,0.47207295371074237,0.10215791297864223,0.7220049110943844,0.0012577628721875953,0.7006517690875232,0.15765333736630094,0.48639758506221753,0.7651803559604576,0.8417555467410833,0.14682424042774245,315704,0.014712861888941622,0.4745394420089704,0.08707840255429136,0.7253661206562805,0.001353323461819934,0.6938775510204082,0.16310033403051002
5,10,50,31,0.7162990263436776,0.6805278760873249,0.6858312123867272,0.4280396329546653,161179,0.0148975791433892,0.09186680646982548,0.013661829394648186,0.5905315053690822,0.001482510108820579,0.7597765363128491,0.4333259427161971,0.7061817857916382,0.6899608573055136,0.6773739523583159,0.4504981646565286,152560,0.04653567735263702,0.08964997378080755,0.003369166229680126,0.5964758353440082,0.001599812512296557,0.796277145811789,0.44516779240761306
5,10,25,31,0.5590807714327447,0.7724498310340864,0.7654047520352264,0.39013021318149405,284687,0.014432029795158287,0.1641838229353641,0.009185526560749174,0.684709355811814,0.0015368943340594127,0.8035381750465549,0.38535049282376177,0.5538787407333897,0.776990378803251,0.7622187610061965,0.40034621959284866,276703,0.03286852589641434,0.16139687679569792,0.004474111231175665,0.6891779932376453,0.001598790903310893,0.8296812749003984,0.3907888558503095
5,2,250,31,0.37764319160284726,0.8567783234264612,0.8610311840595944,0.34621665394168155,745253,0.01303538175046555,0.09583591075782318,0.012024104565832005,0.011481056257175661,0.0018201451895516131,0.8500931098696461,0.3556667657060358,0.37823989409613606,0.8564643057815121,0.8595941707449255,0.35335352813466087,738804,0.02237354085603113,0.08393836524978208,0.010618513164519955,0.00836907795014029,0.0018436984269313114,0.8715953307392996,0.36977610095432667
5,2,100,31,0.3742781116382101,0.8581204827746693,0.8611725928123666,0.34377231581844947,751989,0.01303538175046555,0.10997900235242802,0.011915067906578421,0.067833089488894,0.0018185575973506008,0.8524208566108007,0.3354547573482641,0.3747849937269251,0.8579320967104107,0.8599015350912075,0.35077347310480983,745598,0.022815533980582524,0.09911775514419298,0.010532485333919888,0.062298719926389,0.001841562710344779,0.8733009708737864,0.3472076793831945
5,2,500,31,0.37807142152606815,0.8566285468223859,0.8608637029283922,0.34659618927905717,744636,0.01303538175046555,0.09542111850622317,0.012046154094080866,0.0027162439834492076,0.0018242802564836223,0.851024208566108,0.3610706217723647,0.3786777621815301,0.8563100746061081,0.859265142768073,0.3543167441413051,738091,0.022871046228710463,0.0820928584686712,0.010596254391396182,0.0013038024821758647,0.0018482203040725653,0.8720194647201946,0.3770354600358606
5,3,100,31,0.6556169398300994,0.7371387088120867,0.7700313439368688,0.39235328053705354,362273,0.014432029795158287,0.021864726325174662,0.009564610114471683,0.40474687539452087,0.0017286953795866828,0.8147113594040968,0.4026666104265836,0.6562075139800989,0.7376624118020436,0.764536521140405,0.4058113292710449,354480,0.029633350075339026,0.015529790115098172,0.005543331076506432,0.4793823796548592,0.0017845730642509399,0.8468106479156203,0.41668127203839667
5,3,200,14,0.6700700199266911,0.7300805441278013,0.7662164847645059,0.3943692630400552,353737,0.014432029795158287,0.009656891984723113,0.010018742738249039,0.22365339578454332,0.0017452994701308362,0.8207635009310987,0.41619012848855613,0.6723203872783792,0.7290836307071774,0.7610820312605244,0.4052578321172302,346873,0.019683149303888623,0.004480025830779565,0.007348510838260689,0.34427284427284427,0.0017940155993887029,0.8223715794527124,0.4271347987852525
5,2,25,31,0.34013525174318143,0.8707266185861795,0.8678355383030273,0.323761967766977,819284,0.01303538175046555,0.19971096713715877,0.011740739474956182,0.3602615817137269,0.0017794312864623317,0.8472998137802608,0.28537227128598813,0.34036095007342515,0.8708875706924936,0.867044158734268,0.3274108054260801,813110,0.021286889211417512,0.1950621687102606,0.010542239057446102,0.35533740629354316,0.0017991989162247667,0.8659893565553943,0.2888193756228299
5,3,200,7,0.669004272170057,0.7304322859955137,0.7674160951393536,0.39138206210117127,355259,0.013966480446927373,0.01152117187741901,0.01089909052268908,0.26630833129733694,0.0017327469827169862,0.8254189944134078,0.41312322271411656,0.6718410960722417,0.7290550563678833,0.7633462445649799,0.4000005732843748,348867,0.017118402282453638,0.005741443014099929,0.00878558304454133,0.35596605092361455,0.001776594894784168,0.8292914883499762,0.42184949673746663
5,3,250,31,0.6726552097463172,0.7288699739221268,0.7651461285197696,0.395141670522709,352261,0.014432029795158287,0.007307081964793151,0.009805229645064313,0.14102564102564102,0.0017516600166143492,0.8119180633147114,0.41601649087451836,0.6736386026729455,0.7289747353967277,0.7583726683615455,0.40996184159324417,344354,0.031265758951084216,0.001951480162855666,0.0056772971999744445,0.35714285714285715,0.0018108930674185354,0.8477054967221381,0.43393738181085395
5,3,500,14,0.6745957079914844,0.7279752965908838,0.7648027796674197,0.39455321185055225,351106,0.014432029795158287,0.005850085159467511,0.009974195826901278,0.07692307692307693,0.001755918745451883,0.8216945996275605,0.4215822921541915,0.6769999508708098,0.7267900165700671,0.7594103991414226,0.4058907440710515,344201,0.020163226116178587,0.0008396256838300877,0.00736778800758859,0.1695501730103806,0.001805639419021075,0.8204512722035525,0.4336894595050402
5,3,25,31,0.5293894960497003,0.7945030040719632,0.8052851127077683,0.36831158885864895,459657,0.013966480446927373,0.13027757654076844,0.008895763580234826,0.6673513351034517,0.0016647836223496494,0.8296089385474861,0.34650265543161735,0.5290309666339875,0.7955100383005076,0.8027056801900764,0.37522299963524225,452355,0.026587887740029542,0.12578395286887512,0.006291518829238099,0.6731928504894638,0.0017034060850091362,0.8562284588872476,0.3511444283345818
5,3,500,31,0.6749290587703444,0.7278246671366763,0.7642429312065092,0.39575300586343,350648,0.014432029795158287,0.005515502726380872,0.009759074627546714,0.040847983453981385,0.001760364951365108,0.8109869646182495,0.4216901463549815,0.675936461901594,0.7278486996921858,0.7573805938157527,0.4114448253227336,342775,0.032844871147043965,0.00042593538035154253,0.005691780322368901,0.2534246575342466,0.0018202098203986225,0.8438605356240525,0.4407384189272518
5,3,500,7,0.6735192185434078,0.7282495617207109,0.7661506479219079,0.39162528748018477,352633,0.013966480446927373,0.007719073370898356,0.011008612353353204,0.17376928728875826,0.0017431072593221473,0.8272811918063314,0.41873371737588,0.6764378906351,0.7267775240937032,0.7616429929106061,0.4006914798361707,346214,0.01759391345696624,0.0019958753834333678,0.008861571166966096,0.28798842257597684,0.0017876767481038469,0.8278649548264384,0.42802608606768655
5,3,600,14,0.675068644590403,0.7277507210850852,0.7646582876514286,0.3945150265241026,350813,0.014432029795158287,0.005872074295992452,0.009985376824690077,0.062135922330097085,0.0017568734889192022,0.8202979515828678,0.42093156088194794,0.6775058867635527,0.726551053475279,0.7592578120565938,0.4057875775277762,343909,0.020163226116178587,0.000625165378050589,0.007362412731274843,0.09767441860465116,0.0018066181136635047,0.8204512722035525,0.4331757096402532
5,3,50,31,0.6132789764860788,0.7570542802194896,0.7815895781518508,0.3876973030554446,390516,0.014432029795158287,0.054635405463540544,0.009228815208595807,0.5654761904761905,0.0016967417240501702,0.8254189944134078,0.37997013083359277,0.6136430665108904,0.7576961905675789,0.777568542696013,0.3975159496817898,382923,0.029865604778496764,0.049367627434236123,0.005904581338807019,0.5880236986881083,0.0017458378827342623,0.8486809357889498,0.38721604515180386
5,3,600,7,0.6739507236457307,0.7280373766034609,0.7660500297938829,0.39158515441216113,352401,0.013966480446927373,0.007675914654044682,0.011047074213750813,0.17264325323475047,0.0017435578569572807,0.8286778398510242,0.41848413379472055,0.6769243680460864,0.7265408517654331,0.7615514313340661,0.400471721291337,345967,0.01759391345696624,0.0018469969679189055,0.008867897805282007,0.2942097026604069,0.0017882910902267954,0.828340466000951,0.427747520023057
5,3,700,14,0.6752523381266152,0.727641867625346,0.7646123332554133,0.3941037574430224,350664,0.014432029795158287,0.0056036547806447195,0.010029543950904569,0.0544529262086514,0.0017563482681318804,0.8202979515828678,0.42010052623452354,0.6776699861234885,0.726450184265167,0.759240501376053,0.4053653087583342,343764,0.0196926032660903,0.0005323419555276294,0.007414970735737308,0.09289617486338798,0.0018061028900292016,0.818924111431316,0.43164016242177133
5,5,100,31,0.8288375196344048,0.6162622171854739,0.6536959875839267,0.40797569312571214,171145,0.0148975791433892,0.030068070934003332,0.014005667708668089,0.420909444228527,0.001630700876998915,0.7527932960893855,0.4388661736990265,0.8258695880281699,0.6202935063851026,0.6376265392472519,0.4380550853977535,162475,0.036131774707757705,0.02432374211417141,0.0034713032774272966,0.46558704453441296,0.001757280807477754,0.8097768331562167,0.46001420281835287
5,3,700,7,0.6741552454316954,0.7279287171539667,0.7659886550836119,0.3913991499655046,352221,0.013966480446927373,0.0073874073380065354,0.011089628386723109,0.17025365103766332,0.0017432777210956553,0.8277467411545624,0.4177740663208266,0.6771406027375255,0.7264201928744515,0.7614906139258718,0.4001966511466497,345790,0.017126546146527116,0.001714913675930478,0.008912924029034963,0.2984822934232715,0.0017880312918782469,0.8277830637488106,0.42673224269943216
5,5,250,31,0.8887355438032825,0.5763353402270638,0.6252474361515462,0.4040105279616407,153496,0.0148975791433892,0.008299890550893835,0.016502058685568352,0.19387755102040816,0.0016926094199858472,0.7202048417132216,0.4503828605578499,0.8863944818090221,0.5801235070488715,0.6020203044161716,0.4444705524609877,144698,0.03735787763941527,0.0034831165600077403,0.003586780743341304,0.37103174603174605,0.0018445361783647805,0.7931781266919329,0.4827747390304037
5,5,500,31,0.8995722557007183,0.5688204861627443,0.6193744975830834,0.406617769075039,150655,0.0148975791433892,0.004420696292854535,0.017005741595035012,0.05405405405405406,0.0017122481158545143,0.7155493482309124,0.4598269328002764,0.897369241670106,0.5724530318954008,0.592887382652878,0.45278960877781854,141812,0.041961852861035424,0.0006346430485431417,0.0037867035229740783,0.2777777777777778,0.001870471203323543,0.7896457765667575,0.4986776433963683
5,2,50,31,0.3636871914237071,0.8620095226295807,0.8629708681364692,0.3394271817096395,771379,0.01303538175046555,0.138598535868879,0.011740013663840991,0.18495585154145466,0.0017983885033240753,0.851024208566108,0.3141795054507896,0.36399516906943635,0.8620578039492481,0.861883313876681,0.34508844768174524,764972,0.02230843840931135,0.1307747211662649,0.010346783934575382,0.17868031467727585,0.0018207261639300244,0.8709990300678953,0.3209809318901397
5,7,250,31,0.9735399893663956,0.5002098607957151,0.5504081732920549,0.4136006700869019,95510,0.0148975791433892,0.009391686734373364,0.02825882106585698,0.22408026755852842,0.0016267365631534077,0.6787709497206704,0.4681018742481213,0.9660372376411832,0.5095914519239455,0.5129264038074925,0.4805103010358972,86302,0.05071225071225071,0.005550276934485875,0.004553776274014507,0.34029227557411273,0.0018860035406832603,0.770940170940171,0.5125002070561039
5,7,100,31,0.8684729885165599,0.5790135585070201,0.6099741656637585,0.4232181362550265,120113,0.0148975791433892,0.03815573668129178,0.01991458043675539,0.45821514291948506,0.0015403305264834585,0.7164804469273743,0.45362701001383093,0.8598076148277943,0.5885312197311526,0.5903297323458547,0.4617634354414888,111124,0.041938997821350764,0.034268024909110545,0.003302616896440013,0.48266806722689076,0.0017201916459119431,0.7875816993464052,0.47687502872083415
5,7,500,31,0.9988639970480874,0.4801920277666329,0.535003135143452,0.41177503429355283,91125,0.0148975791433892,0.004005486968449931,0.030617283950617285,0.10410958904109589,0.0016643831595277486,0.664804469273743,0.4730122454403189,0.9918190118695478,0.48939678589294455,0.48930020715076256,0.4931700999437969,81846,0.05058139534883721,0.001270679080223835,0.0047283923466021555,0.28846153846153844,0.0019490443727883005,0.7691860465116279,0.5353115884941678
5,5,50,31,0.7207100700175246,0.6833394012678847,0.7024205760884836,0.40698402902453623,213888,0.0148975791433892,0.0725473144823459,0.011150695691202873,0.5740155957981569,0.00157637309839527,0.7807262569832403,0.4184656663581111,0.71692122826376,0.687529815360034,0.6940250093297059,0.4251246988977834,205495,0.037017994858611826,0.0679189274678216,0.003659456434463126,0.5920326717776027,0.0016678975434045488,0.8215938303341902,0.4292733042715953
5,7,50,31,0.7245191295845572,0.6765463192275123,0.6864989517978496,0.42008970253813505,174577,0.0148975791433892,0.08561838042812055,0.012859655051925512,0.5834615641934836,0.0015128562869988445,0.7583798882681564,0.42706635590378267,0.7172700972390335,0.6836813363066918,0.6779640890271841,0.4402565724094317,166035,0.043410852713178294,0.08227181016050833,0.003577558948414491,0.5953879941434846,0.0016222959171154456,0.7891472868217054,0.437766680957988
5,5,25,31,0.568827834535669,0.7676284870724596,0.767751077596611,0.3817292999445799,312161,0.014432029795158287,0.15361303942516844,0.00857249944740054,0.6795545545545546,0.0015691455304450814,0.8100558659217877,0.3764897293187385,0.5653680001793924,0.7708056764206951,0.764181849412957,0.39091237638400633,304370,0.033316757831924414,0.15079015671715346,0.004468245884942669,0.6841119051769218,0.0016255047251591123,0.836399801093983,0.3814923359102991
600,10,1000,14,1.0241115477361358,0.30276188507280105,0.8567884818033681,0.028286832299191076,235622,0.012569832402234637,0.23218120549014948,0.6569590275950463,0.8294185387610361,0.0009040603035021197,0.430633147113594,0.05635354672583823,1.2218202988921383,0.1563300228409422,0.831095165137056,0.017142735756871964,141226,0.0172244094488189,0.10321753784713864,0.8130797445229632,0.7566714687521437,0.0009467204345913084,0.24311023622047245,0.05671678384891044
600,10,1250,14,1.0259697768026308,0.30142693739282006,0.856501806416069,0.02812691339546908,235184,0.012569832402234637,0.23055990203415197,0.6585652085175863,0.8303518737090587,0.0009024866753852435,0.430633147113594,0.05625694782665044,1.226318062503888,0.15306520670558313,0.8308788486137639,0.01657756668299575,140853,0.015779092702169626,0.10000496972020476,0.8163475396335186,0.7557148942212125,0.0009456582708129936,0.23816568047337278,0.055464321726948713
5,7,25,31,0.5623556667404452,0.7702847151988784,0.7649336164671146,0.3881757142412387,289083,0.014432029795158287,0.16346170476991037,0.008931690898461688,0.6799424387353451,0.0015443804517080368,0.8072625698324022,0.3834867022982561,0.5573362999799567,0.7747043428650802,0.7617267858296957,0.39782487312352627,281179,0.03334992533598805,0.16076591779613697,0.004431340889611244,0.6844084594283691,0.0016054514099114636,0.8337481333997013,0.38877334121871593
600,10,1500,14,1.0272594047539103,0.30056498207047005,0.8565448781373698,0.028229565276613133,234931,0.012569832402234637,0.22953548063048299,0.6591892938777769,0.8295781177561428,0.0009019365396236002,0.42877094972067037,0.05732631075363205,1.2292242394746327,0.15092020753420618,0.8307460769665295,0.016237437856060768,140601,0.015779092702169626,0.09800072545714468,0.8184792426796396,0.7553523477756006,0.0009440987142950033,0.2357001972386588,0.05337550968935222
600,10,1750,14,1.0274669918382806,0.30036778426080196,0.8564729453789381,0.028219986460537576,234869,0.012569832402234637,0.22903405728299606,0.6595208392763625,0.8305355715427658,0.0009020739716279465,0.42877094972067037,0.057508253250405435,1.2300050985455522,0.1504573908920466,0.830652795782041,0.016250729610067908,140486,0.015779092702169626,0.09697051663510955,0.8188218043079025,0.7548263965352713,0.000943407085221983,0.23717948717948717,0.0539608832269788
600,10,2000,14,1.0279791005159817,0.2999640296658451,0.856614965146419,0.028001158551129588,234776,0.012569832402234637,0.22898422325961768,0.6598757965039016,0.8300409226190476,0.0009014210232258234,0.4292364990689013,0.05688079750477613,1.2312976619185494,0.1494665587859874,0.830763932037209,0.016039314839215127,140405,0.015779092702169626,0.09615042199351875,0.8198425981980698,0.7545185185185185,0.0009430427894391284,0.2357001972386588,0.05415513260242534
600,10,500,14,1.0105388587708266,0.312215152872288,0.8574604918809937,0.02880373706368775,238476,0.012569832402234637,0.24249819688354385,0.6476836243479428,0.8329759640325091,0.0009103167661387765,0.43249534450651766,0.05927763037218004,1.193512593309537,0.17684018550029598,0.8321538801833548,0.018226365068678554,144077,0.018128368446839783,0.12368386348966177,0.7919376444540073,0.7672839506172839,0.0009560403609191762,0.24203821656050956,0.059329249463705006
600,10,700,14,1.019254657449949,0.30617736934460077,0.857059897607143,0.02842292089249493,236640,0.012569832402234637,0.23561950642325896,0.6536173089925625,0.8309091235181233,0.0009066992507117671,0.43528864059590316,0.056959475341218674,1.211589931775336,0.16372645099140015,0.8308721198295775,0.01733457988598261,142259,0.018172888015717092,0.11050267469896456,0.8053269037459845,0.7587786259541984,0.0009506093257954614,0.23968565815324164,0.057603602232030815
600,20,1000,14,1.0241115477361358,0.30276188507280105,0.856788481803368,0.028286832299191076,235622,0.012569832402234637,0.23218120549014948,0.6569590275950463,0.8294185387610361,0.0009040603035021197,0.430633147113594,0.05635354672583823,1.2218202988921383,0.15633002284094222,0.8310951651370558,0.017142735756871964,141226,0.0172244094488189,0.10321753784713864,0.8130797445229632,0.7566714687521437,0.0009467204345913086,0.24311023622047245,0.05671678384891044
600,20,2000,14,1.027979100515982,0.2999640296658451,0.8566149651464191,0.028001158551129588,234776,0.012569832402234637,0.22898422325961768,0.6598757965039016,0.8300409226190476,0.0009014210232258234,0.4292364990689013,0.05688079750477613,1.2312976619185494,0.14946655878598739,0.8307639320372089,0.016039314839215127,140405,0.015779092702169626,0.09615042199351875,0.8198425981980698,0.7545185185185185,0.0009430427894391284,0.2357001972386588,0.05415513260242534
600,10,700,7,0.812888605970217,0.4498238629047377,0.8680423078134325,0.040372323314264935,285988,0.012569832402234637,0.382841238093906,0.5156649929367666,0.8760320765746018,0.0009532773947951186,0.5223463687150838,0.06082627245282417,0.8814011682000448,0.40269805247925367,0.857043655454009,0.03892883709397471,225848,0.012900143334925944,0.33235184726010414,0.5603060465445786,0.8611129614580142,0.0009684522454960574,0.482560917343526,0.06181051273450309
600,20,500,14,1.0105388587708266,0.312215152872288,0.8574604918809938,0.02880373706368775,238476,0.012569832402234637,0.24249819688354385,0.6476836243479428,0.8329759640325091,0.0009103167661387765,0.43249534450651766,0.05927763037218004,1.1935125933095372,0.17684018550029598,0.8321538801833548,0.018226365068678554,144077,0.018128368446839783,0.12368386348966177,0.7919376444540073,0.7672839506172839,0.000956040360919176,0.24203821656050956,0.059329249463705006
600,20,700,14,1.019254657449949,0.3061773693446007,0.857059897607143,0.02842292089249493,236640,0.012569832402234637,0.23561950642325896,0.6536173089925625,0.8309091235181233,0.0009066992507117673,0.43528864059590316,0.056959475341218674,1.2115899317753362,0.16372645099140012,0.8308721198295774,0.01733457988598261,142259,0.018172888015717092,0.11050267469896456,0.8053269037459845,0.7587786259541984,0.0009506093257954614,0.23968565815324164,0.057603602232030815
600,3,1000,14,1.015192936008564,0.31118424670989137,0.8564737709333199,0.03046997410911041,238694,0.012569832402234637,0.23626484117740706,0.6436106479425541,0.8227147796790496,0.0009336585810468833,0.4404096834264432,0.057091807091124123,1.2105136207972533,0.16929412800515464,0.8300343602467497,0.019763366989348045,144105,0.01671583087512291,0.10539537143055411,0.7856840498247806,0.7307742954964446,0.0009986151992710632,0.25467059980334317,0.0575476740451959
600,3,2000,14,1.018725222869524,0.308680822957068,0.856103017234319,0.03021729717459023,237877,0.012569832402234637,0.2334525826372453,0.645976702245278,0.8236183890659607,0.000931359308721671,0.441340782122905,0.05606560769941307,1.2187165982211814,0.16336474254815164,0.8300110427762052,0.01928526558246667,143270,0.01673228346456693,0.09910658197808334,0.7912542751448315,0.7302626945559546,0.0009940972061402633,0.25049212598425197,0.054729459181154225
75,10,700,14,1.0815159987735752,0.3231543632050136,0.7786974819434935,0.054645096299860176,133022,0.012569832402234637,0.11016974635774533,0.4686969072784953,0.5067212555441829,0.0006815480757351835,0.5107076350093109,0.10261655165314701,1.19499956726354,0.22649370563778323,0.7495655637679637,0.044281637449339314,83398,0.018172888015717092,0.050300966450034776,0.5809491834336555,0.38641239570917757,0.0007096219295192448,0.3781925343811395,0.10202931529473815
600,3,500,14,1.0020002480050203,0.32062016382039155,0.8569314313067169,0.030986288556966845,241623,0.012569832402234637,0.2457713048840549,0.6341035414674927,0.824851811935875,0.0009408684857870658,0.4408752327746741,0.05934406943406486,1.1830530770469334,0.1888118505393702,0.8319741702057284,0.020800032648841307,147019,0.017638412542871143,0.12567083166121384,0.7668396601799767,0.749404633037454,0.0010096882761882744,0.2631063204311612,0.05884229288039483
75,10,700,21,1.1590181612006534,0.2548331264374353,0.7671921728537849,0.04392002059555479,116530,0.012569832402234637,0.07605766755341972,0.5554621127606625,0.4474782804919328,0.0006687170507151044,0.4208566108007449,0.09717696273610044,1.2803032033140294,0.14160715089346818,0.7195379949350462,0.02885069642420787,61385,0.03000517330574237,0.029274252667589803,0.7033640140099373,0.3144129104062326,0.0007709947390284059,0.23435075012933265,0.0930188742425314
600,3,700,14,1.0099469887501522,0.31485998192301534,0.8565256376170548,0.0310100154758081,239729,0.012569832402234637,0.2399125679413004,0.6398391517088046,0.8239559063880099,0.0009363699776698983,0.4441340782122905,0.05817056764856971,1.2001927797682794,0.17656181948248056,0.8307636353629704,0.02062793245282239,145143,0.016208251473477406,0.11319870748158713,0.7784805329916014,0.7388922702373707,0.0010033191658536085,0.2593320235756385,0.05823559745492346
75,10,700,7,0.9162277301290338,0.45016310700110435,0.8053981259374654,0.06906437613833112,177892,0.012569832402234637,0.22276437388977582,0.3640411035909428,0.575426466135056,0.0007305662243010435,0.595903165735568,0.10938645165470964,0.9672217556316917,0.4153214710573649,0.7916724726011877,0.0691749881959958,141901,0.013377926421404682,0.17611574266566127,0.3855786780924729,0.5500380136849266,0.0007386299788487164,0.5628284758719542,0.11314273094463276
