Anzahl_Slots,Max_Domains,Max_Events,Mean_Cosine_Prev_Pseudonym,Avg_Utility_ThirdParty,Total_Resets,Total_Segments,kNN_Accuracy_k1,kNN_Accuracy_k3,kNN_Accuracy_k5,kNN_Accuracy_k10,kNN_Accuracy_k20,Utility_Score,Privacy_Score_k1,Privacy_Score_k3,Privacy_Score_k5,Privacy_Score_k10,Privacy_Score_k20,Privacy_Score_Avg,Pareto_Member,Chord_Distance,Plateau_Member
15,125,700,0.7526833022766335,322.44062625405377,520811,520811,0.0243677648897584,0.0495074028774353,0.0644379630998577,0.0923156384945786,0.1334150008352358,0.9964314608835491,0.6539141239908441,0.6568678654090472,0.6682948052206306,0.6913708027623022,0.7161300848413736,0.6773155364448395,True,0.025116456399668457,True
15,140,700,0.75361880447784,322.6611810819379,520455,520455,0.0244881882199229,0.049625808187067,0.0645070178978009,0.0927572989019223,0.1339020664610773,0.9968332772938243,0.650380156975642,0.6539026667675052,0.665840287435906,0.6872778810753777,0.7124253655686266,0.6739652715646114,True,0.018221581573626987,True
15,200,300,0.7563881044111782,323.52585615646626,519064,519064,0.0246559191159471,0.0498088867654085,0.0648744663471171,0.0932621025538276,0.1351875683923369,0.9984081709096121,0.6422519974192462,0.6464256505579998,0.6576084255188863,0.6788828166395229,0.701991115589891,0.6654320011451093,True,0.0007040591772411876,True
15,200,450,0.7573119766816445,323.78472724328014,518649,518649,0.0243478730316649,0.0496540049243322,0.0646352350047912,0.0930359453117619,0.1346575429625816,0.998879544755616,0.644039892874364,0.6456088824583524,0.6570058809250277,0.6779113324317828,0.7017768598547214,0.6652685697088496,True,0.0004037821058809061,True
15,200,700,0.7573608734662869,324.2072945887141,517973,517973,0.0244008857604546,0.0497361831601261,0.0646307819133429,0.0928967339996486,0.13457072086769,0.999648865821097,0.6432776793567165,0.6448635815673682,0.6569253569853919,0.6784498097911333,0.7019657384417135,0.6650964332284647,True,0.00010929259044372712,True
15,60,300,0.741955221432459,150.9598676398012,1112419,1112419,0.0187797943041246,0.0426673762314379,0.0643930029961732,0.1064958437423309,0.1830596205206851,0.6565056664743316,0.746444495187981,0.73345974772979,0.6920170310732137,0.6490870626444885,0.5704561468532334,0.6782928966977414,True,0.0,True
15,60,450,0.7425073605173259,151.13009667322433,1111166,1111166,0.0187280748331032,0.0425903960344359,0.0643702201111265,0.1064737401972342,0.1829600617729484,0.6569012929804843,0.745876619307851,0.7328505651323113,0.690944820707639,0.6479823396417392,0.5695881293055379,0.6774484948190158,True,0.0,True
15,200,800,0.757478307521983,324.4001912433717,517665,517665,0.0243864275158645,0.0497194131339766,0.0646074198564708,0.0928341688157399,0.1345078380806119,1.0,0.6431996444404715,0.6447371003016724,0.6568070159206176,0.67848310518412,0.7019232106690227,0.665030015303181,True,0.0,True
15,125,800,0.7530295041026764,322.3632557550256,520936,520936,0.0243734355083925,0.0495070411720441,0.0644052244421579,0.0925296005651366,0.1335634319762888,0.9962904938447544,0.6530870931701256,0.6561137406223699,0.6677318418175524,0.689621937635662,0.714867473501061,0.6762844173493542,False,-1.0,True
35,140,800,0.8243492498675087,290.98446228808274,577112,577112,0.0224774393878484,0.0451940004713123,0.0598046826265958,0.087405910811073,0.126857525055795,0.9386401755275329,0.5205907686022856,0.5336858670695305,0.5390560253101997,0.5574421355996554,0.5817799406231525,0.5465109474409647,False,-1.0,False
15,45,800,0.7416843156414104,103.32310237642866,1625296,1625296,0.0255055079197881,0.0537612840984042,0.0798396107539795,0.119089691969955,0.2032312883314793,0.5316144691575863,0.6638983042244521,0.6478701823269829,0.6010906847923824,0.5912941539199416,0.5023274166116631,0.6012961483750845,False,-1.0,False
15,45,700,0.7416258331461291,103.3154743154983,1625416,1625416,0.0254962421927678,0.0537480866436653,0.0798177205097033,0.1190784389965399,0.2032212061404588,0.5315911603154829,0.6641407065223772,0.6481005713420194,0.601348246907232,0.5914741887824169,0.5024896306762121,0.6015106688460514,False,-1.0,False
15,30,800,0.7300236353021903,82.12421087842209,2044837,2044837,0.0401880443282276,0.0770662893912815,0.1121262966192415,0.1602465135362867,0.246958559533107,0.45931674901379294,0.5078980864010163,0.49232254231832,0.4352921677272803,0.4259855620998842,0.3788517929015077,0.44807003028960174,False,-1.0,False
15,30,700,0.7300136013052492,82.11786581385284,2044995,2044995,0.040176137349969,0.0770544671258365,0.1121078535644341,0.1602175066442705,0.246933122085873,0.4592922754595293,0.5080672103175621,0.49243632066317344,0.43542337814705534,0.42614197666593767,0.3789603917504132,0.4482058555088283,False,-1.0,False
15,20,800,0.7167546344849218,60.67004692671391,2767933,2767933,0.0546664243679308,0.0982343141976341,0.1309778813287749,0.1823859175782072,0.2640186738624092,0.36005976397389716,0.35793793189967393,0.3568922408317382,0.35261088030587595,0.35235835042136443,0.3497425307660021,0.3539083868449309,False,-1.0,False
15,20,700,0.7167561161788112,60.6708579368589,2767896,2767896,0.054665709983323,0.0982414079141701,0.1309897481697289,0.1824002780451288,0.2640352094153826,0.3600643608372316,0.357943523044033,0.3568338944591405,0.352537331620409,0.35228853557049833,0.34968295770903174,0.3538572484806225,False,-1.0,False
35,200,800,0.8289184703446876,292.08526325493057,574937,574937,0.0224928992220017,0.0453893209169004,0.0601300664246691,0.0877383087190422,0.1274887509414075,0.9406804634768742,0.5104095348482648,0.522178410183318,0.5271380486514778,0.5459110050537966,0.5696393437626108,0.5350552684998936,False,-1.0,False
35,200,700,0.8288857895063702,292.0786590138273,574950,574950,0.0225063048960779,0.0454109052961127,0.0601565353509,0.0877728498130272,0.127511957561527,0.940668227068225,0.5103152767082038,0.522082187460398,0.5270526778315422,0.545822325458249,0.5696317365082171,0.5349808407933221,False,-1.0,False
35,200,450,0.8284916316638151,291.8375548507625,575425,575425,0.0225068427683885,0.0454220793326671,0.0601642264413259,0.0878307338054481,0.127632619368293,0.9402214714856991,0.511170413463836,0.5228571686673844,0.5278688949155064,0.5464157601958619,0.570082450220167,0.5356789374925512,False,-1.0,False
35,200,300,0.8271235335019727,291.4091200147153,576271,576271,0.0227011249915404,0.0457545148029312,0.0605045195749916,0.0881165285082886,0.1282278650148975,0.9394274307790043,0.5117600403102857,0.5232658839943106,0.5288439189196283,0.548082018678154,0.5710457672605923,0.5365995258325942,False,-1.0,False
35,140,700,0.824319754191406,290.979420295882,577122,577122,0.0224839808567339,0.0452105447375078,0.0598348356153464,0.0874598438458419,0.1268899816676543,0.9386308270996997,0.5205743968660526,0.533621833912686,0.538941862986062,0.5572565907279414,0.5817338563758718,0.5464257081737227,False,-1.0,False
15,50,450,0.7409294874760428,114.25663047272118,1469767,1469767,0.0247665106101851,0.0510924520689333,0.076284200148731,0.1140214741520254,0.1940919887301865,0.5635842275423615,0.674683618599632,0.6702530813269326,0.6238062719582609,0.6164408205303734,0.5351136271833052,0.6240594839197009,False,-1.0,False
35,140,450,0.823693967068841,290.8221978615738,577434,577434,0.0224545142821517,0.0452051663047205,0.0598458005590249,0.087429905409103,0.1269668914542614,0.9383393035926693,0.522306860879272,0.5350318348403168,0.5402451165974973,0.5587636047740585,0.5828400584825836,0.5478374951147457,False,-1.0,False
35,140,300,0.8228599100143308,290.20102130748097,578670,578670,0.0226381184440181,0.0455440924879465,0.0601603677398171,0.0877754160402301,0.1275511085765635,0.9371872224546357,0.5218608564298598,0.5342225018251336,0.5402049368021742,0.5589853936566623,0.5826733216975006,0.5475894020822661,False,-1.0,False
35,125,800,0.8238116009778499,290.687786588564,577701,577701,0.0224475983250851,0.0452621684920053,0.0599289251706332,0.0873739183418411,0.1267333793779134,0.9380900533952857,0.522135156598599,0.5343318248246823,0.5394954222776261,0.5587659669885534,0.5833783953054077,0.5476213531989738,False,-1.0,False
35,125,700,0.8238250669234445,290.6731950911325,577730,577730,0.0224585879216935,0.0452789365274436,0.0599553424610111,0.0874283835009433,0.1267824070067332,0.9380629938482924,0.5219698691004878,0.5341721221759469,0.5393094621987147,0.5584840240189561,0.5831819255895405,0.5474234806167292,False,-1.0,False
35,125,450,0.8234852925889484,290.47911664787,578116,578116,0.0224591604453085,0.0453040566253139,0.0599914204069771,0.0873873063537421,0.1268378664489479,0.9377030562787887,0.5227056735787015,0.534719860908966,0.5398385878099612,0.5594173397256993,0.5837358674208403,0.5480834658888336,False,-1.0,False
35,125,300,0.8223552899677822,289.9645078409095,579142,579142,0.0226593823276502,0.0455691350307869,0.060270192802456,0.0876693453419023,0.1274039872777315,0.9367484449857801,0.5227013071814092,0.535131261217918,0.5406575408504497,0.5605804383496835,0.5842778357872316,0.5486696766773383,False,-1.0,False
35,105,800,0.8159116640183938,240.3799357290601,698605,698605,0.0190980597046972,0.0390506795685687,0.0528295674952226,0.0838299181941154,0.1466594141181354,0.8429671658555524,0.5808121749205974,0.5998575315171935,0.5988303678495253,0.5924683889440163,0.5327665816244498,0.5809470089711564,False,-1.0,False
35,105,700,0.8159156422629789,240.37202202030264,698628,698628,0.0190988623416181,0.0390436684472995,0.0528292596345981,0.0838285897501961,0.1466617427300366,0.8429518545454412,0.5807935552703013,0.5999032986635509,0.5988234938516596,0.5924658496020707,0.5327499504640423,0.580947229570325,False,-1.0,False
35,105,450,0.8154074830228139,240.31698455039296,698788,698788,0.0191789212178801,0.0391606610302409,0.0530532865475652,0.0840355014682564,0.1469658895115543,0.8428453653156683,0.5809149621313254,0.6001054917858871,0.5986072084808498,0.5926176425161704,0.5328248180665551,0.5810140245961576,False,-1.0,False
35,105,300,0.8147589596333045,239.94545415577176,699870,699870,0.0193493077285781,0.0394759026676382,0.053314186920428,0.0843070856016117,0.1473902296140712,0.8421263420425535,0.5802266946440799,0.5990744994480899,0.5984793455856452,0.5927765051793548,0.5327971016361793,0.5806708292986699,False,-1.0,False
15,50,300,0.7404022470096072,114.18243896535172,1470722,1470722,0.0248327012174972,0.051187783959171,0.0764284480683637,0.1141935729526042,0.1942834879739338,0.5633760630261462,0.6750181742965152,0.6706652624318996,0.6241043833632791,0.6167957256429506,0.5356139826713995,0.6244395056812089,False,-1.0,False
15,50,700,0.7408498332206096,114.28765632571282,1469368,1469368,0.0247589439813579,0.0510648115380217,0.0763035536366655,0.1140469916317763,0.1941249571244235,0.5636712469040108,0.6749513077258427,0.6706419597560624,0.6238657615014398,0.6164966770493088,0.5351754659615459,0.62422623439884,False,-1.0,False
15,140,300,0.7528057596223355,321.7622708173264,521909,521909,0.0247035402723463,0.0498630987394354,0.0648906226947609,0.0932250641395339,0.134607757291022,0.9951953359990685,0.6494957666238037,0.6538369386025871,0.665345129914918,0.6868869552721009,0.7117988499418164,0.6734727280710452,False,-1.0,True
15,75,800,0.7434844614414859,229.1451470068513,732857,732857,0.0235871391008068,0.049528079830035,0.067174087168438,0.1063222429478056,0.1837780085337248,0.821090467933292,0.6836759846307456,0.6768195572804865,0.672196031062599,0.6465483519296856,0.564665209576205,0.6487810268959443,False,-1.0,False
15,125,450,0.7523976637530242,322.09553118808367,521369,521369,0.0244203241849822,0.0496769082933584,0.0645799807813659,0.0924105575897301,0.1334870312580916,0.9958026661381321,0.6538889425143544,0.6561755993906635,0.6680778926465067,0.6915552760430106,0.7165092101133356,0.6772413841415742,False,-1.0,True
15,125,300,0.7514956254405023,321.3331362441304,522606,522606,0.0247854023872668,0.0499075785582255,0.0648251263858432,0.0929419103492879,0.1341163323804166,0.9944131415490638,0.6513483187895875,0.6563558752763192,0.6685976584915625,0.6910641328349951,0.7163375147332534,0.6767407000251435,False,-1.0,True
15,105,800,0.7609094033416766,262.7857802328493,639040,639040,0.0207780420630946,0.0425826239359038,0.0566365172759138,0.0890022533800701,0.1556897846770155,0.8858321871358701,0.6803022067557802,0.6926767693917124,0.6965315873145693,0.688746168673602,0.6222586071766412,0.6761030678624611,False,-1.0,True
15,105,700,0.7608431894577942,262.7606982307961,639101,639101,0.0208495996720393,0.042666182653446,0.0567406403682673,0.0890892049926381,0.1558001004536059,0.8857846986846649,0.6795624322188412,0.6921724219995917,0.6960594446662347,0.688487829900572,0.622027552136944,0.6756619361844367,False,-1.0,True
15,105,450,0.760331124606942,262.5770466016624,639548,639548,0.0210117145233821,0.0427661410871427,0.0570058854065683,0.089424093265869,0.1560445814856742,0.8854369549224239,0.6786780605654199,0.6925154823599635,0.6956074877817887,0.6880548613389672,0.6223142288219318,0.6754340241736142,False,-1.0,True
15,105,300,0.7599338075605541,261.8245876897843,641386,641386,0.0211557470852185,0.0426810064454166,0.0570155881169841,0.0891428874343998,0.1558297187652988,0.8840116041317876,0.677766325078903,0.6940455348227301,0.6964186936165042,0.6902272274350931,0.6239149180931558,0.6764745398092773,False,-1.0,True
15,90,800,0.7511297468365091,241.1673660537336,696324,696324,0.0233354013361596,0.0482103158874317,0.066075562525491,0.101395327462503,0.1775437870876201,0.8444900131260507,0.6700721586491191,0.6703408402665622,0.6619889824134044,0.6526739557385216,0.5691883874273896,0.6448528648989994,False,-1.0,False
15,90,700,0.751055841197458,241.20096606422905,696227,696227,0.0233903597533563,0.0483032114525865,0.066169510806102,0.1014582887477791,0.1776331570019548,0.8445549647566528,0.6695543887713522,0.6697807777727736,0.6615939411107626,0.6525436536127778,0.5690455081898221,0.6445036538914977,False,-1.0,False
15,90,450,0.7508364783096569,241.05451087346583,696650,696650,0.0233862054116127,0.048292542883801,0.0662700064594846,0.1015861623483815,0.1776932462499102,0.844271837323333,0.6700853561705062,0.6703432698180354,0.6614781349851125,0.6524304445945927,0.5693204099189813,0.6447315230974456,False,-1.0,False
15,90,300,0.7505058977307295,240.43913303065577,698433,698433,0.0234925898403998,0.048312436554401,0.0663671390097546,0.1015287078359699,0.1776319274719264,0.8430816955983337,0.6694930877696917,0.6709115083091971,0.6616254207355579,0.6534195847430463,0.5702520917483076,0.6451403386611602,False,-1.0,False
15,75,700,0.7435517666330682,229.1298270173801,732906,732906,0.0236087574668511,0.0495493282903946,0.0671968847301018,0.1063315077240464,0.1837902814276319,0.8210604359893235,0.6832615978583392,0.6765073349456998,0.671913803321575,0.6463582444534488,0.5644762422860174,0.648503444573016,False,-1.0,False
15,50,800,0.7408451545099384,114.2859451881393,1469390,1469390,0.0247619760580921,0.0510620053219363,0.0763037723136811,0.1140622979603781,0.1941329395191201,0.5636664481062581,0.6749240568643635,0.670673989074064,0.6238746953947681,0.6164359462639522,0.5351585009794553,0.6242134377153207,False,-1.0,False
15,75,450,0.742991995399057,229.06356821139295,733118,733118,0.0236510357132139,0.0496809517703834,0.0672742996352565,0.1063675970307644,0.1839444673299523,0.8209305415263367,0.6839628663659342,0.6767087137733138,0.6726790147081885,0.6474148162228391,0.5651748424104468,0.6491880506961445,False,-1.0,False
15,75,300,0.7422483472755755,228.68363392234616,734336,734336,0.0236635545581314,0.0496843406832839,0.0674132822032421,0.1065234443088722,0.1840574341990587,0.8201855070373537,0.685434027366518,0.6783082974318542,0.6734814755374599,0.6483182166359769,0.5664158958379222,0.6503915825619463,False,-1.0,False
15,60,800,0.7427665100840208,151.12479245503755,1111205,1111205,0.0187085191301335,0.0425250066369391,0.0642590701085758,0.1063854104328184,0.1827430582115811,0.6568889692577959,0.7455517491767307,0.7327919320342086,0.6910367626516654,0.6478252335303394,0.5697608153367832,0.6773932985459454,False,-1.0,True
15,60,700,0.7428072626602441,151.11785673148222,1111256,1111256,0.0187004614598256,0.0425212552283182,0.0642696192416509,0.1063931263363257,0.1827697668224063,0.6568728545646353,0.7455622510655029,0.732731973149947,0.6908851594303589,0.6477003612051946,0.5695807228634682,0.6772920935428942,False,-1.0,True
15,140,450,0.753640036456564,322.3719194044406,520922,520922,0.0243875282671877,0.0496542668576101,0.0645739669278702,0.0929659334794844,0.1341371644891173,0.9963062790495922,0.6515780223386405,0.6536351669999956,0.665397203719508,0.6862642273852542,0.7115780097400275,0.6736905260366852,False,-1.0,True
15,140,800,0.7540394552870272,322.6463027326751,520479,520479,0.0244486328939304,0.0496062281091071,0.0644790663984521,0.0929317032963866,0.1340457540073663,0.9968061726058375,0.6499494021478185,0.65313506287705,0.6650861858549915,0.6855496307237037,0.7110161397154955,0.6729472842638118,False,-1.0,True
15,55,800,0.7383626512330077,146.00390460963033,1150179,1150179,0.0199986263007757,0.0464823301416562,0.0689579621954495,0.1111739998730632,0.1882107045946761,0.644875655609482,0.739232943981779,0.7116784587706817,0.6728251707282656,0.6352538652668276,0.5607621675166827,0.6639505212528474,False,-1.0,False
35,90,800,0.7990714285287288,222.111947020288,756063,756063,0.0211344821793951,0.0440293996664299,0.0613242547248046,0.0948770142170692,0.1671778674528445,0.8072410891022935,0.5924588070075889,0.5980003021431303,0.5853201607468015,0.5780733740167738,0.49968355289920896,0.5707072393627006,False,-1.0,False
15,55,450,0.7381489626166583,145.9646906356259,1150488,1150488,0.0200158541418945,0.0464924449451015,0.0689733400087615,0.1111623936972832,0.188294880085668,0.6447827397279554,0.7394871938004971,0.7120670911331555,0.6732012678346471,0.6357748797873682,0.5609426057838202,0.6642946076678976,False,-1.0,False
15,55,300,0.7378162874458492,145.87137255651376,1151224,1151224,0.0201298791547083,0.0466442673189579,0.0691637769886659,0.1114031674113812,0.1885801546875326,0.6445615680282636,0.7388050575318882,0.7116150347812016,0.6728003195323999,0.6353860102674723,0.5606980894602879,0.66386090231465,False,-1.0,False
15,55,700,0.7382934019848931,146.00479319614806,1150172,1150172,0.0199970091429803,0.0464930462574293,0.0689705539693193,0.1111938040571323,0.1882709716459799,0.6448777609102192,0.7394043404918369,0.7117466180894236,0.6729019728567002,0.6353134592087297,0.5607082554819067,0.6640149292257195,False,-1.0,False
5,5,50,0.7637874721551591,27.04839749351053,6208524,6208524,0.0492144348640675,0.0850234290791176,0.108839878850432,0.1504312458162358,0.2170171203332708,0.0028473857642259395,0.32249909856419084,0.35668717375203196,0.38094250782357203,0.39766809530940955,0.40703543088038213,0.37296646126591726,False,-1.0,False
35,90,450,0.7988314218701184,222.0626038869076,756231,756231,0.0212778899569047,0.0442311939076816,0.06157906777162,0.0951362744981361,0.1675149524417803,0.8071434715725483,0.5912108516908684,0.5969574343570838,0.5843351844915708,0.5773961904094245,0.4990599182719853,0.5697919158441865,False,-1.0,False
5,5,700,0.7638922910544615,27.05343908294773,6207367,6207367,0.0491738284525467,0.0849753204539058,0.1087324142426249,0.1510896649094535,0.2173866955184057,0.0029569794366166788,0.32277187047158373,0.3568317248848703,0.38135004251825205,0.3943864815505364,0.40554718274175516,0.37217746043339955,False,-1.0,False
57,135,700,0.8639311808754846,282.1675810096699,595145,595145,0.0216300229355871,0.0442211561888279,0.0586512530559779,0.0862310865419351,0.1251963807139436,0.9222449451204489,0.4445241114737177,0.4547014890977335,0.45934809114160396,0.4763468156810864,0.5008973257204639,0.4671635666229211,False,-1.0,False
57,130,700,0.863935640265579,282.07800159238343,595334,595334,0.0216113979715588,0.0442020781611666,0.0586275939220672,0.0862104297755545,0.125163353680455,0.9220778641666572,0.44474459006378253,0.45483994478015055,0.45947851768792436,0.4764328306756173,0.5010000925481362,0.46729919515112217,False,-1.0,False
57,125,700,0.8639481818851801,281.9349821031637,595636,595636,0.0216138715591401,0.0442115654527261,0.0586465559502783,0.0862254799911355,0.1252090202741271,0.9218110865694612,0.4446865923692383,0.4547388227790006,0.45933874977579603,0.47633563675336743,0.5008170941837723,0.46718337917223496,False,-1.0,False
55,140,700,0.8618398511767322,282.4442614899708,594562,594562,0.0216260036800199,0.0444242988956576,0.0587037180310884,0.0856294213219142,0.1246615155358061,0.9227609354385138,0.4491462717808797,0.45769587316413113,0.46360972176765863,0.4837086192591791,0.5072919868339476,0.47229049456115924,False,-1.0,False
55,135,700,0.8618266726678511,282.38631777549085,594684,594684,0.0216266117803741,0.0444185483382771,0.0586714961223103,0.0855714967949364,0.1245838125794539,0.9226528826091862,0.44916756832904225,0.457769359226097,0.4638294448214449,0.48400597144480895,0.5075855194891363,0.47247157266210593,False,-1.0,False
55,130,700,0.8618418798426044,282.3511831702978,594758,594758,0.0215919752235362,0.044381076000659,0.0586272063595613,0.0855759821641743,0.1245901694470692,0.922587361835627,0.44956247194139176,0.4580272102733923,0.46405860558367135,0.483951928302298,0.5075306139272279,0.47262616600559626,False,-1.0,False
55,125,700,0.8616689392610265,282.2951758013435,594876,594876,0.0215960973379326,0.0444058929928253,0.0586660077058076,0.0856682737242719,0.1244561891890074,0.9224829131569703,0.4498896340691739,0.4582125388233696,0.46420683066023777,0.4839021804138211,0.5083651759791563,0.4729152719891518,False,-1.0,False
55,200,800,0.8654919076634429,284.2071659947806,590874,590874,0.0216915958393836,0.0446034179875912,0.0587807214397655,0.0857678625222974,0.1248286436702241,0.9260463028405025,0.4403506224606035,0.44831955947392754,0.45516864342353386,0.47508195876365594,0.498737767452918,0.46353171031492774,False,-1.0,False
55,150,800,0.8654949487724607,284.1735003655169,590944,590944,0.0216636432555369,0.044574443602101,0.0587449910651432,0.0857492418909406,0.1248087805274273,0.9259836006754293,0.4406895033927962,0.4485379949116558,0.45537369104525427,0.4751616351398214,0.49879878833286967,0.4637123225644794,False,-1.0,False
55,120,800,0.8524454019809728,235.93913767959157,711754,711754,0.0182970520713617,0.0379499096597981,0.0512129190703529,0.0803915397735734,0.1423160249187219,0.8343539914593956,0.5108364052461507,0.5285314908477869,0.5285314908477869,0.5285314908477869,0.46768642543096334,0.512823460644095,False,-1.0,False
60,105,800,0.8526411545899725,233.56494327451463,718989,718989,0.0183452041686312,0.0380742959906201,0.051456976393241,0.0819664834927933,0.1433665883622698,0.8297311825247145,0.5098131902620073,0.5271372156029408,0.5266574977328894,0.5208020418312791,0.4636793625463295,0.5096178615950893,False,-1.0,False
55,105,800,0.847362751023689,234.4833231635373,716173,716173,0.0184983237290431,0.0383971470580432,0.0517347065583315,0.0820863115476288,0.1438381508378562,0.8315208844073317,0.5194611210052964,0.5361698666421086,0.5365526774845568,0.5317872037580677,0.47361352491240555,0.519516878760487,False,-1.0,False
55,100,800,0.8341315019254137,220.6193886318312,761178,761178,0.019272758802803,0.0417208589843637,0.0584882905181179,0.0910522900031267,0.1622025334415865,0.8042853946825164,0.5388168684656918,0.5392787193889907,0.5254675485275926,0.5191495950764602,0.4399783284420312,0.5125382119801534,False,-1.0,False
55,95,800,0.8285312073763431,216.8480829425012,774416,774416,0.0205031920828082,0.0433578335158364,0.0602195719096712,0.0933942480527261,0.1646918452098097,0.7967897064952685,0.5358515930599006,0.5388065200492277,0.5274544537407115,0.5205367198575326,0.44374218401615173,0.5132782941447049,False,-1.0,False
50,63,450,0.795539006434711,195.9649836278301,856942,856942,0.0228580230634045,0.0516522705153907,0.0701786118547112,0.1099047543474354,0.182286549148017,0.754477320374558,0.5788768950778975,0.546506097615028,0.5405828034339524,0.5161278858368505,0.4559344236311505,0.5276056211189758,False,-1.0,False
45,62,450,0.7794136727369438,166.52168502302024,1008461,1008461,0.0196785002097255,0.0451985748581254,0.0690646440467206,0.1098098984492211,0.1798562363839553,0.6917473074540258,0.6534362824635693,0.6318973455212951,0.5824392649377206,0.551824021127524,0.49947041957102006,0.5838134667242258,False,-1.0,False
45,61,450,0.7786447857882662,166.36727174738976,1009397,1009397,0.0196533177728881,0.0451685511250776,0.0690778752066828,0.1101390235952751,0.1801144643782377,0.6914059689269219,0.6554286620466576,0.6338116739490243,0.5840419646243147,0.5519792855674972,0.5002717780506216,0.5851066728476232,False,-1.0,False
45,59,450,0.7720845422567687,141.49903058400045,1186797,1186797,0.017125085418989,0.0399166833080973,0.0604248241274624,0.1006920307348265,0.1743339425360866,0.634103631880639,0.7010241733862478,0.6889535617877707,0.6496531906645799,0.6101189436870669,0.5343082143921731,0.6368116167835678,False,-1.0,False
45,58,450,0.76946638530353,140.2249745319728,1197580,1197580,0.0170376926802384,0.0399580821323001,0.0605003423570867,0.1010696571419028,0.17480919855041,0.6310198163647248,0.7078287910884816,0.6943562900012059,0.6549300880490861,0.6140925942738008,0.5384134381781005,0.641924240318135,False,-1.0,False
45,75,450,0.8031023242887819,209.6716346910186,800922,800922,0.0211930749810843,0.0453190198296463,0.0617588229565425,0.0994179208462247,0.1726647538711634,0.7824111452570075,0.5829213857029586,0.5791688829426209,0.5739322755524039,0.5482085431859458,0.47217763518275563,0.551281744513337,False,-1.0,False
45,72,450,0.8029378010442708,209.5256587812547,801480,801480,0.021241952388082,0.0453748066077756,0.0618692918101512,0.0995009232919099,0.1727042471427858,0.7821170246073319,0.582676911024597,0.5790952222802563,0.5736374785923377,0.5481834560910883,0.47240280225294656,0.5511991740482453,False,-1.0,False
45,69,450,0.8001068561866329,207.72952462240696,808410,808410,0.0228398955975309,0.0467411338306057,0.0637275639836221,0.101109585482614,0.1741789438527479,0.7784924602105581,0.56911384064015,0.5746706204500351,0.5688170859050855,0.5469152503444821,0.4735683604194047,0.5466170315518315,False,-1.0,False
45,66,450,0.7957196629581408,201.4290880608759,833696,833696,0.0233118546808428,0.0498611004490845,0.0676781464706559,0.1077155222047365,0.1818648524162284,0.7656929017449234,0.5728719638066007,0.5600256296705073,0.5550026697228096,0.525882202793098,0.4569760773442837,0.53415170866746,False,-1.0,False
45,63,450,0.7896180654183002,196.6163624293557,854103,854103,0.0228859985271097,0.0519668002571118,0.0704165656835299,0.1100944499668072,0.1827238635152903,0.7558202642084393,0.5914766103292546,0.5570082340073861,0.5521184935451381,0.5281939829773711,0.4673901047893879,0.5392374851297075,False,-1.0,False
50,55,450,0.7691654831967796,137.28009760723307,1223270,1223270,0.0181219191184284,0.0430060411846934,0.064227848308223,0.1046964284254498,0.1787446761548963,0.6238248829005245,0.6950842448009154,0.6713364276040821,0.6335031093511836,0.5979367349311387,0.525663905544972,0.6247048844464584,False,-1.0,False
57,140,700,0.8639310728909114,282.2021957006883,595072,595072,0.0216293154441815,0.04422490051624,0.0586550871155087,0.086226540653904,0.1251915734566573,0.9223095046379539,0.4445330930775331,0.45467263777560474,0.4593256110558418,0.4763681265642321,0.5009139392293975,0.4671626815405219,False,-1.0,False
5,5,800,0.763891953358595,27.053447799509133,6207365,6207365,0.0491740053952039,0.0849755089317286,0.108732449275981,0.1510897135902271,0.2173867655599437,0.002957168883902024,0.3227704215692812,0.356830999051698,0.3813505732885331,0.3943869942031969,0.40554768246080164,0.37217733411470216,False,-1.0,False
35,90,300,0.7981455184933328,221.7400647801292,757331,757331,0.0213856292691042,0.0444165100860786,0.0618038876000058,0.0953585684462936,0.1678341438551967,0.8065052183613289,0.5913787119063914,0.5970174819712422,0.5845028204843037,0.5778652903979382,0.4994721509326191,0.570047291138499,False,-1.0,False
5,10,700,0.7803350393664166,29.514613572313,5689745,5689745,0.0479390552652183,0.083362259644325,0.1061284820321473,0.1474122302493345,0.2141002804167849,0.0523329700645518,0.30208488361120145,0.3334122438349862,0.3608275432163451,0.3754847316336712,0.3807929975853651,0.35052047997631375,False,-1.0,False
35,75,800,0.7879740152073625,212.71554262971824,789461,789461,0.0215868801625412,0.0458540700553922,0.0625046709083792,0.1002202768724484,0.1741567981192231,0.7885289360761618,0.6111299361509333,0.6080888913630134,0.6025897376337573,0.577565302610014,0.5001710146713626,0.5799089764858161,False,-1.0,False
35,75,700,0.7880013639986895,212.67755780760436,789602,789602,0.0215792259898024,0.0458319507802665,0.0624757789367301,0.1002188444304852,0.1741598932120232,0.7884527690447694,0.6111647562851132,0.6082009273412856,0.602701122578001,0.5775121481092416,0.500100674961349,0.5799359258549981,False,-1.0,False
35,75,450,0.7879429864444848,212.5558822561496,790054,790054,0.021675733557453,0.0459398977791391,0.0626197702941824,0.1004095922557192,0.1743539049229546,0.7882087560069226,0.6100994347369846,0.6074899887860327,0.6019756335757183,0.5767554756454295,0.4995673504545884,0.5791775766397507,False,-1.0,False
35,75,300,0.7873563118261653,212.2203820786728,791303,791303,0.0218070701109435,0.0460683202262597,0.0627989531190959,0.1005367097053846,0.1745841984675908,0.7875356958224228,0.609758649135631,0.6077750559861745,0.6021967079698669,0.5774488614419162,0.5000654877892656,0.5794489524645708,False,-1.0,False
35,60,800,0.763796192012562,143.5773261013425,1169618,1169618,0.017194502820579,0.0397659748738477,0.0607155498632887,0.1013484744591824,0.1752478159535848,0.639098191277003,0.7182877094072819,0.7082459493086695,0.6660523123528712,0.625197288168829,0.5493164460489153,0.6534199410573134,False,-1.0,False
35,60,300,0.7634997881527461,143.43494801324587,1170779,1170779,0.0173252168000963,0.0399494695412199,0.0609030397709559,0.1015067745492531,0.1754754740219973,0.6387574165362973,0.7173199724881439,0.7074685465403532,0.665589521489194,0.6251114637723247,0.5491889148147071,0.6529356838209446,False,-1.0,False
35,55,800,0.7562625612679947,139.19217367087012,1206466,1206466,0.01845969965171,0.0435959239630457,0.0652102918772679,0.1059358490003033,0.1806109745322288,0.6285072907460149,0.7191197522434887,0.6949648950782872,0.6558932007015934,0.6204016784426292,0.5475166924094252,0.6475792437750848,False,-1.0,False
35,55,700,0.7562647003886086,139.17890717655922,1206581,1206581,0.0184421932717322,0.0435768506217154,0.0651866720924662,0.1059340400685905,0.1806012194788414,0.6284749419692985,0.7193314767217516,0.6951083873858177,0.656028467141194,0.6204053877025407,0.5475452490549728,0.6476837936012554,False,-1.0,False
35,55,450,0.7561048843590658,139.12102564612374,1207083,1207083,0.0185032843640412,0.043634116295234,0.0652515195723906,0.1059802847028746,0.1807415065906818,0.6283337822795735,0.7189257332924124,0.6950129462369492,0.6559936776041728,0.6205404183771853,0.5474167388300863,0.6475779028681613,False,-1.0,False
35,55,300,0.755877236657628,139.01495773192804,1208004,1208004,0.0185305677795768,0.0437374379555034,0.0653648497852656,0.1061296154648494,0.1809174472932208,0.6280750123046718,0.7190862033391758,0.6947080308987368,0.6558199426805771,0.6203458476194637,0.5473150705675278,0.6474550190210963,False,-1.0,False
35,50,800,0.740977462554806,109.96276419154783,1527159,1527159,0.02337935997496,0.0485162317741636,0.0728699500183019,0.1093828474965606,0.1872679923963385,0.5513512463494729,0.691725697743222,0.6901612890085874,0.6439302594710514,0.6378406512141632,0.5582567929713379,0.6443829380816724,False,-1.0,False
35,50,700,0.7409097693772362,109.96823682799167,1527083,1527083,0.0233883816400287,0.0485369819453166,0.0728958412869503,0.1094092462557699,0.1873166029613321,0.5513670868844189,0.6917621824871508,0.6901480976203807,0.643924862054806,0.6378662704464404,0.5582391901816026,0.644388120558076,False,-1.0,False
35,50,450,0.7408479695780827,109.92346362681276,1527705,1527705,0.0233795137150169,0.0485414396103959,0.0729152552357948,0.109435394922449,0.1873444153157841,0.551237471516731,0.692006920382421,0.6902485876110818,0.6439449564460005,0.6378801638450955,0.5582795576764303,0.6444720371922058,False,-1.0,False
35,50,300,0.7406255491099674,109.87592304461104,1528366,1528366,0.0234165114900488,0.0486238243980826,0.0730008388043178,0.1095706133216781,0.1875244542210439,0.5510997962736915,0.6920358796035975,0.6900948893891476,0.6439241870971313,0.6377395893458147,0.5581524988086035,0.6443894088488589,False,-1.0,False
35,45,800,0.7373678094703443,99.80181452847042,1682641,1682641,0.0240681167284049,0.0509722513596186,0.0762414561394854,0.1143838762992224,0.1964720935719502,0.5206841246361777,0.6911039104777453,0.6789740904245909,0.6318467656531119,0.62254796261327,0.5347923047632536,0.6318530067863943,False,-1.0,False
35,30,800,0.7136005055766819,80.08950122258484,2096787,2096787,0.038881393293644,0.0748588197084396,0.1091560563853171,0.1564240907636302,0.2416168165865202,0.4513565191012324,0.5599574618667076,0.5453785243598932,0.48879784363673684,0.4796138380269026,0.43295757841157123,0.5013410492603623,False,-1.0,False
35,30,700,0.7135748559514533,80.08988318738712,2096777,2096777,0.0388806248828559,0.0748458228986678,0.1091503769833415,0.1564114829569381,0.2416179689113339,0.4513580350809705,0.560023040680945,0.5455355689944783,0.48888757344072864,0.47972836822024967,0.4330097329253755,0.5014368568523555,False,-1.0,False
35,20,800,0.6809354283475694,59.72489060139359,2811736,2811736,0.0535925136641562,0.0964599805956177,0.1287834277471284,0.1795058284277044,0.2604145623913482,0.3546428603069605,0.4495278611715342,0.4489909747413976,0.4439276703158846,0.44402548210596476,0.4403360607430246,0.44536160981556117,False,-1.0,False
35,20,700,0.68096559321545,59.72323382698856,2811814,2811814,0.0535856923679873,0.096449836297849,0.1287741650052243,0.1794937360721584,0.2604016481886782,0.35463325857306544,0.4495462288151144,0.449003827288136,0.44391659818557616,0.44401559001812985,0.44031410459800474,0.4453592697809922,False,-1.0,False
5,30,700,0.7752945487372578,85.3845749040552,1966756,1966756,0.0433953169584839,0.0823538862980461,0.1186766431626495,0.1689467325890959,0.2580350587464841,0.4716208322669858,0.36927186587878535,0.3522662015602448,0.29750223095438594,0.28667106022523353,0.24213607316039476,0.3095694863558089,False,-1.0,False
5,20,800,0.7770542824560014,61.81044144629932,2716865,2716865,0.0569115506291258,0.1018519506858088,0.1351612980402044,0.1881131377525199,0.2703259087220013,0.3664397678224591,0.19834630084259874,0.1969500333112053,0.1959858390259136,0.193967922315137,0.19641600697522693,0.19633322049401633,False,-1.0,False
5,20,700,0.7770772120523287,61.81096471565148,2716842,2716842,0.0569197619883673,0.101865327464755,0.1351797417737211,0.1881331339842361,0.270357275101018,0.3664426574817747,0.19819466464493135,0.19679598398869996,0.19582642968420344,0.193825086366825,0.19625901448205568,0.1961802358333431,False,-1.0,False
5,15,800,0.7822216839976379,44.32716429682328,3788436,3788436,0.0501510385816204,0.0922618199172428,0.1215715403401298,0.1739849901120145,0.2445238615618688,0.24340079770188516,0.2706169613705779,0.26015197828502407,0.26520496493392604,0.24816817572864336,0.27302068544656716,0.26343255315294767,False,-1.0,False
5,15,700,0.782225025829209,44.327105793649686,3788441,3788441,0.0501472769405673,0.0922585306198512,0.1215705880070456,0.1739808010735814,0.2445227469558058,0.243400262379521,0.270656153536953,0.26017022428002107,0.26520330078274845,0.24818028958529587,0.27301717612680226,0.2634454288623641,False,-1.0,False
5,10,800,0.7803348973579032,29.51462394698671,5689743,5689743,0.0479392478711252,0.0833624647018327,0.1061285193373409,0.1474122820661671,0.2141003556751157,0.052333162298747495,0.30208281324066694,0.33341096135399567,0.36082763267610096,0.3754848018972732,0.380793051681535,0.3505198521699143,False,-1.0,False
35,90,700,0.7989878989879882,222.1348637869799,755985,755985,0.0211287260990628,0.0440260058069935,0.0613226452905811,0.0948894488647261,0.1672255401892894,0.8072864240565862,0.5927125883306565,0.5982092957312743,0.5855123251273922,0.5781983555989799,0.4997037696910798,0.5708672668958765,False,-1.0,False
20,20,700,0.7030603578403215,60.32448041141049,2783789,2783789,0.054244772143291,0.0975698948447601,0.1301973676884275,0.1812396701043074,0.262649216589332,0.3580931566833367,0.3930912237696601,0.39199483999495177,0.3871764237576994,0.38761349239423565,0.38434913768847556,0.3888450235210045,False,-1.0,False
45,60,450,0.7732927129176043,141.9971225248048,1182634,1182634,0.0170483852146987,0.0394044142143723,0.0600912877525929,0.1004858646039264,0.1738898086812995,0.6353046507338564,0.6993307460879594,0.6902915303386032,0.648987798976215,0.6084331913048995,0.5331797532206881,0.6360446039856731,False,-1.0,False
45,140,450,0.8451772161045499,285.45697083226383,588287,588287,0.0218838764072638,0.0449083525558103,0.0591734986494687,0.0864730990145966,0.12579064300248,0.9283730405934193,0.4823897686069044,0.4903666889649758,0.497257484019491,0.5162284568394665,0.5398764006591903,0.5052237598180056,False,-1.0,False
50,45,800,0.741271570491605,98.73712726770286,1700785,1700785,0.023643788015534,0.050283251557369,0.0754269352093298,0.1129149186993064,0.196294652175319,0.5173088711809725,0.6878139892349981,0.6757913422994504,0.628137498838735,0.6208228942536825,0.5268616422200574,0.6278854733693847,False,-1.0,False
50,30,800,0.7113329164965465,79.48502011375787,2112733,2112733,0.0385197750969952,0.0741423549497262,0.1081499649979434,0.1547692017874478,0.2412088986161526,0.4489468693075008,0.5693853794962787,0.5559021566706865,0.4997166225818712,0.4922437713043375,0.43930512751385725,0.5113106115134063,False,-1.0,False
50,30,700,0.7113605131774332,79.48223619100088,2112807,2112807,0.0385217390892779,0.0741459111030965,0.1081599029158839,0.1547751403701331,0.2412108630840393,0.4489357226865705,0.5693007647153063,0.5558141937597512,0.49959740472242475,0.49215590266870707,0.43923809764300026,0.5112212727018379,False,-1.0,False
50,30,450,0.71126846935944,79.47042549858716,2113121,2113121,0.0385283190124938,0.0741547691779126,0.1081528222946059,0.1547767496513451,0.2412166648289426,0.44888842850824434,0.5694206727079894,0.5559466250577789,0.4998406005926799,0.49234968635745074,0.4394195765347654,0.5113954322501328,False,-1.0,False
50,20,800,0.66995054936133,59.40760476773174,2826753,2826753,0.0533300928662674,0.0960154636786447,0.1281470294716234,0.1784096452714474,0.2602544332667198,0.3527971136476379,0.4767890280507451,0.4764614655340078,0.471715534431169,0.4731247062645799,0.4648988974435841,0.47259792634481723,False,-1.0,False
50,20,700,0.6699534308946336,59.40495684463325,2826879,2826879,0.0533227633726098,0.0960090615834636,0.1281413176863955,0.1784041694037841,0.2602506156082379,0.35278165089642016,0.4768733298737547,0.4765048993706754,0.4717430756593254,0.4731437922702197,0.4649056033043793,0.47263414009567095,False,-1.0,False
50,20,450,0.6698804351202864,59.40163676669248,2827037,2827037,0.0533279189483547,0.0960100628325699,0.128141938007886,0.1784143610430284,0.2602622463024007,0.352762261657919,0.47696919805225396,0.4766567190178366,0.4718989981018059,0.47325614146768197,0.4650255774872374,0.47276132682536315,False,-1.0,False
45,200,800,0.8493517640617393,287.1325578691434,584854,584854,0.0219234202040167,0.0449667780334921,0.0592883010118764,0.0865532252493784,0.126070780057929,0.9314893605730467,0.4727737368398617,0.48078559728410153,0.48745007916571315,0.5067297713347889,0.5297948075464065,0.4955067984341744,False,-1.0,False
45,200,700,0.8493088839235008,287.1094851949304,584901,584901,0.0219216585370857,0.0449648743975476,0.0592766981078849,0.086577044662259,0.1261444244410592,0.9314464729228367,0.47288926632477096,0.48089413849109797,0.4876125775047024,0.5067130972880436,0.5296376681404213,0.4955493495498072,False,-1.0,False
45,200,450,0.8490987700643462,286.7579633822731,585618,585618,0.0220604557920009,0.045142055059783,0.059420987742863,0.0867749966701843,0.1263622361334521,0.9307929799356978,0.471632945487258,0.4799771212125697,0.48721707706859785,0.5062547819677952,0.5293550174331776,0.4948873886338797,False,-1.0,False
45,140,800,0.8455020760405836,285.6259322820905,587939,587939,0.0217471540414906,0.0447053180687112,0.0589840102459608,0.0861773075097926,0.1255419354728977,0.9286874410614796,0.4833695606512685,0.4912336685153018,0.49766989936633443,0.5168894766374725,0.5400134271247663,0.5058352064590287,False,-1.0,False
45,140,700,0.8454844119248228,285.569589579206,588055,588055,0.0217479657515028,0.0447016010407189,0.0589723750329475,0.0862181258555747,0.1255936944673542,0.9285826035593414,0.48339814763906847,0.4913011646327863,0.49777745689343494,0.516738863116648,0.5398757148402549,0.5058182694244385,False,-1.0,False
45,125,800,0.8450454465223485,285.2945098891988,588622,588622,0.0216675557488507,0.0447315934504656,0.059051479557339,0.086291372052013,0.125384372313641,0.9280707021801305,0.4853518716952886,0.49202792437639364,0.49826852804330163,0.5173590456282253,0.5415485882976954,0.5069111916081809,False,-1.0,False
45,55,700,0.7650019832333635,137.8360526160271,1218336,1218336,0.0181821763454416,0.0431014104483492,0.0643853583904604,0.104335749743913,0.1804666364615344,0.625190540571735,0.7034424518380745,0.6796986254813668,0.6416729516905356,0.6087119093067408,0.528900578215681,0.6324853033064797,False,-1.0,False
45,125,700,0.8450245235650559,285.2823933528923,588647,588647,0.0216700331438026,0.0447364889313969,0.0590540680577663,0.0863505632407877,0.1254571925109615,0.9280481520743491,0.4853669937895439,0.4920356402328354,0.498298937489205,0.5171303805304974,0.5413462496200487,0.5068356403324261,False,-1.0,False
45,125,450,0.8445969515532774,285.1390117549576,588943,588943,0.0218119580332901,0.0449415308442412,0.0592502160650521,0.0865890247443301,0.1256403421044142,0.9277812902447861,0.48454746122045644,0.49137763558503017,0.49807163444784025,0.5169597126185888,0.5416571359624744,0.5065227159668779,False,-1.0,False
45,105,800,0.8329803855578213,236.6950277738234,709481,709481,0.0185036667648605,0.0386944823046706,0.0520324011495727,0.0824532298962199,0.1450257300759287,0.8358231275761732,0.550840635878435,0.5653056102969354,0.5662344468460057,0.561531728022641,0.501013229881167,0.5489851301850368,False,-1.0,False
45,105,700,0.8327925847629489,236.68135026116173,709522,709522,0.0185293761151874,0.0387162061218679,0.0520505354308957,0.0825118882853526,0.1450990948835976,0.8357965554497295,0.5509334422425245,0.5655474581827353,0.5665376112680424,0.5616703942046573,0.5011738970344379,0.5491725605864795,False,-1.0,False
45,105,450,0.8327617753646916,236.5310018831702,709973,709973,0.018713387692208,0.0389254239245717,0.0523048059574096,0.0828369529545489,0.1454506016425976,0.8355044372984026,0.5487261832953472,0.5639895329524989,0.5650984610811596,0.560230752466751,0.5000437419012537,0.5476177343394021,False,-1.0,False
45,90,800,0.8145366290613363,218.8528740215972,767322,767322,0.0204229775765584,0.043508461897352,0.0604765665522427,0.0938393529704609,0.1658091387970109,0.8007793091351989,0.5674408528595501,0.5682340840850959,0.5565295070288112,0.5490709136536462,0.47053348214730234,0.5423617679548812,False,-1.0,False
45,90,700,0.8145464229432787,218.8659947658991,767276,767276,0.0204737278371798,0.0435736293067944,0.0605453578634024,0.0939687934980372,0.1658607854279294,0.8008053824522436,0.5667921008395894,0.567706424506739,0.5561005163160408,0.5484494126555403,0.4703361185783258,0.541876914579247,False,-1.0,False
45,90,450,0.8143518689860173,218.747394788535,767692,767692,0.0206567217061008,0.043768855217978,0.0607522287584083,0.0941744866430808,0.1662163992851299,0.8005696850972399,0.5649554327014485,0.5666152044588347,0.5553002119071062,0.5479211892161522,0.46954998196603603,0.5408684040499155,False,-1.0,False
45,75,800,0.8033201982125858,209.85006391824464,800241,800241,0.0209561869486817,0.0451251560467409,0.0616576756252179,0.0991501310230293,0.1727592062891054,0.7827705625640478,0.5853732685357947,0.5801985347317418,0.5740551982310305,0.5489736607891864,0.47137949484069236,0.5519960314256891,False,-1.0,False
45,75,700,0.8033054512000299,209.828825147878,800322,800322,0.0209765569358333,0.0451505768928006,0.061690169706693,0.0991538405791668,0.1727654619015846,0.7827277857455371,0.585153712035883,0.5800332983498203,0.5738949188762144,0.5489887060719016,0.4713904259831021,0.5518922122633844,False,-1.0,False
45,60,800,0.7734125916713743,142.05838389204516,1182124,1182124,0.0169812980702532,0.0393249777519109,0.0599607147811904,0.0997881778899675,0.1752142753213706,0.6354521903488273,0.6998979272011787,0.6906465217053367,0.6494993201679047,0.6114055718875433,0.5284054445854454,0.6359709571094816,False,-1.0,False
45,60,700,0.7733002750542762,142.06054702370176,1182106,1182106,0.0169798647498616,0.0393340360339935,0.0599777008153245,0.0997973109010528,0.1752355541719608,0.6354573992525688,0.700161213613003,0.690821722102502,0.6496442493839232,0.6116087998718946,0.5285785203086544,0.6361629010559954,False,-1.0,False
50,50,700,0.7464483441211058,108.70400746224698,1544843,1544843,0.0228774056651711,0.0477621350519114,0.0719173404676074,0.1076963807972719,0.1871517040890239,0.5476900094237178,0.6859689812746188,0.6840578917917584,0.6376127976449604,0.6336976096222153,0.5466914457118446,0.6376057452090794,False,-1.0,False
50,50,800,0.7465052124238017,108.71041112100842,1544752,1544752,0.0228819901188022,0.0477707748557697,0.0719248138212476,0.1077156721596735,0.1871672605052461,0.5477087257712445,0.6857879748220463,0.6838664376809795,0.6374441825424697,0.6334838379675491,0.5465141112685463,0.6374193088563181,False,-1.0,False
50,55,700,0.7694747828171784,137.27942426729535,1223276,1223276,0.0180351776704521,0.0429159077755142,0.064104911728833,0.1039495583989222,0.1799561178344053,0.6238232267787834,0.695480229238578,0.6713603678648405,0.6335552369272026,0.6007229806543799,0.5208605022383659,0.6243958633846733,False,-1.0,False
50,55,800,0.7694572551645767,137.3083838504421,1223018,1223018,0.0180267175135607,0.042917602193917,0.0641004466001318,0.1039469574446165,0.1799384800550768,0.6238944500408482,0.695623130102301,0.6713855273594213,0.6336200145011994,0.6007733611148849,0.5209589132080965,0.6244721892571806,False,-1.0,False
55,30,800,0.7106801573643844,79.31574425597074,2117242,2117242,0.0384613568028595,0.0740264929564027,0.1080145774550098,0.154540671307295,0.2408392616432132,0.4482682758056765,0.5715346956427791,0.5582294092059374,0.5019459625402458,0.49473043173051656,0.44199160107052693,0.5136864200380011,False,-1.0,False
55,30,700,0.7106540945599044,79.31536963951386,2117252,2117252,0.0384682598009117,0.0740303941146353,0.1080230411873504,0.1545470260507488,0.2408560719271961,0.44826677217683875,0.571506349319107,0.5582560871019933,0.501952799933659,0.49475795471056355,0.4419913152677131,0.5136929012666072,False,-1.0,False
55,30,450,0.7105133036135777,79.30495671844082,2117530,2117530,0.0384778491922192,0.0740513711730176,0.1080461669964534,0.1545805726483214,0.240888676901862,0.44822497367584285,0.571695636981488,0.5584009539111803,0.5021236081654739,0.4949102572343278,0.4421880612290875,0.5138637035043114,False,-1.0,False
55,20,800,0.6676919771818618,59.33669678188041,2830131,2830131,0.0532381716606051,0.0958733005645321,0.1279944285264533,0.1781977583369815,0.259985491837657,0.35238270175388464,0.4828634283519808,0.4825039805380629,0.47755780595401964,0.47904515197216035,0.47075326536203016,0.47854472643565077,False,-1.0,False
55,20,700,0.6676813804771066,59.3350195444792,2830211,2830211,0.0532373734679145,0.0958705905672757,0.1279932838929676,0.1781930746506179,0.2599746096669117,0.3523728908296141,0.48289646364776867,0.4825482014749829,0.4775877563265946,0.4790900341969198,0.4708135074534159,0.4785871926199364,False,-1.0,False
55,20,450,0.6677089708473233,59.329485333733736,2830475,2830475,0.0532299349049187,0.0958687146150381,0.1279937113028731,0.1781987122302793,0.2599902843162366,0.3523405159101413,0.482928090379944,0.4825024511108834,0.4775249004874429,0.4790035748121882,0.47069978339815016,0.47853176003772174,False,-1.0,False
50,200,800,0.8579561946954333,285.62738971588743,587936,587936,0.0219003428944647,0.0445813830076743,0.0588754558319272,0.0864158683938387,0.1257415773145376,0.9286901528718992,0.45424630025091084,0.46496679667173124,0.4710834182054232,0.4885538572879812,0.512103636804078,0.4781908018440249,False,-1.0,False
50,200,700,0.8579889947089123,285.5807592103831,588032,588032,0.0219188751632564,0.0446047153896386,0.058899855790161,0.0864306704397039,0.1257873721158032,0.9286033873358508,0.4539455036428363,0.46471382762826946,0.47086713854400786,0.4884135209902295,0.51187590876783,0.47796317991463455,False,-1.0,False
50,200,450,0.8577043143939221,285.2853012277432,588641,588641,0.0220219114876469,0.0447505355556272,0.0590105004578342,0.0866232559403779,0.1260207834656437,0.9280535639419748,0.4532942659299718,0.46420346299376103,0.4708340109806642,0.48814311673597105,0.5117031448733809,0.4776356003027498,False,-1.0,False
50,140,800,0.8541562950530611,283.98752137127934,591331,591331,0.0218151931828366,0.0443237374668332,0.0586541209576362,0.0860431805537,0.1251566381603535,0.9256371890425638,0.46360694999472246,0.4752763787806323,0.4807028809931852,0.4985897315765479,0.5224045027513105,0.4881160888192797,False,-1.0,False
50,140,700,0.8541203516415394,283.9351836196402,591440,591440,0.0218297714053834,0.0443443121872041,0.0586754362234546,0.0860763560124442,0.125189368321385,0.9255396947427643,0.463505330923095,0.47519513276822767,0.48065517805855573,0.4985145163612096,0.5223715838838154,0.48804834839898065,False,-1.0,False
50,140,450,0.8539779726088526,283.6483891236711,592038,592038,0.0219225792938966,0.0444751857144304,0.0587698762579429,0.0862377077147075,0.1253939780892442,0.9250053940851033,0.4626694027691507,0.4744897524408066,0.48040693322078964,0.49807778522715085,0.5219858143979377,0.48752593761116714,False,-1.0,False
50,125,800,0.8540607431467405,283.7154796941365,591898,591898,0.0217334743486208,0.0443336520819465,0.0586773396767686,0.0860317149238551,0.1252327259088559,0.9251303938732606,0.4648260146366659,0.4754082725289395,0.48077422824365257,0.4988518007681483,0.5223542006632709,0.48844290336813545,False,-1.0,False
50,125,700,0.8540153350400701,283.67665913824646,591979,591979,0.0217524608136437,0.0443613709270092,0.0587081636341829,0.0860621745028117,0.1252780926350428,0.925058066064862,0.4646905975817302,0.47529222170630686,0.48069088143019256,0.49880986998255283,0.522298925002058,0.4883564991405681,False,-1.0,False
50,125,450,0.8539199722778537,283.3860823576662,592586,592586,0.021844930524852,0.0444931199859598,0.0588049667052546,0.0862187091831396,0.1254872710458904,0.9245166216601978,0.4637560534997105,0.4744772436655422,0.4803258397467521,0.4982926743782734,0.5217947947820366,0.487729321214463,False,-1.0,False
50,105,800,0.8410534482925058,235.4162139808085,713335,713335,0.0185929472127401,0.0383606580358457,0.0518269817126595,0.0824647605963537,0.1444720923549244,0.8333368986299017,0.5320860936471201,0.550247968822398,0.5498006031067045,0.543827350876869,0.4852484476620907,0.5322420928230365,False,-1.0,False
50,105,700,0.841110649392944,235.35913402512656,713508,713508,0.0185968482483728,0.0383653722172701,0.0518270292694686,0.0824657887507918,0.1444608890159605,0.8332258402665399,0.5319128074948256,0.550086282874474,0.549675257021996,0.543697520023491,0.4851615509900343,0.5321066836809643,False,-1.0,False
50,105,450,0.8406534306763407,235.32450361750696,713613,713613,0.0186543686844269,0.0384592208942381,0.0519791539672063,0.0826750633746862,0.1447479235944412,0.8331584575854041,0.5322014423471735,0.5503568908193929,0.5497736044415289,0.543726982269259,0.4851833404041209,0.532248452056295,False,-1.0,False
50,90,800,0.8224570678512747,217.7885139130976,771072,771072,0.0206426896580345,0.0434006162848605,0.0604275605909694,0.094050879814077,0.1655500394256308,0.7986626175750472,0.5474077038842027,0.5517546473940147,0.5395026352770711,0.5307730487727937,0.4540989603041791,0.5247073991264523,False,-1.0,False
50,90,700,0.8223428098367217,217.8130897488278,770985,770985,0.0206463160761882,0.0434068107680434,0.0604395675661653,0.0940550075552702,0.1656024436273079,0.7987115276329966,0.5476126900646452,0.551956339581713,0.5396813092781011,0.5310037259081077,0.4541702425384489,0.5248848614742031,False,-1.0,False
50,90,450,0.8217085399569335,217.7568842195896,771184,771184,0.020764175605303,0.0435953028071121,0.060654785368991,0.0942278366771094,0.165780151040478,0.7985996666245478,0.5475425600143471,0.5518788245250597,0.5397929443935781,0.5315892540390146,0.45495159296725635,0.5251510351878512,False,-1.0,False
50,75,800,0.8104988951505353,208.9180478993196,803811,803811,0.0210683854786759,0.0448712446084962,0.0614709179147834,0.0989312164177897,0.1723166266697022,0.780892043077719,0.5682908679939425,0.5664755374743198,0.5594662255351326,0.534293069323098,0.4571917975360963,0.5371434995725177,False,-1.0,False
50,75,700,0.8104349577019847,208.90531311422387,803860,803860,0.0210633692434005,0.0448585574602542,0.0614597069141392,0.0989152339959694,0.1723235389246883,0.7808663562753891,0.5684926677845459,0.5667138889200805,0.5596724415516763,0.5345069566532767,0.4573080414473521,0.5373387992713863,False,-1.0,False
50,75,450,0.8101288907542792,208.84789592093333,804081,804081,0.0212428847342494,0.0450539186972456,0.0617052262147719,0.099062159160582,0.1724515316243015,0.7807505359707816,0.5669428085629722,0.5658654292830554,0.5588869632625859,0.5344949938810376,0.4575411785266313,0.5367462747032564,False,-1.0,False
50,60,800,0.7781712446074791,141.57680974922965,1186145,1186145,0.0168655602814158,0.0392287620822074,0.0598324825379696,0.0993748656361574,0.1746793182958238,0.6342913447314492,0.6909242907809803,0.6809896583309893,0.6398547706506683,0.6029173871298623,0.5198236366547131,0.6269019487094426,False,-1.0,False
45,55,800,0.7649684940238468,137.84035186793378,1218298,1218298,0.0181794601977512,0.0430978299233849,0.0643816209170498,0.104328333461928,0.1804221955547821,0.6252010877759007,0.7035492476377266,0.679799661127825,0.6417683163258113,0.6088195119796003,0.529125200646876,0.6326123875435677,False,-1.0,False
45,50,800,0.7446346559071044,109.0778046038158,1539549,1539549,0.0230372661084512,0.0481218850455555,0.0722484311964088,0.1081134799866714,0.1877406954893933,0.5487809644856714,0.6879583425189967,0.6852286538595331,0.6396165811939792,0.6357293758709119,0.5486503065640569,0.6394366520014957,False,-1.0,False
20,20,800,0.7030617169513336,60.32649578114852,2783696,2783696,0.0542429920508561,0.097570280662831,0.1301956104402205,0.1812360257729292,0.2626482920548795,0.3581046721100089,0.3931102564527063,0.3919888712509379,0.38718386361292156,0.3876274159975184,0.3843493158452813,0.3888519446318731,False,-1.0,False
40,20,450,0.6766292907481254,59.60131013789916,2817566,2817566,0.0535018523079849,0.096236609896627,0.128444905993329,0.1788632457944197,0.2608364808490733,0.35392561715221355,0.46006347913888057,0.46014113348026814,0.4553482836058329,0.4564194287546701,0.4483135913817715,0.45605718327228467,False,-1.0,False
40,55,800,0.7606238433537835,138.4147803983047,1213242,1213242,0.0182304931744862,0.0432304519625927,0.0646367336442358,0.1047779420758595,0.1811872651952372,0.6266084578430506,0.7124175456844668,0.6882685320545996,0.6497559461459597,0.6162342530791372,0.5360178852991755,0.6405388324526677,False,-1.0,False
40,55,700,0.7605944283353331,138.41614945228852,1213230,1213230,0.0182356189675494,0.0432382977671175,0.0646390214551239,0.1047822754135654,0.1811898815558467,0.6266118076923295,0.7124184971784133,0.688271895645719,0.6498067041463936,0.6162784765888527,0.5360732847660183,0.6405697716650793,False,-1.0,False
40,50,800,0.7431700064650324,109.48051224145732,1533886,1533886,0.0231386165595096,0.0482486964481063,0.0724695316340327,0.1085100196494394,0.1882519300652069,0.5499527615236731,0.689907825415985,0.6874458378730892,0.6415089020898161,0.6370933189593659,0.5501109327893294,0.6412133634255172,False,-1.0,False
40,50,700,0.7431623322223102,109.47380343941904,1533980,1533980,0.023143717649513,0.0482574740218255,0.0724807363850897,0.1085222753882058,0.1882599512379561,0.5499332701044877,0.6898615483033103,0.6873944291435141,0.6414592946929225,0.637053280163916,0.5501003851202793,0.6411737874847884,False,-1.0,False
40,45,800,0.7381785617299633,99.39152289879124,1689587,1689587,0.0237981234467358,0.0506046743967608,0.0758149772695931,0.1136064612239559,0.1974506195892842,0.5193874485305685,0.6926687494524794,0.6800569475860121,0.63260095765024,0.624379440931951,0.5296860262632548,0.6318784243767874,False,-1.0,False
40,45,700,0.7381900729648505,99.38564065415666,1689687,1689687,0.023799674140832,0.0506010876570631,0.075814041298773,0.1136038804820064,0.1974513622937266,0.5193688219765524,0.6926244127423535,0.6800596426712646,0.6325813349958325,0.6243662371492815,0.5296583278801876,0.6318579910877838,False,-1.0,False
40,45,450,0.7381172558545762,99.37293738161304,1689903,1689903,0.0238670503573282,0.0506780566695248,0.0758842371426052,0.1136869986028783,0.1975622269443867,0.519328592613171,0.6919507628862236,0.6796209239946552,0.6323246430852241,0.6241401077599674,0.5294398402056932,0.6314952555863526,False,-1.0,False
40,30,800,0.7125006444570658,79.8469657029721,2103156,2103156,0.0386809157285527,0.0744852022389209,0.108649572356972,0.1554549448543046,0.2420804733457718,0.4503922317861511,0.5648403563782916,0.5506856660620687,0.4942034127553288,0.48651154205333885,0.43378272109519384,0.5060047396688443,False,-1.0,False
40,30,700,0.7124851092556966,79.844573960201,2103219,2103219,0.0386864135403873,0.0744815447178824,0.1086453669351598,0.1554488619587404,0.2420755993550838,0.4503827057127257,0.5648063624488264,0.550748045253768,0.4942622953184583,0.4865737085415776,0.4338332919737172,0.5060447407072695,False,-1.0,False
40,30,450,0.7123535399382526,79.83815872297455,2103388,2103388,0.0387194374028947,0.0745250044214381,0.1087027215140525,0.1555167187413829,0.2421493324103779,0.4503571528321717,0.5646858076669307,0.5506980958226085,0.4942101414802455,0.4865467865345761,0.4338697602399316,0.5060021183488586,False,-1.0,False
40,20,800,0.6767282015255732,59.60769917196259,2817264,2817264,0.0534884199705813,0.0962249189284355,0.1284345379062807,0.1788501184127579,0.2608165226971984,0.35396274997337995,0.46001326192732267,0.4600156953206882,0.4551934546116802,0.45626402920394604,0.4481653267775963,0.45593035356824674,False,-1.0,False
40,20,700,0.6767184585844358,59.60623930504488,2817333,2817333,0.0534860451355945,0.0962197226951872,0.1284246484174927,0.1788428985852932,0.2608179437787439,0.35395426578152767,0.4600639198899886,0.46007736365786345,0.4552733501719807,0.45631880233996047,0.4481817873608389,0.4559830446841264,False,-1.0,False
20,60,300,0.7471168776518329,147.96601455424005,1134927,1134927,0.0181412549000948,0.0415824101462032,0.0630357723448292,0.1046640004158857,0.1802397863474919,0.6495065167915139,0.7430522361142051,0.7306027642461859,0.6887729732504864,0.6462940780575552,0.5687773558430873,0.675499881502304,False,-1.0,True
45,50,700,0.7446493927226968,109.07794630498452,1539547,1539547,0.0230489877866671,0.0481362374776476,0.0722608663457497,0.1081084241013752,0.1877552292979688,0.5487813774498902,0.6877812269211623,0.6850849379485016,0.6395106844139595,0.6357205944793232,0.5485685721105138,0.6393332031746921,False,-1.0,False
20,55,800,0.7415833889705071,143.3014114193554,1171870,1171870,0.0194117094899604,0.0451756594161468,0.0672642869942911,0.1088038775632109,0.1847909751081604,0.6384376202254339,0.7394461815249872,0.7147873832769692,0.6758181109530872,0.6391999663370764,0.5653707242856187,0.6669244732755478,False,-1.0,False
20,55,700,0.7416212359627181,143.2894285509502,1171968,1171968,0.0194262983289646,0.0451360446701616,0.0672194121341197,0.1087435834425513,0.1847558977719528,0.638408914704603,0.7391830960978565,0.7150123777710193,0.6760012386924396,0.6393967419786009,0.5654074775495338,0.66700018641789,False,-1.0,False
20,55,450,0.7415435310089855,143.2089018929293,1172627,1172627,0.0194989540578547,0.0452803832761824,0.0673001730302986,0.1088581450026308,0.1848601473443814,0.638215972153635,0.7384548714229021,0.7140609921584425,0.6756926373212023,0.6390355272322511,0.5652222129557446,0.6664932482181085,False,-1.0,False
20,55,300,0.7411729665695014,143.08066181695492,1173678,1173678,0.0195385787243179,0.0454110923098158,0.0674605811815506,0.1090520568673861,0.1850345665506212,0.6379085740214153,0.738775260421155,0.7138557935868973,0.6755524459602931,0.6389467507378004,0.5654382008789394,0.6665136903170172,False,-1.0,False
20,50,800,0.7388795274552076,112.60347203363406,1491345,1491345,0.024114473847433,0.0499354609429743,0.0746728624161411,0.1118004217669285,0.1909719079086328,0.5589197616604793,0.6872256609009599,0.6837230735099497,0.6378352141190795,0.631219669946846,0.5502251760367054,0.6380457589027081,False,-1.0,False
20,50,700,0.7388495587613868,112.6017354536238,1491368,1491368,0.0241328766608912,0.0499527950177286,0.0746911560392874,0.1118047322994727,0.1909863963823818,0.5589148327014042,0.6870637018454684,0.6836539390117569,0.6377923508235464,0.6312652097357436,0.5502413400250173,0.6380033082883064,False,-1.0,False
20,50,450,0.7387873894675153,112.5649778296148,1491855,1491855,0.0241813044833445,0.049972014706523,0.0747626277352691,0.1119297786983319,0.1911083851982934,0.5588104884780747,0.6866009982345727,0.6836405596139461,0.6375048193406359,0.6308214200424376,0.5499616740794979,0.6377058942622179,False,-1.0,False
20,50,300,0.7386185645484883,112.48339682116526,1492937,1492937,0.0242387990919911,0.0500530163027642,0.0748390588484309,0.1120120942812724,0.1912344593241376,0.5585788042961685,0.686259408993461,0.6833804254199431,0.6374210956588191,0.6308089224192306,0.5499012818057605,0.6375542268594427,False,-1.0,False
20,45,800,0.7382352113150809,101.96622612822448,1646924,1646924,0.0247819571516354,0.0525002975243544,0.0781815068576327,0.1169343576267028,0.2001992805982546,0.5274436164557882,0.6803834369159405,0.6652071373737628,0.6184557939210555,0.6088274187925882,0.520198002202321,0.6186143578411337,False,-1.0,False
20,45,700,0.7381631387778315,101.96987913399094,1646865,1646865,0.0247810233382821,0.0524967134525295,0.0781800572603097,0.1169604065907041,0.2002143466525792,0.5274549128325164,0.6805525592380507,0.6653925590482805,0.6186219617350046,0.6088642346983906,0.5203042542032394,0.6187471137845932,False,-1.0,False
20,30,800,0.722545456978082,81.35602150042754,2064145,2064145,0.0396415949460914,0.0762078245472096,0.1109500543808695,0.1587441773712602,0.2448359974711079,0.45633810949221365,0.5310031730212266,0.5153417046166527,0.45861148000568475,0.4493006759450057,0.40243322554045724,0.4713380518258054,False,-1.0,False
20,30,700,0.722498139832793,81.35109506023922,2064270,2064270,0.039639678917971,0.0761983655238898,0.1109380071405387,0.1587529732060244,0.2448390956609358,0.45631890446941986,0.5311303116688192,0.515518640126327,0.4587863120248616,0.4493633524278164,0.40252612466437887,0.47146494818244056,False,-1.0,False
40,60,700,0.769022239655336,142.72266284329206,1176622,1176622,0.0171082981620265,0.039645697598719,0.0603898278291583,0.1002641460044092,0.1759426561801496,0.6370495582443779,0.7079270949732589,0.6977540956049125,0.6565559475046998,0.6187980313469845,0.5355230422317301,0.6433116423323171,False,-1.0,False
40,60,800,0.7690391700358947,142.74571330939654,1176432,1176432,0.0171059610755232,0.0396427502822092,0.0603910808274511,0.10026588872115,0.1759464210426101,0.6371049065336025,0.7079189678436025,0.6977399749932172,0.6565115071579521,0.6187529355589398,0.5354731995265576,0.6432793170160538,False,-1.0,False
40,75,450,0.7960202294336596,210.81266076398435,796587,796587,0.0214063247328917,0.0457677566919871,0.0623597924646021,0.0998534999943509,0.1735905808154037,0.7847078229399445,0.5957696150396711,0.5911671885820821,0.5858558997970452,0.5616734649813215,0.4845077901997551,0.5637947917199749,False,-1.0,False
40,75,700,0.7965696989355526,210.8780483210689,796340,796340,0.021407941331592,0.0456990732601652,0.0621970515106612,0.0997023884270537,0.1734723861667127,0.7848393119740039,0.5945482732857419,0.5904993901929116,0.5856187551328136,0.561172661330708,0.48370909839256493,0.563109635666948,False,-1.0,False
45,45,800,0.7394446024996193,99.0447814275654,1695502,1695502,0.0237793880514443,0.0505614266453239,0.0756006185778607,0.1132413880962688,0.1968425870332208,0.518287693525074,0.6901322752857307,0.6776248454319058,0.6311029304189613,0.6233038560662485,0.5289894097758134,0.630230663395732,False,-1.0,False
45,45,700,0.7394558530197765,99.0435547025903,1695523,1695523,0.0237814526845109,0.0505661085104714,0.0756138371464144,0.1132564996169323,0.1968773057044935,0.5182837963132857,0.6900821556527081,0.6775638767436422,0.63100001443287,0.6232092007890134,0.5288465317580506,0.6301403558752569,False,-1.0,False
45,45,450,0.739388875152206,99.02807721248176,1695788,1695788,0.0238131181492026,0.0506000750093761,0.0756598112499911,0.1132865664811875,0.196927917876527,0.5182346216002549,0.6898371698639361,0.6774464517319011,0.6308740655145256,0.6232162506950097,0.5288205459219233,0.6300388967454592,False,-1.0,False
45,30,800,0.7116460947403785,79.6521108703169,2108301,2108301,0.0386164024966074,0.0743679389233321,0.1084532047368947,0.1551211141103665,0.2416637851995516,0.4496150604763481,0.5675062081629395,0.5534649989664664,0.4972352441553255,0.48992756998171383,0.43707068339785665,0.5090409409328605,False,-1.0,False
45,30,700,0.71162471128095,79.6465953377059,2108447,2108447,0.0386208427340122,0.0743713263838265,0.1084504376918177,0.1551279211666217,0.2416570110607475,0.4495930299573255,0.5674980738323084,0.5534854365638382,0.4972983911830988,0.48994276512842794,0.4371405143340948,0.5090730362083536,False,-1.0,False
45,30,450,0.7115461811897634,79.63692611050489,2108703,2108703,0.0386256386034448,0.0743864830656569,0.1084434365579221,0.1551214182367075,0.2416622919396425,0.44955440420085796,0.5676104886590756,0.5535393914136532,0.49751156973079086,0.49014461074286364,0.4372942213446685,0.5092200563782103,False,-1.0,False
45,20,800,0.6731823802563789,59.49800670195978,2822458,2822458,0.0533825481194051,0.0960871694104925,0.1282867628145396,0.1786035434362531,0.2604800496588434,0.35332443474111097,0.4690745478438345,0.4688383613964806,0.4638215713690705,0.4651597266848982,0.45706419968802325,0.46479168139646143,False,-1.0,False
45,20,700,0.6732118585958063,59.49760618067038,2822477,2822477,0.0533790000768828,0.0960893569726166,0.128290505113062,0.1786058841223506,0.2604829020750213,0.35332210098687056,0.46905395487260587,0.4687569161920265,0.46373494750039207,0.46508442388397603,0.4569900306934081,0.46472405462848176,False,-1.0,False
45,20,450,0.6731614197884782,59.49473944887237,2822613,2822613,0.0533796166885081,0.0961003155586685,0.1282938893854736,0.1786132211535906,0.2605015281939111,0.3533053964842823,0.46915661201776454,0.4687820648129579,0.4638251754939174,0.4651606885884053,0.4570368543073966,0.4647922790440884,False,-1.0,False
40,200,800,0.8393986772770264,289.5235800587562,580024,580024,0.0222576996813924,0.045427430589079,0.0598561438837013,0.0872860433361378,0.1270119857109361,0.9359302601319017,0.490403010939883,0.49896846543404,0.5058471017129038,0.5250938185395624,0.5483496985639442,0.5137324190380668,False,-1.0,False
40,200,700,0.8393612648676418,289.5365587467543,579998,579998,0.0222724905947951,0.045448432580802,0.0598846892575491,0.087358921927317,0.1271021624212497,0.9359543467173055,0.4903019745474588,0.4988871120210577,0.5057597733696207,0.5248377509862242,0.5481242820354817,0.5135821785919685,False,-1.0,False
40,200,450,0.8390992371183281,289.12828825602554,580817,580817,0.0224356380753318,0.0455806217793212,0.0600309563941826,0.0875611423219361,0.1272621152617778,0.9351965574529789,0.48885815787900766,0.4984331106408695,0.5054660609331343,0.5244731517564288,0.5481522498156013,0.5130765462050084,False,-1.0,False
40,140,800,0.8351333628508761,288.08915410902506,582912,582912,0.022044493851559,0.0450839920948616,0.0594360726833552,0.0866631669960474,0.1260327459376372,0.9332669092966197,0.5023641810564772,0.5109621027248964,0.5176616266241696,0.5373071509338527,0.5610114532880662,0.5258613029254924,False,-1.0,False
40,140,700,0.8351791563585379,288.0441867366034,583003,583003,0.0220513445042306,0.0450923923204511,0.0594473784869031,0.0867285417056172,0.1261056975693092,0.9331833761015149,0.5021793753590442,0.5107967236524538,0.5174945187749143,0.5369039502835738,0.560662798155183,0.5256074732450339,False,-1.0,False
40,140,450,0.8348824256069586,287.63419910454,583834,583834,0.0222100802625403,0.0452183326082413,0.0595802916582453,0.0868603061829218,0.1262430759428193,0.9324216519320987,0.5008659678122536,0.510467140829782,0.5173558009664283,0.5369418599895364,0.560843547395746,0.5252948633987492,False,-1.0,False
40,125,800,0.8349030430969132,287.79193815401175,583514,583514,0.0220063271832381,0.0450940337335522,0.0594964302484601,0.0868445315793622,0.1261786349599152,0.9327147429388305,0.503339540758857,0.5113876657307022,0.5178075882430041,0.5369699132023552,0.5610180075555443,0.5261045430980926,False,-1.0,False
40,125,700,0.8349816775380907,287.7687593927627,583561,583561,0.0220011275599294,0.0450938290941306,0.0594967792570099,0.0868992273301334,0.1262370172098546,0.9326716769803978,0.5032318887004545,0.5112173293391722,0.517633594312107,0.5365444169996016,0.560647184216021,0.5258548827134712,False,-1.0,False
40,125,450,0.8347189356397627,287.32120553664004,584470,584470,0.0222252639143155,0.0452837613564425,0.0597224836176364,0.0870925796020326,0.1264239396376204,0.9318399954447074,0.5010357322695674,0.5103163183681161,0.51687079057838,0.536222491895791,0.5605848331522884,0.5250060332528286,False,-1.0,False
40,105,800,0.8251836239321048,238.27416112001063,704779,704779,0.0188782582908968,0.0388689220308777,0.0523270415264927,0.0832076438145858,0.145750653751034,0.838888239321248,0.5632570180357278,0.58099731013093,0.5815355670043616,0.575081073712959,0.5155903694791544,0.5632922676726266,False,-1.0,False
40,105,700,0.825115097748093,238.25861029333524,704825,704825,0.0189054020501542,0.0388919235271166,0.0523676089809527,0.0832901784130812,0.1458390380590926,0.8388580815874328,0.5630713115950842,0.580968450840057,0.5814450368425375,0.5748482678710815,0.515439086390092,0.5631544307077704,False,-1.0,False
40,105,450,0.8248658248919187,238.1727792204845,705079,705079,0.0189482313329428,0.0389757743458534,0.0525387935252645,0.0834005834807163,0.1460049157612125,0.8386916198561074,0.5630868958384246,0.5808620738904399,0.580975805532671,0.5748814382274952,0.5154189820320381,0.5630450391042137,False,-1.0,False
40,90,800,0.8075102170904184,220.0201833996942,763251,763251,0.0207742931224459,0.0436737062905911,0.0606930092459754,0.0944682679747553,0.1664878264162117,0.8030970899193499,0.5784606659380389,0.582312926683034,0.5706096455919945,0.5615177834377088,0.48358384897207307,0.5552969741245698,False,-1.0,False
40,90,700,0.807432998100532,219.9907840802355,763353,763353,0.0207819973197197,0.0436718005955305,0.0607032395235231,0.0945041153961535,0.166521910570863,0.8030387617048902,0.5785342634919857,0.5824965622506328,0.5707178642244293,0.5615204257781884,0.483636562109221,0.5553811355708914,False,-1.0,False
40,90,450,0.8073212984770147,220.0118239702337,763280,763280,0.0208809349124829,0.043860706424903,0.060984173566712,0.0947804213394822,0.1667422177968766,0.8030805050637551,0.577555486913985,0.5812732866306061,0.5692975951629631,0.5604836881711888,0.4831302369970207,0.5543480587751527,False,-1.0,False
40,75,800,0.7965537138565985,210.87063392803327,796368,796368,0.0213946316275892,0.0456936993952544,0.0621735177706788,0.0997001386293773,0.1734637755409559,0.7848244029084507,0.5947477481307133,0.5905760862350624,0.5857931384675708,0.5612180411467877,0.48377338288751653,0.5632216793735301,False,-1.0,False
50,50,450,0.7463367496485616,108.69549387558546,1544964,1544964,0.0229662309283582,0.0478761964680083,0.0720476334723657,0.1083106143573572,0.1856658148668836,0.5476651248155382,0.6851149762365082,0.6834158073344937,0.6370848224821934,0.6310940060337407,0.5519975776717523,0.6377414379517377,False,-1.0,False
45,55,450,0.7648250365768414,137.81659619797327,1218508,1218508,0.0182280296887669,0.0431544150715465,0.064425510542401,0.1050021829975675,0.1791018196023333,0.6251428062318507,0.7032625210003033,0.6796737402127326,0.6418219323322445,0.6060091931987661,0.5339371254727385,0.632940902443357,False,-1.0,False
5,5,100,0.7638782463631184,27.05248901142715,6207585,6207585,0.0491825726107657,0.0849842571628096,0.108793355225905,0.1503837643785787,0.216970206610139,0.002936329739111913,0.3226944886652407,0.3567930082603016,0.3810196843158501,0.3976897513048568,0.4069967885552639,0.3730387442203026,False,-1.0,False
15,30,300,0.7297613749736087,82.06694004292702,2046264,2046264,0.0402250149540821,0.0770926918520777,0.1121321589003178,0.160346367819597,0.2471196287478057,0.4590957722785271,0.5080144869751818,0.4926908427526216,0.4358308398731306,0.42609604177793453,0.3788764659176653,0.44830173545930674,False,-1.0,False
20,15,100,0.698812523276584,43.7818951209427,3835618,3835618,0.0485934730726573,0.0897576348843915,0.118651544549014,0.1701097450267466,0.2405779199075612,0.23836069448106506,0.4722360252856778,0.4619710245461324,0.4648710124290386,0.4484993982541369,0.4688293030637849,0.4632813527157541,False,-1.0,False
20,15,50,0.6977214332105323,43.65090659837677,3847128,3847128,0.0487584504596675,0.0899613945779812,0.1188556762343233,0.1702935280552141,0.2408724118355303,0.23713457736322952,0.47258224803082427,0.4627736946143031,0.4660471213146436,0.45003293427164726,0.4702115811658312,0.46432951587944993,False,-1.0,False
20,10,300,0.6937974246146208,29.335729783175296,5724440,5724440,0.0471541321072454,0.0819140387531356,0.1045082139038927,0.1453191927944043,0.2119947103996198,0.04900002084823988,0.5009931338358385,0.5338681848668525,0.5596329571406452,0.5743936630646183,0.57717186158589,0.5492119600987689,False,-1.0,False
20,10,200,0.6937599686176791,29.334966230763467,5724589,5724589,0.0471576212720249,0.0819225624756641,0.1045173723388701,0.1453285117935977,0.2120042154991389,0.04898571513400754,0.5010318969389403,0.5338838628940475,0.5596605885758363,0.5744323537656499,0.5772213732005242,0.5492460150749997,False,-1.0,False
20,10,150,0.6937402555360038,29.33410023620213,5724758,5724758,0.0470367481035879,0.0817962960181024,0.1043895654628545,0.1451975786574733,0.211889830102862,0.048969489270533996,0.5025691458894838,0.5349078514020865,0.5604609242792971,0.5750824618223157,0.577654163126498,0.5501349093039363,False,-1.0,False
20,10,100,0.6936864283111078,29.33189704862093,5725188,5725188,0.0470592406747167,0.0818180992484439,0.1044157851235627,0.1452340080360679,0.2119189797784806,0.0489282049166261,0.5024087963744976,0.5348561629544812,0.5604232647149088,0.5750312625165521,0.5776725434093346,0.5500784059939549,False,-1.0,False
20,10,50,0.6933425150974598,29.31804504728004,5727893,5727893,0.0471211665441376,0.08192157220814,0.1045263939113387,0.1453455921749935,0.2120545897068957,0.048668510277267214,0.5023952435665415,0.5348042748374023,0.5605198563701292,0.5752658880858583,0.5779624770029219,0.5501895479725707,False,-1.0,False
20,5,300,0.6708493739248577,26.968138434536947,6227001,6227001,0.0486523127264633,0.0841337587708754,0.1078479030274766,0.1499111691165618,0.2172013462018072,0.0010976289677625591,0.5326472390063937,0.5667980708049266,0.5900193897202315,0.603278762009848,0.6096073938709131,0.5804701710824627,False,-1.0,False
20,5,200,0.6708539683719573,26.96800850999457,6227031,6227031,0.0486530418750123,0.0841364046525543,0.1078483469891189,0.1499117316101365,0.2172046357244728,0.0010947886432357188,0.5326281805038261,0.5667674712617641,0.5900067140336013,0.6032661089978935,0.6095861418068161,0.5804509233207803,False,-1.0,False
20,5,150,0.6708380152373227,26.967696696200463,6227103,6227103,0.0486579393339085,0.0841429794882146,0.1078541658938353,0.149916742986265,0.2172079055059792,0.0010879718729559424,0.5326025214793912,0.5667512752194224,0.5900071178506208,0.6032777560908524,0.609609882169561,0.5804497105619696,False,-1.0,False
20,5,100,0.670778615074213,26.967029785345296,6227257,6227257,0.0486671740061474,0.084156635899241,0.1078706081987623,0.149935356771047,0.2172279062836173,0.0010733915994285603,0.5326182413573464,0.5667750591487632,0.5900395721944274,0.6033213347261213,0.6096716156645071,0.5804851646182331,False,-1.0,False
20,5,50,0.6706828744501832,26.961981387583982,6228423,6228423,0.0487046239473459,0.0842155389895644,0.1079326179355512,0.1500061893676778,0.2173015545026405,0.0009629998985302991,0.5323646387815424,0.5665268036184519,0.5898815015479772,0.6032022810630995,0.6096300372015278,0.5803210524425197,False,-1.0,False
15,30,200,0.7295345243778069,82.01972265881037,2047442,2047442,0.0402878323293162,0.0771860692512901,0.112238588443531,0.1604655956066154,0.2472665892367158,0.4589134553048051,0.5077339686405811,0.49246143558596783,0.4356962475123118,0.4260392859476898,0.37887178494476614,0.4481605445262633,False,-1.0,False
15,10,300,0.7112708404312448,29.380310104318696,5715754,5715754,0.0471775027406707,0.0820357209215092,0.1046656311660718,0.1455550746235754,0.2123039235068549,0.04983409242163869,0.4625004175362136,0.4947190844430797,0.5204964601949156,0.5350962872429317,0.5379146061918212,0.5101453711217923,False,-1.0,False
15,30,150,0.7291981209216704,81.94224052371013,2049378,2049378,0.0403824965428534,0.0773180935874201,0.1123379874283807,0.1606111708040195,0.2474526417283683,0.45861402219706593,0.5072993083447052,0.4921713297495083,0.43584283612591723,0.42609990929110075,0.3789734510020486,0.448077366902656,False,-1.0,False
15,30,100,0.7283037768124826,81.74125554841106,2054417,2054417,0.0405331536878832,0.0775524151133874,0.1125939865178296,0.1608247011195877,0.2477520386562221,0.45783581173559873,0.5073923829750873,0.4923064186082633,0.4362814742434485,0.4270653717811567,0.3799088539185713,0.4485909003053054,False,-1.0,False
15,30,50,0.7241643435310948,80.87293369773293,2076475,2076475,0.0412145583260092,0.0784955272757919,0.1134239516488279,0.1618622906608555,0.2487027293851358,0.454448526764209,0.508019787210922,0.4940303943489483,0.44041450980312585,0.43130554025649864,0.3857204761095942,0.4518981415458178,False,-1.0,False
15,20,300,0.716618620352177,60.65192541065314,2768760,2768760,0.0546829627703376,0.0982634825698146,0.1309784885652783,0.1824470159927187,0.264181799794854,0.3599570273739217,0.35803087680723045,0.3569630302577612,0.3529046634288404,0.3523724784131273,0.349484172623289,0.3539510443060497,False,-1.0,False
15,20,200,0.7164331765587139,60.63064043741416,2769732,2769732,0.0546955445508807,0.0982737680035469,0.1309957064438003,0.1824743332567916,0.2642407279837905,0.35983630095809876,0.3582808035316006,0.357288582698588,0.35320810404835895,0.352651289048322,0.34968886925140336,0.3542235297156546,False,-1.0,False
15,20,150,0.7162764521196652,60.59648871483456,2771293,2771293,0.0547347393436926,0.0983021282845227,0.1310290900312598,0.1825360941625443,0.2642820517354173,0.35964247082238987,0.3581389671728158,0.35741093065033724,0.3533529735434317,0.35270762667652494,0.34989074893876954,0.35430024939637583,False,-1.0,False
15,20,100,0.7156954730484805,60.51623838545165,2774968,2774968,0.0548045959448901,0.0983856390416033,0.1310879981318703,0.1825902136529142,0.2644347610494968,0.3591863992565527,0.35854570038286093,0.3580324369304798,0.35427420350823097,0.35372697907286504,0.3506407482716775,0.35504401363322285,False,-1.0,False
15,20,50,0.7135530141599163,60.138542312766525,2792396,2792396,0.0549606860918007,0.0986432440098037,0.1313073074162833,0.1827903348951939,0.264693474707742,0.3570283992489059,0.36130049059425534,0.36071552527686473,0.35765909728397804,0.35748348066600943,0.35444362584896766,0.358320443934015,False,-1.0,False
15,15,300,0.7153272806913505,43.975827656667725,3818703,3818703,0.0485916291473832,0.0898967529027525,0.1189168154737354,0.170505797387228,0.2410716413400047,0.24016499434291189,0.4361510013856857,0.42478248344884934,0.4271915078874169,0.41055547803936543,0.43103947079761923,0.42594398831178737,False,-1.0,False
15,15,200,0.7152041180842973,43.96646721731235,3819516,3819516,0.0485867842941356,0.0898899232258746,0.1189077359539795,0.1704996130399768,0.2410857815492853,0.2400782067009305,0.43648017238620923,0.42510482144855094,0.42751458493718764,0.41085343110297845,0.4312605801554512,0.42624271800607555,False,-1.0,False
15,15,150,0.7151674545171158,43.95787017804795,3820263,3820263,0.0485953453989947,0.0899100402249792,0.1189305553047002,0.1705052767309476,0.2411087927715971,0.2399984704530972,0.436454507199413,0.42502870574256957,0.42745954508888157,0.4109073352862898,0.43126234641095806,0.4262224879456224,False,-1.0,False
15,15,100,0.7149105125869812,43.93332900794972,3822397,3822397,0.0486626585359919,0.0899694615708415,0.1189811000793481,0.1705913854578684,0.2412049297862048,0.23977071421265972,0.4361842070536303,0.42512887426091417,0.42772185255279854,0.41106991138139226,0.431496602959316,0.4263202896416103,False,-1.0,False
20,15,150,0.6990468957094083,43.80887292682774,3833256,3833256,0.0485159352779986,0.0896697220326531,0.1185652614904926,0.1700053427164791,0.2404251111848517,0.23861247297966814,0.472682061275957,0.4621415352198936,0.46486979440247067,0.44847097729168817,0.468837462135154,0.4634003660650327,False,-1.0,False
20,15,200,0.6991270466482187,43.81848651568267,3832415,3832415,0.0485007495273867,0.0896609579077422,0.1185604899260649,0.1699886364081134,0.2403873275728228,0.23870213326262926,0.47269453497031116,0.46203437663794716,0.4647228233727086,0.44837318614000204,0.46879094194154247,0.4633231726125023,False,-1.0,False
20,15,300,0.6992288584037191,43.82841317097245,3831547,3831547,0.0484814619264751,0.0896494288077374,0.1185562907097316,0.1699976536892278,0.2403718393641002,0.2387946794949731,0.4727103536809477,0.4619013383322323,0.46452510212690307,0.4481087810036548,0.46862110640081406,0.46317333630891033,False,-1.0,False
20,20,50,0.699405490649397,59.790002328500925,2808674,2808674,0.0545666745232803,0.0979985573263397,0.1304672596392461,0.1817647758337208,0.2632968439911503,0.3550199121232105,0.3971030859082724,0.39665581086255136,0.3935683484904306,0.3931700874747356,0.390133785147059,0.3941262235766098,False,-1.0,False
25,20,50,0.6898120350426691,59.54175920725688,2820384,2820384,0.0542387135936099,0.0975200540068302,0.1299252158571315,0.1810374048356536,0.2630187946038553,0.3535792369727502,0.4221322093860842,0.42134811750174833,0.4177549734877164,0.4175172904883749,0.4120561497697165,0.418161748126728,False,-1.0,False
25,15,300,0.6873398739342244,43.72300681319231,3840784,3840784,0.0483042003924198,0.0893640465071714,0.1181769138800828,0.1695169527888056,0.2402543334902457,0.23781021666566282,0.5008955757547875,0.4901123419346598,0.4927668893029209,0.4763313563572475,0.4950154673661327,0.4910243261431497,False,-1.0,False
25,15,200,0.687213192220915,43.71499403356199,3841488,3841488,0.0483187764741162,0.0893679740767119,0.118178945242052,0.1695319626144869,0.2402998525571341,0.23773522055520757,0.5009923731038458,0.49035880754449024,0.4930318303382269,0.4765387471699255,0.4951373690843947,0.49121182544817665,False,-1.0,False
25,15,150,0.6871398641408671,43.70299174270789,3842543,3842543,0.0483437660944848,0.0893986092022913,0.1182133810864315,0.1695522990894311,0.2403374536081964,0.2376228421569672,0.5008437934508052,0.4902811460469684,0.492988127826326,0.4766047913517649,0.49516959375012115,0.49117749048519715,False,-1.0,False
25,15,100,0.6869900917663746,43.67352026040172,3845136,3845136,0.0484045297747595,0.0894683569059716,0.1182907444626145,0.1696278103037187,0.2404648366143616,0.23734668333275535,0.5004201378387179,0.4900667801229886,0.4928572242093013,0.4765821824275813,0.49506308594241616,0.490997882108201,False,-1.0,False
25,15,50,0.6856483095100246,43.53491542700768,3857378,3857378,0.0485492995501089,0.0896347207870216,0.1184307060391799,0.1697414668720566,0.2406790311968389,0.23604378932436784,0.5015642654081307,0.4917080683535336,0.4949616432855658,0.4789889381412861,0.4972670345070269,0.4928979899391086,False,-1.0,False
25,10,300,0.6809488042798197,29.30112292345008,5731201,5731201,0.0470592463953017,0.0817132395112298,0.1042512729879828,0.1449764194276208,0.2119498164520839,0.04835095424656878,0.5302582295000304,0.5635202587903457,0.5892474763629774,0.6040749499256952,0.6054169925633492,0.5785035814284796,False,-1.0,False
25,10,200,0.6809493141512291,29.300555440010942,5731312,5731312,0.0470600797862688,0.08171724031077,0.1042562331277724,0.1449805908315583,0.21195879756677,0.04834029921753203,0.5302468129309841,0.5634880642125726,0.5892169735552122,0.6040544964706502,0.6053852808314482,0.5784783256001734,False,-1.0,False
25,10,150,0.6809008450846514,29.299803941718853,5731459,5731459,0.0470677710509662,0.0817195063246548,0.104260014771108,0.1449868174927187,0.2119629574249767,0.04832618856026288,0.5302577116002256,0.5635764335437219,0.5893005405548485,0.6041316022273544,0.6054770816103405,0.5785486739072981,False,-1.0,False
25,10,100,0.6808876054458322,29.296747223553428,5732057,5732057,0.0470797830517037,0.0817518039335617,0.1042925776906963,0.1450125147045816,0.211986901037446,0.048268786690359486,0.5301381748793238,0.5633544800250971,0.5891365576278214,0.6040414167832198,0.605424457381516,0.5784190173393956,False,-1.0,False
25,10,50,0.680496610546412,29.281825492617408,5734978,5734978,0.0471679228760772,0.0818738973366593,0.1044366691554876,0.1451677757089914,0.2121498983954254,0.04798841603216287,0.5299035230235909,0.5632608801837954,0.5891377090941889,0.6041764951923307,0.605724026468303,0.5784405267924418,False,-1.0,False
25,5,300,0.6569348845149703,26.951894586112694,6230754,6230754,0.0487130450022581,0.0841723168656634,0.1078673624412069,0.1498696626443605,0.216603319598238,0.0007423206928274075,0.5623191085666132,0.5969211350962509,0.6203266946925546,0.633893785316014,0.6420673556853866,0.6111056158713639,False,-1.0,False
25,5,200,0.6569395302473129,26.95163937675549,6230813,6230813,0.0487121022569606,0.0841718408175626,0.1078674644865766,0.1498711323867367,0.2166054413765908,0.0007367352404646047,0.5623206046993563,0.5969146758109904,0.6203159326746616,0.633876814158916,0.6420499697742862,0.6110955994236421,False,-1.0,False
25,5,150,0.6569312488104179,26.9514577052427,6230855,6230855,0.0487153047214226,0.0841775326179152,0.107872996563072,0.1498771837893836,0.2166126478629337,0.0007327591606813876,0.5622991246157609,0.5968885661594351,0.6203012625250756,0.63386686630026,0.6420435251545207,0.6110798689510105,False,-1.0,False
25,5,100,0.6569147168260208,26.95050613256942,6231075,6231075,0.0487253002090329,0.0841920535381134,0.1078876437853821,0.1498937181786449,0.2166285913746825,0.0007119321433552006,0.5622117129737714,0.5968119073786473,0.6202506255829379,0.6338263581753515,0.6420253541228588,0.6110251916467134,False,-1.0,False
25,5,50,0.6567135770815021,26.944996982678603,6232349,6232349,0.0487615504202348,0.0842486516721063,0.1079559248045961,0.1499612746333685,0.2166980700214317,0.000591326999607326,0.5622033849367972,0.5968120019906477,0.6202858429299575,0.633952937069622,0.6422284249280772,0.6110965183710203,False,-1.0,False
20,30,300,0.7222851729128804,81.32048568386095,2065047,2065047,0.0396857795488432,0.0762583127647942,0.1109558281240088,0.158855948557103,0.2458655904684009,0.45619954852947125,0.5310260786361659,0.515518576450134,0.45914635582803875,0.4493515878377953,0.3994946822275334,0.47090745619593344,False,-1.0,False
20,30,200,0.7220646554487679,81.25300590972739,2066762,2066762,0.0397331671474509,0.0763111572595199,0.1110369747460036,0.1589887950330033,0.2452082049118379,0.45593624215774947,0.5309224455094088,0.515590198208909,0.4591477139477116,0.44921784887830213,0.40221640859564867,0.471418923027996,False,-1.0,False
20,30,150,0.7215149970657446,81.17178550195038,2068830,2068830,0.0398534437338979,0.0764857431495096,0.1111869994151283,0.1591102217195226,0.2454421097915246,0.45561898927851896,0.5306374431832421,0.5154357173010908,0.4594606135129483,0.44985668492584213,0.4026213106099429,0.4716023539066132,False,-1.0,False
20,30,100,0.7204203820421672,80.99431937388677,2073363,2073363,0.0399847976451783,0.076643597864918,0.1113967983416314,0.1594144392467696,0.2457085421125003,0.4549245322310954,0.5314070024301445,0.5166027023895604,0.46061085186743106,0.4508395922635479,0.40410688941606226,0.4727134076733492,False,-1.0,False
20,30,50,0.715795842572804,80.10986502589859,2096254,2096254,0.0406787536243222,0.0775717064821343,0.1121977584777417,0.1603102486626143,0.2465941627302798,0.45143732935851144,0.5329398906430041,0.5195038663626603,0.465976372080163,0.456797689678283,0.41120082785397954,0.477283729323618,False,-1.0,False
20,20,300,0.7028578485350212,60.31089643214232,2784416,2784416,0.0542867876064496,0.0976035908427476,0.1302093509015894,0.1813259943916426,0.2627818544355441,0.35801552632500866,0.3930146241831775,0.3921758418796573,0.38754819090830467,0.387656057817571,0.38434003151051543,0.3889469492598452,False,-1.0,False
20,20,200,0.7028189942857976,60.28673337804053,2785532,2785532,0.054267192048054,0.0976061305344903,0.1302103153006319,0.1813438151132351,0.2627954013811365,0.3578773771444981,0.3933418013860195,0.3922410633642676,0.387627427816474,0.38765839157646204,0.38437883045856813,0.3890495029203582,False,-1.0,False
20,20,150,0.702533793109464,60.2495307205807,2787252,2787252,0.0543129935865146,0.0976298519114884,0.1302433364475117,0.1813976633616192,0.262885451333428,0.3576645227403072,0.3933991982879688,0.3926803493223455,0.38805534587513724,0.3880323135314013,0.3846956104042113,0.3893725634842128,False,-1.0,False
20,20,100,0.7020436348200787,60.17039017269587,2790918,2790918,0.0543613248400705,0.0977223264889903,0.1303323852581838,0.181528085024354,0.2630568149977892,0.35721110305047604,0.393873442278313,0.39303365080186,0.3885994267142186,0.3884993579417978,0.3851834876205817,0.3898378730713542,False,-1.0,False
15,15,50,0.7141191129192376,43.805398898152106,3833560,3833560,0.0488170264714782,0.0901900583269858,0.1191884305971473,0.1707676415655422,0.2415900625006521,0.2385800648240431,0.4360063341009016,0.42514550514605953,0.42822376666475154,0.411983100076702,0.43191484292316035,0.42665470978231507,False,-1.0,False
15,10,200,0.7112536516974745,29.379621329179297,5715888,5715888,0.0471791959534546,0.0820344975268934,0.1046668514148632,0.1455576106459748,0.212304194903749,0.04982122336645857,0.46251706863854725,0.4947661696544325,0.5205268118152122,0.5351221116128315,0.5379512629913155,0.5101766849424678,False,-1.0,False
25,20,150,0.6929644575281177,60.00136666690487,2798780,2798780,0.0540221096334831,0.0971591193305654,0.1296007546145106,0.1806433517461179,0.2624890130699805,0.35623988698640974,0.4179172665406954,0.4172595538317336,0.41278490661843376,0.412451677585545,0.4069685674710065,0.41347639440948286,False,-1.0,False
5,20,50,0.7752096597137574,61.31880584872536,2738648,2738648,0.0573144120748632,0.1023132582208447,0.1356034072286763,0.1882428848103151,0.2712210550607453,0.3637096414734206,0.19739949131018802,0.19739949131018802,0.19739949131018802,0.19739949131018802,0.19739949131018802,0.19739949131018802,False,-1.0,False
10,5,150,0.7169103746642136,27.015970621508192,6215976,6215976,0.0488277303515972,0.0844908345849469,0.1082282170973633,0.1503630322896999,0.2177003257412834,0.002141590958674978,0.42977121383511097,0.46331652738519336,0.4870584533563777,0.5004762824803508,0.507199828448891,0.4775644611011847,False,-1.0,False
10,5,100,0.7169342592623529,27.01521440119688,6216150,6216150,0.0488368202183023,0.0845011783821175,0.108240792130177,0.1503723365748896,0.2177091929892296,0.0021251126089825434,0.42960663013847855,0.46318395145398555,0.4869317271044527,0.5003809264984087,0.5071173982053332,0.47744412668013175,False,-1.0,False
10,5,50,0.7167872203411594,27.0104911554763,6217237,6217237,0.0488649539980541,0.0845414128494699,0.1082908694006678,0.1504256633613934,0.2177698871701368,0.0020221718854642463,0.42958034578548365,0.46319287963215944,0.4869565128383768,0.5004551884066641,0.5072321101343551,0.47748340735940786,False,-1.0,False
5,30,300,0.7752055889154708,85.34456603163729,1967678,1967678,0.0434588382855324,0.0824006773465983,0.118716578627194,0.1688391088379298,0.2582719327044364,0.471473005145626,0.3686811618073837,0.35209721164449226,0.2974601212763723,0.2873645065911453,0.2415235901057548,0.30942531828502967,False,-1.0,False
5,30,200,0.7750824512795982,85.28514272626025,1969049,1969049,0.0435245643963151,0.0825063266581989,0.1188304607960492,0.1689836057914252,0.2584694438787455,0.4712533049054484,0.368137930036676,0.3515457136872865,0.29705461560186,0.28696384492076044,0.24111993484517003,0.30896440781835055,False,-1.0,False
5,30,150,0.7749601376192495,85.20794252988458,1970833,1970833,0.0436307896204295,0.0826361239130865,0.1189197664134911,0.169128992664523,0.2586870627800529,0.4709676302237603,0.3670922754308323,0.35080482339868385,0.2967929204838228,0.2865572560358212,0.24064597484324046,0.3083786500384801,False,-1.0,False
5,30,100,0.7743764144035757,85.0053960230399,1975529,1975529,0.0437989014587991,0.0828517323714306,0.1191574509916078,0.1694498030654067,0.2590131554636758,0.47021677282053315,0.36629044691851315,0.35040614217213106,0.2966609285093857,0.2863462262811752,0.2408112897834242,0.3081030067329259,False,-1.0,False
5,30,50,0.7722061870570822,84.06370907146815,1997659,1997659,0.0445816828597873,0.0838411360497462,0.120080554288795,0.1704179742388465,0.2598816915199241,0.4666998850884707,0.36135923747426385,0.3474650409880732,0.2959366694078908,0.28660275297627136,0.2425973312447539,0.30679220641825067,False,-1.0,False
5,20,300,0.7769893615944642,61.79558884246581,2717518,2717518,0.0569298897008225,0.1018524992290759,0.1351700338323426,0.1877378549102526,0.2705468740225455,0.3663577328368326,0.1982615490345529,0.1970877147910462,0.19607602365103688,0.19584968040494127,0.195805162980139,0.19661602617234322,False,-1.0,False
5,20,200,0.7768918409067522,61.77351646447714,2718489,2718489,0.0569345691669158,0.1018484900987276,0.135189070104753,0.1877649679656603,0.270602897418382,0.36623577037075156,0.19841692374135983,0.19733207825019772,0.19617645576007137,0.19593720293306072,0.19582752086553118,0.19673803631004416,False,-1.0,False
5,20,150,0.7767978034744486,61.748712393563565,2719581,2719581,0.0569778947565819,0.1019212150695272,0.1352689991583262,0.1878782062383874,0.270696846315664,0.36609864134720416,0.1980869667156514,0.19697272502108487,0.19590849220506573,0.1956178322444294,0.19571305799721272,0.1964598148366888,False,-1.0,False
5,20,100,0.7764803975031539,61.66816861313788,2723133,2723133,0.0570758020265627,0.1020104416493796,0.1353496138455228,0.1879467510400704,0.2707991126397425,0.3656528265553439,0.19757068201239886,0.19697355307176345,0.19612483870048347,0.1959940332888932,0.19605863155563397,0.1965443477258346,False,-1.0,False
5,15,300,0.7821709556788083,44.32206340039991,3788872,3788872,0.0501518657795776,0.0922419654187314,0.1215712750391145,0.1736989267518142,0.2446546096041249,0.24335411856710423,0.27071764838404916,0.2604171281457329,0.26531744904712357,0.2496052808025651,0.2726861639676128,0.2637487340694167,False,-1.0,False
15,10,150,0.7112506455233375,29.379076500080306,5715994,5715994,0.0471784959886242,0.0820364751957402,0.1046710335945069,0.1455615593718258,0.2123102298567843,0.049811043406035704,0.4625322937973473,0.49475737902936395,0.520508605767223,0.5351103779674742,0.5379372757438075,0.5101691864610431,False,-1.0,False
5,15,200,0.7821628836043075,44.3163672272804,3789359,3789359,0.0501253642106752,0.0920432716984587,0.121379631753022,0.1734789445919481,0.2444772321651234,0.24330198159086697,0.2710628907311263,0.26197830847080766,0.26647055329671016,0.25064276923075046,0.27330810394525173,0.2646925251349293,False,-1.0,False
5,15,150,0.7820694552413433,44.30820565495453,3790057,3790057,0.0501514884868486,0.0920706469586077,0.1214140051191842,0.1735021399414309,0.2445092514439756,0.2432272597838443,0.2709442324679134,0.26196991809953435,0.26647116815778726,0.2507395068390039,0.27340329184751894,0.2647056234823516,False,-1.0,False
5,15,100,0.7819835796951422,44.28482502113628,3792058,3792058,0.0502125758624999,0.0923340307558586,0.121728887058162,0.1737323110564237,0.2447312251025696,0.24301307812359854,0.27037687172525043,0.2601116064211048,0.2647933016147606,0.24986018910732488,0.2728348278293473,0.2635953593395576,False,-1.0,False
5,15,50,0.781398833529737,44.16527080944991,3802323,3802323,0.0503594776140796,0.0925102891048445,0.1219065292454112,0.1739092128680283,0.245065187781259,0.24191499044744344,0.26983946382767954,0.2600208490135116,0.2650192876742166,0.25031855770056965,0.2729755677666134,0.26363474519651814,False,-1.0,False
5,10,300,0.7803304056010938,29.514307522719587,5689804,5689804,0.0479357461170894,0.0833503227879202,0.1061716712913133,0.1471762471958612,0.2141606283801691,0.05232729916129414,0.302135920202841,0.3335151053172512,0.36058178508856226,0.3765888828682653,0.38059753479636743,0.35068384565465743,False,-1.0,False
5,10,200,0.7803129360754796,29.51378362204641,5689905,5689905,0.0479428039659713,0.0833613214983378,0.1061791014085472,0.1471811919531169,0.214168602111986,0.052317591368614996,0.3020868714033876,0.33346785829532405,0.3605759581646719,0.3766041542398299,0.3806085651273542,0.3506686814461135,False,-1.0,False
5,10,150,0.7803080725454525,29.513036706713773,5690049,5690049,0.0479482689867872,0.0833671203885941,0.1061876620043166,0.1471894178767177,0.2141749570170661,0.05230375060934697,0.3020299503022877,0.33343344382539913,0.36053587162641376,0.3765766523769989,0.38059754878152097,0.35063469338252407,False,-1.0,False
5,10,100,0.7802710689101379,29.5108065595181,5690479,5690479,0.0479618675334712,0.0833843688729894,0.1062049433799861,0.1472023708373231,0.2142067477975052,0.05226242094244771,0.3019427593586093,0.3333803554024943,0.36051438690900156,0.3765975069515556,0.38057014827533336,0.3506010313793988,False,-1.0,False
5,10,50,0.7801079518732549,29.49988370838842,5692586,5692586,0.0480314219231821,0.0834592573568497,0.106297911002135,0.1473163514789236,0.2143249131414088,0.052059913760222815,0.30143961596581886,0.3331552305914189,0.3603202073878974,0.3764257300777451,0.3805242200215284,0.35037300080888173,False,-1.0,False
5,5,300,0.7638873576605338,27.05340421675829,6207375,6207375,0.0491716707948206,0.0849700557804224,0.1087796371251938,0.1503720977063573,0.2169525765722225,0.002956221647569828,0.32280932826316067,0.35688340931299656,0.38108104093097517,0.39772391720927597,0.4070369298292549,0.3731069251091326,False,-1.0,False
5,5,200,0.7638791815522287,27.05325167823617,6207410,6207410,0.0491750987932164,0.0849727986390459,0.1087822457353388,0.1503759216807009,0.2169566695288373,0.0029529063222657197,0.3227848299990134,0.3568799779193926,0.3810834615567956,0.39772406544216243,0.4070408621233129,0.37310263940813543,False,-1.0,False
5,5,150,0.7638763064028121,27.053099141434195,6207445,6207445,0.0491786878498319,0.0849773135323792,0.1087867874785841,0.1503800678056752,0.2169607624392966,0.0029495909998527923,0.322746750846481,0.35685119065689963,0.3810628386805284,0.3977111301802735,0.4070332045736405,0.37308102298756457,False,-1.0,False
10,5,200,0.7169184519934998,27.016257474770388,6215910,6215910,0.048825513882923,0.0844883532740982,0.108225987828009,0.1503596416293028,0.217697810939991,0.0021478413857938185,0.42978095199879957,0.4633181429421839,0.487054001167853,0.5004743413694877,0.5071907356497932,0.47756363462562346,False,-1.0,False
10,5,300,0.7169317376331347,27.016453060032678,6215865,6215865,0.0488239368132995,0.0844854256004594,0.1082204970667799,0.1503557429255622,0.2176934344616558,0.0021521030465178697,0.4297713989307171,0.4633118385877526,0.4870574853569654,0.5004633681185727,0.5071765977960232,0.4775561377580062,False,-1.0,False
10,10,50,0.7364697710065156,29.421103014824023,5707829,5707829,0.0474581491491773,0.0825578341607641,0.1052578835140296,0.1462440448023232,0.2131186831280334,0.05059528806392778,0.4039363978697767,0.43556823394295674,0.46189259284065864,0.4768073461213178,0.4800440071027807,0.45164971557549816,False,-1.0,False
10,10,100,0.7366652264766701,29.43334493042185,5705455,5705455,0.0473986737254084,0.0824730017150253,0.1051625155224254,0.1461453994466699,0.2130007159814598,0.05082334765678098,0.40424424758276617,0.4357999027351803,0.46203028950704933,0.47683732378821175,0.48001855548025807,0.45178606381869313,False,-1.0,False
15,10,100,0.7111904003937872,29.37642460172378,5716510,5716510,0.0471931300741186,0.0820610827235498,0.104697796382758,0.1455991505306559,0.2123584144871608,0.04976148861203053,0.46248311739265935,0.49469793777555277,0.5204817603478644,0.5350678247239167,0.5379048396419934,0.5101270959763973,False,-1.0,False
15,10,50,0.7109131315915345,29.36339819613271,5719046,5719046,0.047267149101441,0.0821635286724394,0.1048229022812546,0.145725178639934,0.2124945314305917,0.04951795193491473,0.4621743664033414,0.49450831673974766,0.5203467478199346,0.5350897767450309,0.5380473347861041,0.5100333084988318,False,-1.0,False
15,5,300,0.689681127499853,26.98939360797493,6222097,6222097,0.0487231234100014,0.0842781782411942,0.1079978341706984,0.150098913597779,0.2174053217106708,0.0015619556572899972,0.4905982367819921,0.5245024723157442,0.5479573811264494,0.5612346857602986,0.5677387972775568,0.5384063146524082,False,-1.0,False
15,5,200,0.6896779153612782,26.98921576474196,6222138,6222138,0.0487216773398468,0.0842760157360701,0.1079958368007909,0.1500967995245364,0.2174054963101107,0.0015580734103383567,0.4906231350853546,0.5245262945229516,0.5479762382306249,0.5612515096370387,0.5677452254608171,0.5384244805873574,False,-1.0,False
15,5,150,0.6896745985074341,26.988972860698333,6222194,6222194,0.0487226852778939,0.0842778286887229,0.1079990434242326,0.1501023593928444,0.2174080396721799,0.0015527708355007627,0.49061792763005396,0.5245194627477592,0.5479644914646278,0.5612329859870571,0.5677438126692271,0.538415736099745,False,-1.0,False
15,5,100,0.6896288528111371,26.98830489712244,6222348,6222348,0.048730479233884,0.0842869926272204,0.1080100309400888,0.1501108584733608,0.2174193728798196,0.0015381887925888927,0.49062160253361575,0.5245482918979452,0.5479994104656638,0.561293602414295,0.5678052208413606,0.5384536256305761,False,-1.0,False
15,5,50,0.6894904620842679,26.98335692406623,6223489,6223489,0.0487665359414951,0.0843568615610954,0.1080896905256842,0.1501929223302234,0.2175098244730568,0.0014301508418770414,0.49047847218247626,0.524308099408771,0.5478300173780732,0.5612157305673924,0.5677996465363406,0.5383263932146107,False,-1.0,False
10,30,300,0.7440399833539458,83.2654249704112,2016811,2016811,0.0412200250791968,0.0788199786692952,0.1142873576155623,0.1631169207228639,0.2508321305268565,0.4636842973143137,0.4644961704480547,0.4480538866985401,0.39184292838647283,0.38203302110387505,0.3350099705506143,0.4042871954375114,False,-1.0,False
10,30,200,0.7438631839480381,83.20012098727999,2018394,2018394,0.0412778674530344,0.0789290891669317,0.1144038279939397,0.1632297757524051,0.2509599216010352,0.46343618453711727,0.4641677177751924,0.4475928268131616,0.3915394139256302,0.38189637767124746,0.33496116435500717,0.4040315001080478,False,-1.0,False
10,30,150,0.743375920852681,83.11706133059066,2020411,2020411,0.0414351337425899,0.0791007374242171,0.1146123239281512,0.1635028714454633,0.2512147280924525,0.4631202976145034,0.4632890541161392,0.4473247457263983,0.3913694598235041,0.381695653692959,0.3351584376772201,0.40376747020724413,False,-1.0,False
10,30,100,0.7427401043490102,82.92002269392044,2025212,2025212,0.0416129274367325,0.0793546552163427,0.1148373602368542,0.1637566832509386,0.2515874881247,0.46236952086255545,0.4624814419859604,0.4467423590244936,0.3914263034128139,0.38190912676212785,0.33527866244363036,0.4035675787258052,False,-1.0,False
10,30,50,0.7392274111200003,82.03967719683587,2046944,2046944,0.0421990049556802,0.0801844114934263,0.1156006221958197,0.1646859904325668,0.2524983585286163,0.4589905187373706,0.46291690980390565,0.4479766255942552,0.39458424187061464,0.3852809908127055,0.33985564229949505,0.40612288207619524,False,-1.0,False
10,20,300,0.7377217306439479,61.14154179658544,2746588,2746588,0.0554269515486123,0.0994000556326613,0.1323773350790144,0.1841357349555157,0.2662448827417872,0.3627177578495293,0.3026944370522177,0.30199390178645913,0.29847694549437986,0.29840378059514355,0.296315862713061,0.29957698552825224,False,-1.0,False
10,20,200,0.7376894555492058,61.11521848072492,2747771,2747771,0.0554736912209933,0.0994478797541716,0.1324065942904266,0.1841885659321682,0.2663260511883996,0.36257012206917316,0.30218724056512763,0.3016929512295125,0.2983741555692512,0.29822942178952005,0.2961099034170051,0.2993187345140833,False,-1.0,False
10,20,150,0.7373991690425481,61.091273508029545,2748848,2748848,0.055477058025762,0.099487130608895,0.1324489386099195,0.1842444544041722,0.2663828629302165,0.3624357479701241,0.30278030408107054,0.3020227166013149,0.2987579538886526,0.29860500379704225,0.2965510381789108,0.2997434033093982,False,-1.0,False
10,20,100,0.7369576697978601,61.00343613026127,2752806,2752806,0.0555048194460488,0.0995384346009126,0.1324579356482076,0.184295951113155,0.2664760974801711,0.36194219056191246,0.3034024297595492,0.3025894595128577,0.29966994054548285,0.2993315571524677,0.29719869844409863,0.3004384170828912,False,-1.0,False
10,20,50,0.7351451102450582,60.6371644892061,2769434,2769434,0.0557081338641758,0.0997954816760392,0.1327097883538658,0.1846276170509931,0.2669068842225523,0.3598733111199648,0.3048521761038879,0.3045555908531926,0.302140728870683,0.30175692517623937,0.29969406479196325,0.3025998971591932,False,-1.0,False
10,15,300,0.7392993288244223,44.1508957001084,3803561,3803561,0.0489812047184204,0.090592999560149,0.119738581818459,0.1715261040903511,0.2422650773840619,0.24178262997973105,0.37892292889203705,0.36696134771912353,0.36991025937972916,0.3534129093882902,0.37456124529191537,0.3687537381342191,False,-1.0,False
10,15,200,0.7392151680835614,44.14428025743593,3804131,3804131,0.048993843797703,0.0905962491827962,0.119734047013628,0.1715075006617805,0.2422787227884633,0.24172169385600858,0.3789507023607735,0.3671201121596008,0.3701211361623544,0.35368316388107995,0.3746987667900132,0.3689147762707644,False,-1.0,False
10,15,150,0.7391149787832219,44.13563674611209,3804876,3804876,0.049012635365778,0.0906202987955455,0.1197600132041096,0.1715425154459698,0.2423516561380712,0.24164205429591837,0.37893746792482974,0.3671523388289998,0.3701863442739141,0.35373988855608274,0.374669350324086,0.3689370779815825,False,-1.0,False
10,15,100,0.7389969182161075,44.10926306836792,3807151,3807151,0.0490878875043306,0.0906859223603161,0.119829237138217,0.1716136291941139,0.2424429711351086,0.24139889485708205,0.37826538167104373,0.36690067624786005,0.3700343309327046,0.3536683317297348,0.37461638476475395,0.3686970210692194,False,-1.0,False
10,15,50,0.7381276593876331,43.99065362538429,3817416,3817416,0.0492686676013303,0.090902589605115,0.1200461254419219,0.1718219863907941,0.2427836002154337,0.24030239512262627,0.37793125136271716,0.3671180641752373,0.3706498477490154,0.354602930470597,0.37535647119127424,0.3691317129897682,False,-1.0,False
10,10,300,0.7367504413060982,29.436837857669484,5704778,5704778,0.0473774790184648,0.0824415954485871,0.1051276666681858,0.1461033190073303,0.2129521955105001,0.050888387165737875,0.4043199280552366,0.4358575656065138,0.4620504498816085,0.47684609570606973,0.4799975420484906,0.45181431625958385,False,-1.0,False
10,10,200,0.7367225302428437,29.436409581232567,5704861,5704861,0.0473829248425158,0.0824482840160347,0.1051329734414212,0.1461141647447676,0.2129657497351819,0.05088041326621109,0.40431363531000125,0.43586663083065197,0.46208003277494075,0.4768568394170885,0.48001239004834867,0.45182590567620623,False,-1.0,False
10,10,150,0.7367044426373958,29.43527961045244,5705080,5705080,0.0473863644331017,0.082453006793945,0.1051394546614596,0.1461202998029826,0.2129712466783989,0.050859373800531064,0.40431066421972234,0.4358694891076454,0.46208117928147396,0.47686794390849135,0.48003320969522756,0.4518324972425122,False,-1.0,False
25,20,100,0.6921956220242967,59.923838522752455,2802401,2802401,0.05408076859807,0.0972355490880855,0.12967309103872,0.1807971093358873,0.2626836773181282,0.3557931103074919,0.41887314574132684,0.418346796876373,0.4140373046902768,0.41341983543091376,0.40798636307219305,0.4145326891622167,False,-1.0,False
25,20,200,0.6930689051314384,60.03946544230899,2797004,2797004,0.0539942023679622,0.0971282129020909,0.1295886598660567,0.1806171889636196,0.2624347337365266,0.3564591418697066,0.4180338724180543,0.41727128328321605,0.41262820211412576,0.41234460459397876,0.40692512290862054,0.4134406170635991,False,-1.0,False
45,50,450,0.7444608303108204,109.0458603896104,1540000,1540000,0.0230506493506493,0.0481584415584415,0.0723032467532467,0.108588961038961,0.1861116883116883,0.5486878568524789,0.6881729601509199,0.6853247201535309,0.6396718596551633,0.6339050923531127,0.5545800761402795,0.6403309416906012,False,-1.0,False
35,15,50,0.6694551055356884,43.36374826860686,3872604,3872604,0.0483287214494433,0.0892567378435801,0.1179686846370039,0.1691399378815908,0.2395233284890476,0.23442536872725653,0.5396956690441497,0.530049163355937,0.5331038191004918,0.5171824067316155,0.5366090676451105,0.5313280251754608,False,-1.0,False
35,30,50,0.7056564757545593,78.85592189662977,2129588,2129588,0.0398114564882972,0.0761090877672113,0.1102804861785472,0.157345927944748,0.2413152215358088,0.4464163986322207,0.5658294842183487,0.553034750088867,0.4995045823978469,0.49270899441640775,0.45135385893390567,0.5124863340110751,False,-1.0,False
35,20,450,0.6808945260611455,59.71824281867065,2812049,2812049,0.0535794362047034,0.0964328857711938,0.1287445560159158,0.1792251841984261,0.2591583574823909,0.35460433120605606,0.449778944083561,0.44929088671482387,0.44424740767854487,0.44541598042197983,0.4447051407193266,0.4466876719236472,False,-1.0,False
35,20,300,0.6808649501307728,59.70896388462023,2812486,2812486,0.0536088001860275,0.0964694579813019,0.1287853521759752,0.1792798257484659,0.25921942367002,0.3545505423401979,0.4494806321130166,0.44907144401992505,0.44407036175264963,0.4452273263335213,0.44456176455339425,0.44648230575450143,False,-1.0,False
35,20,200,0.6807200859758187,59.68252306900586,2813732,2813732,0.0536241546813982,0.096497463155695,0.1288086427563108,0.1793340659309415,0.2592826893250672,0.35439720297260907,0.4496075613017674,0.4491706192899701,0.44424909939294943,0.44529259882565997,0.44466296105629355,0.44659656797332803,False,-1.0,False
35,20,150,0.6805448765549981,59.65057496006556,2815239,2815239,0.0536661363386909,0.0965594750570022,0.1288682772581653,0.1793645228699943,0.2593321561686237,0.3542117961227054,0.4494716912120158,0.44907196362818363,0.44427885197383765,0.44553447749140884,0.4448775142873014,0.44664689971854943,False,-1.0,False
35,20,100,0.6799323462920372,59.56826558841401,2819129,2819129,0.0537094967984792,0.0966419060638942,0.1289341495192309,0.1794912542136241,0.2594652461806466,0.3537334731263914,0.4502749343514963,0.44977084126891737,0.44522780384694904,0.4462861839852883,0.4457633362861524,0.44746461994776066,False,-1.0,False
35,20,50,0.6768449462429912,59.18239054664125,2837510,2837510,0.0539032461559606,0.0968588656956275,0.1291364611930883,0.1797047411286656,0.2597837540660649,0.3514784354893388,0.4546302247109344,0.4548356952804831,0.450779422300461,0.45204673875821805,0.45142852288055196,0.4527441207861297,False,-1.0,False
35,15,450,0.6715405797586913,43.55735254867794,3855391,3855391,0.0480721669994042,0.0889608861980535,0.1176770397606883,0.1686518954886806,0.2380845418791505,0.23625516157782597,0.5383073383559238,0.5277877814626053,0.5302720931189135,0.5148853018070374,0.5369510654038405,0.5296407160296642,False,-1.0,False
35,15,300,0.6715415312784168,43.55300333836821,3855776,3855776,0.0480746288166117,0.088966786452325,0.1176831849153062,0.1686547662519814,0.2381077116512992,0.23621420317322264,0.5382748267187767,0.5277398655491068,0.5302336036712734,0.5148699125174427,0.5368700499944534,0.5295976516902107,False,-1.0,False
35,15,200,0.6714222557769398,43.54503015961179,3856482,3856482,0.0480863128623444,0.0889720216508206,0.1176891270333946,0.1686570817651942,0.2381460616178164,0.23613909882612139,0.5383911804441514,0.5279599800591389,0.5304591811889379,0.5151199613799402,0.537000182555093,0.5297860971254522,False,-1.0,False
35,15,150,0.6712164568248399,43.53327899794765,3857523,3857523,0.0481132581711113,0.0889902665518779,0.1177193240325462,0.1689200556937703,0.2391736873636268,0.23602836609610728,0.5385080598853422,0.5282682046624705,0.530730227076064,0.5143507696334155,0.5339492152024699,0.5291612952919524,False,-1.0,False
35,15,100,0.6709495866041897,43.50420494178779,3860101,3860101,0.0481616931784945,0.0890354941489872,0.1177541727535108,0.168949465311918,0.2392188701798217,0.23575418623045402,0.538492824965633,0.5285003430316485,0.5311072383059496,0.5147979105942149,0.5343787702043898,0.5294554174203672,False,-1.0,False
35,10,450,0.6627225163252709,29.24896554354749,5741421,5741421,0.0469265361310379,0.0814580571604137,0.103954752664889,0.1446706311904317,0.2112025925289227,0.047370078269902346,0.5717486021547589,0.6053525189750846,0.6308542138927791,0.6453424900448702,0.6478125449824965,0.6202220740099978,False,-1.0,False
25,45,200,0.735974426946903,100.84651485398238,1665210,1665210,0.0246947832405522,0.0521760018255955,0.0777979954480215,0.116493415244924,0.1993772557215005,0.5239634695585432,0.686403991253574,0.67266936720075,0.6256710093402678,0.6158146047498021,0.5279414570162438,0.6257000859121276,False,-1.0,False
35,10,300,0.6627167172352132,29.248766864177405,5741460,5741460,0.0469291782926294,0.0814588972142974,0.1039557882489819,0.1446693001431691,0.2112013320653631,0.047366335798859106,0.5717286207417634,0.6053586722170883,0.6308607573379394,0.6453613399078513,0.6478295182557481,0.620227781692078,False,-1.0,False
35,10,200,0.6627065765040602,29.24824215984393,5741563,5741563,0.0469349548197938,0.0814638801315948,0.1039655926443722,0.1446780258267652,0.2112121734099234,0.04735645185868497,0.5716793870773249,0.6053421346055639,0.6308248395450675,0.645343059209357,0.6478147555204883,0.6202008351915603,False,-1.0,False
35,10,150,0.6626687547047323,29.247121495187123,5741783,5741783,0.0469432578695502,0.0814738209368065,0.1039731038250661,0.144687982809521,0.2112314241064143,0.047335340636123276,0.5716594441399403,0.6053476039621246,0.6308630304848624,0.6453795920009702,0.647831865528011,0.6202163072231818,False,-1.0,False
35,10,100,0.6626395146304552,29.244055388135767,5742385,5742385,0.046963587429265,0.0815070741512455,0.104009570936118,0.1447254059071274,0.2112705783398361,0.04727757339218516,0.5714720749629698,0.6051532102261794,0.6307108991597312,0.6452700285291078,0.6477624049101124,0.6200737235576201,False,-1.0,False
35,10,50,0.6623105753848818,29.22955357431917,5745234,5745234,0.047024368372115,0.081613560039504,0.1041379689669733,0.1448621587910953,0.2114272456091431,0.04700420120141559,0.5714399358848485,0.6050451774460495,0.6306693533855683,0.645355232484766,0.6479478611060984,0.6200915120614661,False,-1.0,False
35,5,450,0.637018851557683,26.925780172097955,6236797,6236797,0.0486567063189646,0.0840346414994748,0.1077107367772271,0.1497220448252524,0.2161332170984561,0.00017027998846576634,0.606559883457207,0.6415350079744182,0.6647990325022904,0.6781224991894815,0.6872132616123243,0.6556459369471442,False,-1.0,False
35,5,300,0.6370086132692822,26.92573268248758,6236808,6236808,0.0486580635478918,0.0840364173468222,0.1077129518817959,0.149724025495093,0.2161345996221144,0.0001692387872273967,0.6065654913201557,0.6415435974521668,0.6648082933295523,0.6781357017464604,0.687230936580764,0.6556568040858198,False,-1.0,False
35,5,200,0.636995212155686,26.92540889415434,6236883,6236883,0.0486571577501133,0.0840362084714431,0.1077140616554775,0.1497244697391309,0.2161368106472415,0.00016213969537915104,0.606605988304943,0.6415745202343718,0.6648310182553707,0.6781629423817834,0.6872527041939209,0.6556854346740779,False,-1.0,False
35,5,150,0.6369891332155014,26.92508511360827,6236958,6236958,0.048667635728828,0.0840489867015298,0.1077262344880308,0.1497340530431662,0.216146076340421,0.00015504061661931177,0.6064897579451153,0.6414885448558089,0.6647721871673176,0.6781318050578082,0.6872344287155399,0.655623344748318,False,-1.0,False
35,5,100,0.6369378593443982,26.923893668251026,6237234,6237234,0.0486747811610082,0.0840646671264858,0.1077419894780282,0.1497546829251556,0.2161655310671364,0.00012891611948292027,0.6065135362249583,0.6414788381417715,0.6647909464399535,0.6781482697436378,0.6872802552011635,0.6556423691502969,False,-1.0,False
35,5,50,0.6368082169590755,26.918015688145218,6238596,6238596,0.0487040673895216,0.0841184458810924,0.1078021400969064,0.1498154392430604,0.2162271767557957,0.0,0.6064349703832193,0.641344513193678,0.6647180134780858,0.6781500525290789,0.6873536897891159,0.6556002478746356,False,-1.0,False
25,45,450,0.7366603300623065,100.98198951758776,1662976,1662976,0.024552368765394,0.051894314770628,0.0774978111530172,0.1161225417564655,0.1989631840748152,0.5243864196526618,0.6866647613656508,0.6733579673208253,0.6259498962005188,0.6160343216857376,0.5278524638463872,0.6259718820838239,False,-1.0,False
35,30,100,0.7111708722263074,79.73217202295716,2106184,2106184,0.0392653253466933,0.0753371975098092,0.1096176782275432,0.1566297151625879,0.2405677756549285,0.44993464743062905,0.5605237095313866,0.546974439243287,0.49137495208043197,0.4839727043276713,0.44184360469129325,0.504937881974814,False,-1.0,False
35,30,150,0.7125198050508533,79.91361243588804,2101402,2101402,0.0390682030377814,0.0750984342833974,0.1093922057750016,0.1564032012913283,0.2402905298462645,0.4506575465408388,0.5600110928468194,0.5458799438393631,0.48976153713952897,0.4820735223074272,0.4398388256877709,0.5035129843641819,False,-1.0,False
35,30,200,0.7128816231861178,80.00292750646004,2099056,2099056,0.0389813325609226,0.0750132440487533,0.109321999984755,0.1562893033820917,0.2401798713326371,0.4510127014552119,0.5602938459210232,0.5457506572343273,0.4893864169872553,0.4818104761341324,0.43942474009879934,0.5033332272751075,False,-1.0,False
35,30,300,0.7133424884947244,80.05800167047099,2097612,2097612,0.0389371342269209,0.0749132823420156,0.1091979832304544,0.1561461318871173,0.2400267542329086,0.45123147185657964,0.5598325597995103,0.5455195648293003,0.48911356164864644,0.48146658617094823,0.4389387463924484,0.5029742037681708,False,-1.0,False
40,60,450,0.7689434123996349,142.69489085704137,1176851,1176851,0.0171593515236848,0.0397306031094845,0.0604902404807405,0.1009397111444014,0.1746142884698232,0.636982865615582,0.7074683572289204,0.6972668636284403,0.6561333664572813,0.6158384517450562,0.5402208861967635,0.6433855850512924,False,-1.0,False
40,55,450,0.7606104851251679,138.37611580932793,1213581,1213581,0.0182600090146434,0.0432694645021634,0.064698606850305,0.1054152957239772,0.1798322485272923,0.6265138434021613,0.7120818982072223,0.6879946735777112,0.6494185637941379,0.6133086810772015,0.5406633759083216,0.6406934385129188,False,-1.0,False
40,50,450,0.7430467730077539,109.45510877684224,1534242,1534242,0.0231554083384498,0.0482785636164307,0.0725283234326788,0.108982807145157,0.1866426548093455,0.5498789502500163,0.6899696946312821,0.68748325514235,0.6414300074566736,0.6351709082945137,0.5558628649542022,0.6419833460958044,False,-1.0,False
65,90,800,0.8385044554816196,215.3103031359823,779947,779947,0.020244965363031,0.0429875363325969,0.0597540602117836,0.0932076153892508,0.164227825736877,0.7937216474196063,0.5172381280916375,0.5198776549052264,0.5084070548783495,0.4995964704813868,0.42351752973759504,0.493727367618839,False,-1.0,False
65,90,700,0.8384696354520701,215.2838048671676,780043,780043,0.0202463197541673,0.0429873737729843,0.0597582440967997,0.0932102461018174,0.1642460736138905,0.7936687196028298,0.5172975164801248,0.5199550481432482,0.5084583964465104,0.4996604048800515,0.42353149309981153,0.49378057180994916,False,-1.0,False
65,75,800,0.8269696261488798,206.52294889027996,813133,813133,0.0208034847927706,0.0445068641907289,0.0609900225424377,0.0983541437870557,0.1711171481172206,0.7760516978676941,0.5355538243097031,0.5332946310023575,0.5263038949082015,0.5009568263016717,0.4252666349918436,0.5042751623027555,False,-1.0,False
65,75,700,0.8269500907136306,206.49247528137,813253,813253,0.0208077929008561,0.044507674733447,0.0609933194221232,0.098371601457357,0.1711275580907786,0.775989990846041,0.5355432827532993,0.5333310466036476,0.5263270736473868,0.5009186045720317,0.42527388240908454,0.50427877799709,False,-1.0,False
55,90,800,0.8285717150561124,216.68915100182716,774984,774984,0.0203720334871429,0.0431983111909407,0.0600244650212133,0.0935025755370433,0.1649027592827723,0.7964729357154061,0.5373843166661713,0.5399571868183544,0.5285218646420807,0.5199459465983959,0.4429350739892019,0.5137488777428408,False,-1.0,False
55,90,700,0.8286672337298622,216.65141094464204,775119,775119,0.0203633248572154,0.0431882072301156,0.0600114305029292,0.0935069324839153,0.1648895201898031,0.7963977044684638,0.5372831248207105,0.539826836642173,0.528390250307533,0.5197169059974016,0.44277133531411844,0.5135976906163873,False,-1.0,False
55,75,800,0.8164369954089373,207.77270297757357,808242,808242,0.020934324125695,0.0449729165274756,0.0614135370347,0.0987686856164366,0.1715946461579576,0.7785797161477099,0.556964994302054,0.5527026647168897,0.5468231529772406,0.5220635188765752,0.44666840290448706,0.5250445467554493,False,-1.0,False
55,75,700,0.8164201230198701,207.7624207887841,808282,808282,0.0209320509426165,0.0449756396901081,0.0614129722052452,0.098736579560104,0.1715898659131342,0.7785589381882204,0.5570299835200228,0.5527183998523131,0.5468633892424436,0.5222492526423562,0.4467215780319324,0.5251165206578137,False,-1.0,False
50,60,700,0.7781426356177362,141.56940989220263,1186207,1186207,0.0168815392254471,0.0392283977417095,0.0598715064065546,0.099969904072392,0.1732530662860698,0.6342734885533095,0.6907893210261549,0.6810550392836732,0.6396861111490966,0.6002213331264884,0.524745156751942,0.627299392267471,False,-1.0,False
50,60,450,0.7780071511672212,141.5436357858875,1186423,1186423,0.0169332523054593,0.0392844710529044,0.0599255071757712,0.1000570622787993,0.1734094838013086,0.6342112900858177,0.6904463034363568,0.6809156623848364,0.6396623881265153,0.6001134895459952,0.5245084948157958,0.6271292676618999,False,-1.0,False
50,45,700,0.741172140975041,98.73323781257864,1700852,1700852,0.0236516757483896,0.0502842105015603,0.0754439539713038,0.1133161497884589,0.1947970781702346,0.5172964781996567,0.6879338790827485,0.6760012852444448,0.6282540578287659,0.6191801749960272,0.5321809845902441,0.628710076348446,False,-1.0,False
50,45,450,0.7410614866550699,98.72772343876676,1700947,1700947,0.023693272041986,0.0503572421715667,0.075517344161811,0.1133956554789773,0.1948796758511582,0.5172789069447876,0.6876616295022822,0.6756758805688239,0.628061167094852,0.6190535200371878,0.532141524272826,0.6285187442951944,False,-1.0,False
35,60,700,0.7637796490976311,143.5598969019286,1169760,1169760,0.0172214813295034,0.0397637122144713,0.0607329708658186,0.1015208247845712,0.1754291478593899,0.6390564861822827,0.7179903896068595,0.7082996959241452,0.6659852651098201,0.6244344395802646,0.5487348520952977,0.6530889284632775,False,-1.0,False
35,60,450,0.763795576637062,143.53437444442926,1169968,1169968,0.0172791050695403,0.0398207472341123,0.0607597814641084,0.1015344009408804,0.175427874950426,0.6389954098662166,0.7172432619016063,0.7078218013620302,0.6657915927235645,0.6243366764475237,0.5487043647286576,0.6527795394326764,False,-1.0,False
35,45,700,0.7373755594538565,99.80217040534636,1682635,1682635,0.0240777114466298,0.0509557925515634,0.0762375678623112,0.1144728357605779,0.1965833350667257,0.5206852471745854,0.690968362839029,0.6790850044272613,0.6318528585255703,0.6221186010487506,0.5343963815948334,0.6316842416870889,False,-1.0,False
35,45,450,0.7371794851872409,99.76914398357408,1683192,1683192,0.0240774670982276,0.0509514066131493,0.0763115556632873,0.1141218589441965,0.1945119748668007,0.5205810563697661,0.6914000795022679,0.679547772336791,0.6318431889671555,0.624174429560493,0.5418818082599929,0.63376945572534,False,-1.0,False
35,45,300,0.7369352234253785,99.72358326588324,1683961,1683961,0.0241205111044733,0.0510546265620165,0.0764447632694581,0.1142550213455062,0.1947016587676318,0.5204372698063586,0.6914020532447047,0.6792799720660659,0.6315880086346128,0.6240911404303804,0.541769644466255,0.6336261637684037,False,-1.0,False
35,45,200,0.736317974658271,99.63619249121,1685438,1685438,0.024237616572072,0.0512620458302233,0.076633492302891,0.1144634213777071,0.1949042326089716,0.5201612983733238,0.6913040294568594,0.6790182078813948,0.6318193705157749,0.6244745465259471,0.5424290647901969,0.6338090438340347,False,-1.0,False
35,45,150,0.7356753671269392,99.4952823900582,1687825,1687825,0.0243840445543821,0.0514093581976804,0.0768806007731844,0.1148075185519825,0.1952803163835113,0.5197158405932665,0.6908989858796041,0.6792788222509727,0.6317602879987564,0.6242843035335678,0.5425528140813853,0.6337550427488573,False,-1.0,False
35,45,100,0.7340187206702312,99.16807606499135,1693394,1693394,0.0246652580557153,0.0518892827068006,0.0773051044234242,0.1153440959398698,0.1958805806563623,0.5186791595667606,0.6910449111048063,0.6791726654174104,0.6328672594513831,0.6254188119263867,0.5441299147621239,0.6345267125324222,False,-1.0,False
35,45,50,0.7263782546678084,97.67207419630076,1719331,1719331,0.0257140713451918,0.0534347371157735,0.0790755241428206,0.1173380809163564,0.1980107378974729,0.5138978687395117,0.69478531801375,0.6838720555448075,0.6390829012835031,0.6328797685157528,0.5535779664241522,0.6408396019563931,False,-1.0,False
35,30,450,0.7134999192171947,80.08044972303607,2097024,2097024,0.0388913050112921,0.0748570354941097,0.1091627945126045,0.1560935878654703,0.2399462285600928,0.45132059217358916,0.5600548619688168,0.5456123065654204,0.488977843043322,0.4813659747525193,0.4388688759828134,0.5029759724625784,False,-1.0,False
25,45,300,0.7364380880197984,100.92573004556156,1663903,1663903,0.024589173767942,0.0519561536940554,0.0775736325975733,0.1161966773303491,0.1990620847489306,0.524210841970908,0.6866957133942411,0.6733634874059362,0.6259865757488101,0.6161765377150102,0.5280014373995592,0.6260447503327115,False,-1.0,False
25,45,150,0.7351891022748388,100.698479544367,1667658,1667658,0.0248258335941781,0.0523836422096137,0.0780129978688676,0.1167007863722657,0.199635656711388,0.5235007046205903,0.6865010713469639,0.6727733659666755,0.6261141863141433,0.6165702615252566,0.5287781655229251,0.6261474101351929,False,-1.0,False
25,20,300,0.6932902666867312,60.05898404739467,2796095,2796095,0.0539963770901918,0.0970864723838067,0.1295388747521096,0.1805500170773883,0.2623412294646641,0.35657139332485843,0.41752300578968515,0.4171115559162515,0.41243918661060486,0.4121720299282332,0.4067596899334223,0.41320109363563945,False,-1.0,False
5,45,200,0.776491601279409,109.8688781678862,1528464,1528464,0.0294341247160548,0.0602133906981126,0.0879000094212228,0.1297629515644464,0.2184506798982508,0.5510793903958077,0.5392329841873187,0.5216451138970113,0.4772315784361877,0.46571025993173687,0.37437529527007496,0.47563904634446585,False,-1.0,False
10,45,300,0.7506236629849172,105.54094166328336,1591142,1591142,0.0266512982499362,0.0556028311740875,0.0822579003005388,0.1223837972977898,0.2080141181616725,0.5383271571493619,0.6301898944867905,0.6140193519796089,0.5672177473386465,0.5564776832309974,0.4664882617072318,0.5668785877486551,False,-1.0,False
10,45,200,0.7502416893863052,105.436309937522,1592721,1592721,0.0267535871003144,0.0557655735059687,0.0824777220869191,0.1226398094832679,0.2083189711192355,0.5380132929587949,0.6297606182672741,0.6135902510039591,0.5667504847463188,0.5561259539312831,0.46628483158543765,0.5665024279068546,False,-1.0,False
10,45,150,0.7496422357198858,105.29437232422995,1594868,1594868,0.0269075559858245,0.0560265802561716,0.0827328656666257,0.1229167554932445,0.2086298050998578,0.5375870837710471,0.6291680079125817,0.6128732908654637,0.5665494440212302,0.5561526729778549,0.46653652303766424,0.5662559877629589,False,-1.0,False
10,45,100,0.7482269667136761,104.88957685180038,1601023,1601023,0.0271838693135576,0.0564239239536221,0.0831830648279256,0.1235453831706352,0.2093074240657379,0.5363687775625341,0.6288467586561299,0.6128809075551174,0.5669764267745652,0.556332688284594,0.467322344033211,0.5664718250607235,False,-1.0,False
10,45,50,0.7433202793243058,103.28776850537442,1625852,1625852,0.0283408329909487,0.0580852377707196,0.0850495617067236,0.1257359218428245,0.2114718928906198,0.5315064874527444,0.6252731616771785,0.6107031303379814,0.566645701423796,0.5569052942735955,0.47067637710649224,0.5660407329638087,False,-1.0,False
10,30,450,0.7441611916707919,83.2875186730388,2016276,2016276,0.041204180380067,0.0787714578758066,0.1142303930612674,0.1630500983000343,0.2507082363724014,0.46376818993632635,0.46442702186537255,0.44816580594343375,0.3919154246533264,0.3820778010689488,0.3351670448756241,0.40435061968134106,False,-1.0,False
10,20,450,0.7378506328632369,61.14926730756696,2746241,2746241,0.0554328625929042,0.0994016912572494,0.1323838658005615,0.1841316912827388,0.2661987786213955,0.36276106991127754,0.3023395374832968,0.3016993641720774,0.2981564205905987,0.2981406956714412,0.29619109925310966,0.2993054234341047,False,-1.0,False
10,15,450,0.7393414549773825,44.15471498977712,3803232,3803232,0.0491747545245727,0.0907875196674828,0.1199282610158938,0.1717115863560256,0.2424238121681769,0.24181780339975767,0.37643829905009657,0.3653581339361299,0.3686943363006225,0.35246090710474504,0.3739283615584492,0.36737600759000866,False,-1.0,False
10,10,450,0.7367474463526116,29.437039100298893,5704739,5704739,0.0475027867182004,0.0825759075042697,0.1052610820582677,0.1462347357170941,0.2130767069273458,0.0508921339450381,0.4027775113573975,0.43482072448515857,0.46126653342046736,0.47624339457829623,0.4795799034767643,0.45093761346361677,False,-1.0,False
10,5,450,0.716936147993101,27.016448713662747,6215866,6215866,0.0489394398141787,0.0846110582177929,0.1083448388366158,0.150483939003833,0.21700049518442,0.002152008342894499,0.4283339900062871,0.4623262318276904,0.4863111376733413,0.4998594069175485,0.5095276673970379,0.47727168676438103,False,-1.0,False
5,45,450,0.7768754495128026,110.02479528899336,1526298,1526298,0.0292623065744697,0.0600184236630068,0.0876879875358547,0.1294616123456887,0.2181002661341363,0.5515307565313206,0.5405176334649742,0.5223204504425611,0.4776485291799381,0.46626802715111487,0.37472984370330337,0.4762968967883784,False,-1.0,False
5,45,300,0.776643858645917,109.97651882685165,1526968,1526968,0.0292985838603035,0.0600353118074511,0.0877339931157693,0.1295442995531013,0.2182298515751476,0.5513910578559078,0.540575548995285,0.5226956062358437,0.4778823031484898,0.4663910379572313,0.3747947203306335,0.4764678433334966,False,-1.0,False
5,45,150,0.7762610934540278,109.72250626101354,1530503,1530503,0.0295536826781783,0.0604579017486408,0.0882004151576311,0.1301624367936554,0.2189652682810814,0.5506551671903887,0.5382590751414629,0.5202496367859235,0.4759557046443849,0.4643622237297466,0.3731261720997321,0.47439056248025,False,-1.0,False
25,45,100,0.7336250897115149,100.3383786147942,1673643,1673643,0.0251863748720605,0.0528511755493853,0.0785053921296238,0.1172908439852465,0.200242823589021,0.5223723775132421,0.6854638684231336,0.6725609341745395,0.6266163824015512,0.6172543005442249,0.5301292158683422,0.6264049402823583,False,-1.0,False
5,45,100,0.7754128591468551,109.3121134659811,1536249,1536249,0.0299866753371361,0.0608924725093393,0.0887089267429954,0.1306526481058734,0.2195262616932541,0.5494631990834994,0.5347613041814918,0.5187282958908885,0.4747974327081583,0.4639441757962203,0.37306955118420354,0.47306015195219253,False,-1.0,False
5,45,50,0.7723639865465656,107.567574578968,1561164,1561164,0.0311549587359175,0.0628153096023223,0.0907201293393903,0.1330020420660481,0.2219042970501497,0.5443534950798136,0.5269858600318056,0.51045698141187,0.4695474285650384,0.45971840614672727,0.3716340828707125,0.46766855180523076,False,-1.0,False
5,30,450,0.7753107888808202,85.37732539606279,1966923,1966923,0.0434338304041388,0.0823860415481439,0.1187189330746551,0.1688479925243642,0.2582307492464117,0.4715940519634024,0.368760282593671,0.35198089943149474,0.2972161626599517,0.2870933128290962,0.24143388542299682,0.3092969085874421,False,-1.0,False
5,20,450,0.7770480716891169,61.80575516797316,2717071,2717071,0.056923061635121,0.1018508533637877,0.1351793898650421,0.1877326724255641,0.2705071012130342,0.3664138871898889,0.1982175891581619,0.19697213694606214,0.1958922270909339,0.19574534288108014,0.19581229780303916,0.19652791877585543,False,-1.0,False
5,15,450,0.7821966879592885,44.32570176380953,3788561,3788561,0.0501559827068905,0.0922542886335999,0.1215796710149315,0.1737002518898336,0.2446585920089448,0.24338741472064418,0.2706104968677183,0.26026513554611497,0.26521144326507556,0.24954287646579737,0.27261633568878996,0.26364925756669927,False,-1.0,False
5,10,450,0.7803357076104463,29.514566886371536,5689754,5689754,0.047932300763794,0.0833457826120426,0.1061218112417514,0.1472109338997784,0.2142059217322928,0.05233210501082295,0.3021669169174649,0.33353878290511896,0.3608656055242712,0.3764164826367079,0.3804316366576338,0.3506838849282394,False,-1.0,False
5,5,450,0.7638922016615785,27.05342600811616,6207370,6207370,0.0491673607340951,0.0849602971951083,0.1087244678503134,0.1509009451667936,0.2174835719475397,0.0029566952657064218,0.32285201526538876,0.35694862696154034,0.381397319056443,0.395261583763345,0.405217338610938,0.37233537673153105,False,-1.0,False
25,30,300,0.7181451059704793,80.76900046028491,2079147,2079147,0.0393791299989851,0.0756541023794854,0.1102331869752355,0.1578738780855803,0.2444540958383414,0.4540403101639698,0.5438684929729836,0.5292641524083972,0.47247971803981276,0.462956307372137,0.4133552063515266,0.48438477542897146,False,-1.0,False
25,30,200,0.7179001815060284,80.71891866949107,2080437,2080437,0.0394619015139607,0.0758009014452252,0.1103474894937938,0.1580105525906336,0.2446418709146203,0.453843390156354,0.5433808323774436,0.528659261217598,0.47233799622622563,0.46285818502214776,0.41325099449119307,0.4840974538669216,False,-1.0,False
25,30,150,0.7174227314476179,80.64282798693814,2082400,2082400,0.0395370726085286,0.0758730311179408,0.1104048213599692,0.1581060315021129,0.2447373223203995,0.4535439360086656,0.5434955160620352,0.5291428247416052,0.47304220959522775,0.4634594391656751,0.4139697051037074,0.48462193893365013,False,-1.0,False
25,30,100,0.7159272680030091,80.42173002095181,2088125,2088125,0.0397251122418437,0.0761372044298114,0.1106806345405567,0.1583549835378629,0.2450121520502843,0.4526719648995771,0.5444407804546322,0.530360298649326,0.474677737978529,0.46557497173121387,0.4163030893464908,0.48627137563203837,False,-1.0,False
25,30,50,0.7112969967323262,79.58608800739319,2110050,2110050,0.040293831899718,0.0769014952252316,0.111324850122035,0.1591502571029122,0.2458017582521741,0.449351231297292,0.5475342831865151,0.5345465963797529,0.4809844763321567,0.4720116864292668,0.4237366626418983,0.4917627409939179,False,-1.0,False
10,45,450,0.750784805959741,105.58872110672512,1590422,1590422,0.0266231226680717,0.0555229995560926,0.0821649851423081,0.1222920709094818,0.2078618127767347,0.5384703903672906,0.6301858585063277,0.6142871930991959,0.5674159321030156,0.5565506052297763,0.46665481467477715,0.5670188807226185,False,-1.0,False
15,5,450,0.6896766779178143,26.989471686232207,6222079,6222079,0.0488383384396115,0.0844041035158827,0.1081223816026765,0.150226957902656,0.2167135775678836,0.0015636600596351316,0.48918375890524773,0.5235339634285882,0.5472291862791049,0.5606507995335919,0.5701051666339094,0.5381405749560884,False,-1.0,False
15,10,450,0.7112753793878483,29.38058767954931,5715700,5715700,0.0472997183197158,0.082170162884686,0.1047992371887957,0.1456892419126266,0.2124278741011599,0.04983927847414571,0.46097975132099017,0.49366476202989057,0.5196949421472534,0.5344643622809511,0.5374824061169521,0.5092572447792074,False,-1.0,False
15,15,450,0.7153638164559042,43.98064183265524,3818285,3818285,0.0487912767119269,0.0901006603750113,0.1191228522753016,0.170727433913393,0.2412470520141896,0.2402096183952134,0.4336032181908102,0.42311856770355577,0.42589089145698034,0.40944808702267194,0.43036199828536986,0.42448455253187767,False,-1.0,False
25,45,50,0.726672488876251,98.84761113766449,1698884,1698884,0.0262201539363488,0.0544133678344136,0.0801914668688386,0.1193589438713885,0.2023016285985388,0.5176607137699807,0.6878861713694424,0.6756263514623359,0.6318278082213914,0.6228677132273776,0.5383164046354341,0.6313048897831963,False,-1.0,False
25,30,450,0.7182537974769124,80.79670800227478,2078434,2078434,0.039358478546829,0.075626168548051,0.1102031625733605,0.1578438381974121,0.2436339089910962,0.4541491952839277,0.5438861287775323,0.529243510690654,0.4724199649762421,0.4628579298269919,0.4159117842425977,0.4848638637028036,False,-1.0,False
25,20,450,0.6933423633133432,60.06878033966474,2795639,2795639,0.0540076884032595,0.0970969427740849,0.1295478421927867,0.1805587202067219,0.2617558990985603,0.35662771232131146,0.41726927945329745,0.41691631386326866,0.4122721520625515,0.4120177782149862,0.4086398953156224,0.41342308378194526,False,-1.0,False
25,15,450,0.6873638655914999,43.7272420250744,3840412,3840412,0.048315909855505,0.0893682761120421,0.118180028601098,0.1695292067621911,0.2398310389614447,0.23784984728608088,0.5006983763930062,0.4900270293986229,0.492695979795292,0.47622209151520184,0.4964050960740356,0.4912097146352316,False,-1.0,False
25,10,450,0.6809553754128597,29.30134787792413,5731157,5731157,0.0470601311393144,0.0817088067906707,0.1042461408752194,0.1450279585779974,0.2116693016785266,0.048355177871907865,0.5302329258164193,0.5635403268144034,0.5892635161954429,0.6038216467620963,0.6063582859687633,0.5786433403114251,False,-1.0,False
25,5,450,0.6569301884036567,26.951916214246477,6230749,6230749,0.0487151705196277,0.0841706189737381,0.1078653625751896,0.1499171287432698,0.2163478259194841,0.0007427940366213743,0.5623031019933428,0.5969445925576409,0.6203488111394229,0.6336839995330146,0.6429480416470014,0.6112457093740844,False,-1.0,False
20,45,450,0.7380238803215894,101.95669239708138,1647078,1647078,0.0248452107307607,0.0525724950488076,0.078250088945393,0.1171444218185174,0.2004470947945391,0.527414133070383,0.6800635945254104,0.6651083318552191,0.6185115096024849,0.6083156123960064,0.5198157998063364,0.6183629696370915,False,-1.0,False
20,45,300,0.7377420928836245,101.90441240276397,1647923,1647923,0.0248967943283757,0.0526869277265988,0.0783659187959631,0.1173070586429099,0.2006932362737822,0.5272524106529057,0.6800420539279618,0.6648354726906194,0.6184413356908528,0.6081777255504808,0.5195933418029918,0.6182179859325811,False,-1.0,False
20,45,200,0.7373906985395227,101.81457908046492,1649377,1649377,0.0250070178012667,0.0528538957436656,0.0785496584467953,0.1175049730898393,0.2009164672479366,0.5269743440141733,0.679447837143598,0.6643066865253189,0.6181209955262947,0.6080284796015141,0.5196011238710181,0.6179010245335487,False,-1.0,False
20,45,150,0.7364109824686613,101.67698589678308,1651609,1651609,0.0251445711424435,0.052969558775715,0.0787377642044818,0.1177784814686769,0.2012165106874568,0.5265480079654964,0.679889548704381,0.6655502185980893,0.6191485476657854,0.6089025401494237,0.5207209812519062,0.6188423672739172,False,-1.0,False
20,45,100,0.7349165249401096,101.2660622766176,1658311,1658311,0.0255042630724876,0.053451976137166,0.0792167452305387,0.1183463174277924,0.201769149453872,0.5252715948277512,0.6787107698916471,0.6650700869026236,0.6195781400763266,0.6095375240715133,0.5221057235830697,0.6190004489050361,False,-1.0,False
20,45,50,0.7289096524047382,99.75663878465228,1683403,1683403,0.0266685992599514,0.0551187089484811,0.0810625857266501,0.120537981695411,0.2041513529440068,0.5205415969149858,0.6774514807531474,0.6652556543685824,0.6217752420315447,0.612510353365776,0.5271234176180866,0.6208232296274273,False,-1.0,False
20,30,450,0.7224391104874365,81.34317459533217,2064471,2064471,0.0396614919754261,0.0762359945961943,0.1109456127017526,0.15884892546323,0.2449828551720997,0.45628802489527287,0.5309897357205519,0.5153553841672048,0.45887031189179583,0.4490475783151014,0.40216542492422325,0.47128568700377543,False,-1.0,False
20,20,450,0.702999971393766,60.32092675415138,2783953,2783953,0.0542710311560575,0.0975928832131864,0.1302001147289483,0.1813105321821165,0.2627609014951043,0.3580728504608572,0.39289865723913586,0.39194828598801834,0.38729217673640776,0.3874170037861699,0.38410067719402124,0.38873136018875065,False,-1.0,False
20,15,450,0.6992710029211135,43.831673479913405,3831262,3831262,0.0484837633134982,0.0896472232909156,0.1185572795595811,0.169988374587799,0.2403476974427747,0.23882506786736185,0.4725897609185468,0.4618263270117139,0.46442709870212256,0.448059654368783,0.4686112086884388,0.463102809937921,False,-1.0,False
20,10,450,0.6937961637894813,29.335781029726977,5724430,5724430,0.0471538651009794,0.0819131337093824,0.1045061255007048,0.1453154287850493,0.2119915869352931,0.04900098096568138,0.5009991910421976,0.5338779722698015,0.5596480872563165,0.5744138697170146,0.5771852592995113,0.5492248759169682,False,-1.0,False
20,5,450,0.6708442182337856,26.96817308129301,6226993,6226993,0.0487688038191146,0.0842608944638286,0.1079734632751313,0.1500412799564733,0.2165117256435008,0.0010983863879917809,0.5312185311786548,0.5658217027436998,0.5892867379384525,0.6026868391391307,0.6119680724133248,0.5801963766826526,False,-1.0,False
15,45,450,0.7415071000632892,103.29215215068676,1625783,1625783,0.025524931679074,0.0537802400443355,0.0798298419899826,0.119253307483225,0.2034066046944764,0.5315198858522954,0.6640456651173398,0.6481103886468631,0.6015360267603362,0.5909230942544225,0.5021176107086764,0.6013465570975276,False,-1.0,False
15,45,300,0.7412129504451516,103.23354373808176,1626706,1626706,0.0255547099475873,0.0538124283060368,0.0798872076453889,0.1192729356134421,0.2035032759453767,0.5313407097281555,0.6643206951578584,0.648503465335911,0.6018392723883738,0.5914752258935654,0.5024313979955055,0.6017140113542429,False,-1.0,False
15,45,200,0.7406852801948036,103.16638151084464,1627765,1627765,0.0256271636261991,0.0539125733751493,0.0800170786323578,0.1194509035395158,0.2037167527253627,0.5311352704063165,0.6645787708904172,0.6488791954381132,0.6022235044735749,0.5918038613552685,0.5028578198735543,0.6020686304061856,False,-1.0,False
15,45,150,0.7401282919563732,103.02991678737804,1629921,1629921,0.0257981828567151,0.0541971052584757,0.0803364089425193,0.1197904683723935,0.2040828972692541,0.5307174733185999,0.663682549983845,0.6478866364548115,0.601549321459534,0.5914474325755508,0.5028282324632561,0.6014788345873995,False,-1.0,False
15,45,100,0.738960539131332,102.66283213378092,1635749,1635749,0.0260767391574135,0.0545890598129664,0.0808204681769635,0.1204163964031156,0.2047905882870782,0.52959112969955,0.6627924060345285,0.6473949494899254,0.6012345201003488,0.5910987948205241,0.502970435041254,0.6010982210973161,False,-1.0,False
15,45,50,0.7330883731506733,101.11661092919996,1660762,1660762,0.027369364183429,0.0562807915884395,0.0825422306146214,0.1224323533414179,0.2068261436617649,0.5248061876566477,0.6596527793019789,0.6470917930784486,0.6038722424774732,0.594591683174202,0.5088745712961555,0.6028166138656517,False,-1.0,False
15,30,450,0.7299753285111064,82.10188702122282,2045393,2045393,0.040182986839204,0.0770526739849016,0.1120806612714524,0.1603041567072929,0.2470566781053812,0.45923063418858967,0.5080662213175167,0.49253393001752055,0.4356681676120496,0.42582394556316455,0.37862313940319475,0.4481430807826892,False,-1.0,False
15,20,450,0.7167031385185577,60.663647283006256,2768225,2768225,0.0546682440914304,0.0982499616180043,0.1309705677826043,0.1824559058602534,0.2641353213701921,0.36002348730395006,0.3580280283990878,0.35688327609883097,0.35276680251453724,0.35214647462006327,0.34945772550999515,0.35385646142850286,False,-1.0,False
55,45,450,0.7418839605772892,98.49026244422444,1705048,1705048,0.0235647324884695,0.0502132491284702,0.0752313131360524,0.1126566524813377,0.1960109040918496,0.5165213682398896,0.6874522896681831,0.6749962210223781,0.6279576001111613,0.6206812913405318,0.5264893901157401,0.6275153584515989,False,-1.0,False
